# Blender 4.2.0
# www.blender.org
mtllib collission.mtl
o Plane.001
v -1.187937 0.000000 -0.885776
v 1.177086 0.000000 -0.885776
v -1.187937 0.000000 -0.621702
v 1.177086 0.000000 -0.621702
s 0
f 2 3 1
f 2 4 3
o finish
v -18.233471 0.000000 -24.541658
v -15.868452 0.000000 -24.537704
v -18.233850 0.000000 -24.314575
v -15.868832 0.000000 -24.310621
s 0
f 6 7 5
f 6 8 7
o Plane.002
v 0.020450 0.000000 -1.411364
v 2.042608 0.000000 -1.411364
v 0.020450 0.000000 -1.185573
v 2.042608 0.000000 -1.185573
s 0
f 10 11 9
f 10 12 11
o Plane.003
v 1.983992 0.000000 -1.289903
v 2.569783 0.000000 -1.083670
v 1.960964 0.000000 -1.224495
v 2.546755 0.000000 -1.018262
s 0
f 14 15 13
f 14 16 15
o Plane.004
v 2.472255 0.000000 -1.124796
v 2.888547 0.000000 -0.663944
v 2.420797 0.000000 -1.078313
v 2.837090 0.000000 -0.617462
s 0
f 18 19 17
f 18 20 19
o Plane.005
v 2.804744 0.000000 -0.790514
v 3.067506 0.000000 -0.227807
v 2.741913 0.000000 -0.761174
v 3.004675 0.000000 -0.198467
s 0
f 22 23 21
f 22 24 23
o Plane.006
v 3.014781 0.000000 -0.449165
v 3.066305 0.000000 0.169728
v 2.945677 0.000000 -0.443412
v 2.997200 0.000000 0.175481
s 0
f 26 27 25
f 26 28 27
o Plane.007
v 3.060049 0.000000 0.035374
v 3.097113 0.000000 0.655301
v 2.990829 0.000000 0.039513
v 3.027894 0.000000 0.659440
s 0
f 30 31 29
f 30 32 31
o Plane.008
v 3.080921 0.000000 0.332320
v 3.063678 0.000000 0.953115
v 3.011604 0.000000 0.330395
v 2.994361 0.000000 0.951190
s 0
f 34 35 33
f 34 36 35
o Plane.009
v 3.070059 0.000000 0.662626
v 3.004549 0.000000 1.280195
v 3.001102 0.000000 0.655311
v 2.935592 0.000000 1.272880
s 0
f 38 39 37
f 38 40 39
o Plane.010
v 3.047904 0.000000 0.922158
v 2.982394 0.000000 1.539727
v 2.978947 0.000000 0.914843
v 2.913437 0.000000 1.532413
s 0
f 42 43 41
f 42 44 43
o Plane.011
v 3.096277 0.000000 1.305861
v 2.618133 0.000000 1.702172
v 3.052025 0.000000 1.252473
v 2.573882 0.000000 1.648784
s 0
f 46 47 45
f 46 48 47
o Plane.012
v 2.849404 0.000000 1.514753
v 2.371261 0.000000 1.911064
v 2.805153 0.000000 1.461365
v 2.327010 0.000000 1.857676
s 0
f 50 51 49
f 50 52 51
o Plane.013
v 2.378752 0.000000 1.889509
v 2.100050 0.000000 2.301428
v 2.332757 0.000000 1.858390
v 2.054056 0.000000 2.270308
s 0
f 54 55 53
f 54 56 55
o Plane.014
v 2.093951 0.000000 2.299186
v 1.993214 0.000000 2.786221
v 2.039570 0.000000 2.287938
v 1.938832 0.000000 2.774973
s 0
f 58 59 57
f 58 60 59
o Plane.015
v 1.993524 0.000000 2.788882
v 2.006854 0.000000 3.286048
v 1.938012 0.000000 2.790371
v 1.951342 0.000000 3.287536
s 0
f 62 63 61
f 62 64 63
o Plane.016
v 2.004021 0.000000 3.245983
v 2.135082 0.000000 3.725748
v 1.950452 0.000000 3.260617
v 2.081513 0.000000 3.740381
s 0
f 66 67 65
f 66 68 67
o Plane.017
v 2.129324 0.000000 3.728053
v 2.238962 0.000000 4.213162
v 2.075157 0.000000 3.740295
v 2.184796 0.000000 4.225404
s 0
f 70 71 69
f 70 72 71
o Plane.018
v 2.228231 0.000000 4.200610
v 2.337869 0.000000 4.685719
v 2.174065 0.000000 4.212852
v 2.283703 0.000000 4.697960
s 0
f 74 75 73
f 74 76 75
o Plane.019
v 2.335930 0.000000 4.681958
v 2.445568 0.000000 5.167067
v 2.281764 0.000000 4.694200
v 2.391402 0.000000 5.179308
s 0
f 78 79 77
f 78 80 79
o Plane.020
v 2.441431 0.000000 5.169900
v 2.551069 0.000000 5.655009
v 2.387264 0.000000 5.182142
v 2.496903 0.000000 5.667251
s 0
f 82 83 81
f 82 84 83
o Plane.021
v 2.546932 0.000000 5.653446
v 2.656570 0.000000 6.138555
v 2.492765 0.000000 5.665688
v 2.602404 0.000000 6.150797
s 0
f 86 87 85
f 86 88 87
o Plane.022
v 2.645384 0.000000 6.141018
v 2.903116 0.000000 6.566372
v 2.597890 0.000000 6.169796
v 2.855621 0.000000 6.595150
s 0
f 90 91 89
f 90 92 91
o Plane.023
v 2.886910 0.000000 6.542782
v 3.202137 0.000000 6.927467
v 2.843956 0.000000 6.577979
v 3.159184 0.000000 6.962665
s 0
f 94 95 93
f 94 96 95
o Plane.024
v 3.204231 0.000000 6.927360
v 3.532419 0.000000 7.301049
v 3.162505 0.000000 6.964005
v 3.490694 0.000000 7.337694
s 0
f 98 99 97
f 98 100 99
o Plane.025
v 3.529277 0.000000 7.306712
v 3.931535 0.000000 7.599183
v 3.496620 0.000000 7.351627
v 3.898879 0.000000 7.644098
s 0
f 102 103 101
f 102 104 103
o Plane.026
v 3.894379 0.000000 7.599765
v 4.360289 0.000000 7.773776
v 3.874950 0.000000 7.651788
v 4.340858 0.000000 7.825799
s 0
f 106 107 105
f 106 108 107
o Plane.027
v 4.361758 0.000000 7.779225
v 4.838723 0.000000 7.920135
v 4.346024 0.000000 7.832482
v 4.822989 0.000000 7.973392
s 0
f 110 111 109
f 110 112 111
o Plane.028
v 4.823566 0.000000 7.935033
v 5.317336 0.000000 7.994552
v 4.816920 0.000000 7.990166
v 5.310689 0.000000 8.049685
s 0
f 114 115 113
f 114 116 115
o Plane.029
v 5.312953 0.000000 7.997065
v 5.809914 0.000000 8.016564
v 5.310775 0.000000 8.052554
v 5.807737 0.000000 8.072054
s 0
f 118 119 117
f 118 120 119
o Plane.030
v 5.809916 0.000000 8.022315
v 6.307238 0.000000 8.017649
v 5.810436 0.000000 8.077845
v 6.307758 0.000000 8.073178
s 0
f 122 123 121
f 122 124 123
o Plane.031
v 6.257745 0.000000 8.014317
v 6.746280 0.000000 7.921126
v 6.268151 0.000000 8.068866
v 6.756686 0.000000 7.975676
s 0
f 126 127 125
f 126 128 127
o Plane.032
v 6.704429 0.000000 7.922906
v 7.124234 0.000000 7.656233
v 6.734205 0.000000 7.969781
v 7.154010 0.000000 7.703107
s 0
f 130 131 129
f 130 132 131
o Plane.033
v 7.115291 0.000000 7.672196
v 7.410596 0.000000 7.272013
v 7.159974 0.000000 7.705169
v 7.455279 0.000000 7.304986
s 0
f 134 135 133
f 134 136 135
o Plane.034
v 7.413204 0.000000 7.257105
v 7.691605 0.000000 6.844984
v 7.459220 0.000000 7.288191
v 7.737622 0.000000 6.876070
s 0
f 138 139 137
f 138 140 139
o Plane.035
v 7.655038 0.000000 6.880253
v 7.963944 0.000000 6.490473
v 7.698561 0.000000 6.914745
v 8.007466 0.000000 6.524965
s 0
f 142 143 141
f 142 144 143
o Plane.036
v 7.924066 0.000000 6.540012
v 8.232972 0.000000 6.150233
v 7.967588 0.000000 6.574504
v 8.276494 0.000000 6.184725
s 0
f 146 147 145
f 146 148 147
o Plane.037
v 8.226194 0.000000 6.174875
v 8.331546 0.000000 5.688817
v 8.280467 0.000000 6.186638
v 8.385818 0.000000 5.700580
s 0
f 150 151 149
f 150 152 151
o Plane.038
v 8.344291 0.000000 5.686188
v 8.397132 0.000000 5.191658
v 8.399508 0.000000 5.692088
v 8.452350 0.000000 5.197558
s 0
f 154 155 153
f 154 156 155
o Plane.039
v 8.391766 0.000000 5.208796
v 8.444607 0.000000 4.714267
v 8.446983 0.000000 5.214696
v 8.499825 0.000000 4.720167
s 0
f 158 159 157
f 158 160 159
o Plane.040
v 8.443475 0.000000 4.748648
v 8.482429 0.000000 4.252831
v 8.498837 0.000000 4.752997
v 8.537791 0.000000 4.257181
s 0
f 162 163 161
f 162 164 163
o Plane.041
v 8.472487 0.000000 4.265981
v 8.511441 0.000000 3.770164
v 8.527850 0.000000 4.270330
v 8.566804 0.000000 3.774514
s 0
f 166 167 165
f 166 168 167
o Plane.042
v 8.477762 0.000000 3.933653
v 8.516716 0.000000 3.437837
v 8.533125 0.000000 3.938002
v 8.572079 0.000000 3.442186
s 0
f 170 171 169
f 170 172 171
o Plane.043
v 8.524568 0.000000 3.471181
v 8.454470 0.000000 2.978801
v 8.579546 0.000000 3.463354
v 8.509448 0.000000 2.970974
s 0
f 174 175 173
f 174 176 175
o Plane.044
v 8.458380 0.000000 2.997992
v 8.451532 0.000000 2.500695
v 8.513906 0.000000 2.997227
v 8.507059 0.000000 2.499930
s 0
f 178 179 177
f 178 180 179
o Plane.045
v 8.450467 0.000000 2.504775
v 8.443620 0.000000 2.007478
v 8.505994 0.000000 2.504010
v 8.499146 0.000000 2.006713
s 0
f 182 183 181
f 182 184 183
o Plane.046
v 8.458806 0.000000 2.106723
v 8.514752 0.000000 1.612535
v 8.513986 0.000000 2.112970
v 8.569932 0.000000 1.618782
s 0
f 186 187 185
f 186 188 187
o Plane.047
v 8.528410 0.000000 1.635203
v 8.550351 0.000000 1.138343
v 8.583888 0.000000 1.637653
v 8.605829 0.000000 1.140793
s 0
f 190 191 189
f 190 192 191
o Plane.048
v 8.537906 0.000000 1.143506
v 8.636864 0.000000 0.656107
v 8.592327 0.000000 1.154556
v 8.691285 0.000000 0.667156
s 0
f 194 195 193
f 194 196 195
o Plane.049
v 8.635494 0.000000 0.695127
v 8.734452 0.000000 0.207728
v 8.689916 0.000000 0.706177
v 8.788874 0.000000 0.218777
s 0
f 198 199 197
f 198 200 199
o Plane.050
v 8.711484 0.000000 0.228162
v 8.909888 0.000000 -0.227894
v 8.762406 0.000000 0.250315
v 8.960811 0.000000 -0.205741
s 0
f 202 203 201
f 202 204 203
o Plane.051
v 8.904023 0.000000 -0.209667
v 9.102427 0.000000 -0.665723
v 8.954946 0.000000 -0.187514
v 9.153350 0.000000 -0.643570
s 0
f 206 207 205
f 206 208 207
o Plane.052
v 9.080411 0.000000 -0.627229
v 9.148783 0.000000 -1.119851
v 9.135416 0.000000 -0.619595
v 9.203788 0.000000 -1.112216
s 0
f 210 211 209
f 210 212 211
o Plane.053
v 9.128961 0.004650 -1.100396
v 9.294315 0.008918 -1.569427
v 9.179785 -0.008918 -1.082601
v 9.345140 -0.004650 -1.551633
s 0
f 214 215 213
f 214 216 215
o Plane.054
v 9.276662 0.004650 -1.564600
v 9.442017 0.008918 -2.033632
v 9.327486 -0.008918 -1.546806
v 9.492841 -0.004650 -2.015837
s 0
f 218 219 217
f 218 220 219
o Plane.055
v 9.386943 0.004650 -1.884313
v 9.659212 0.008918 -2.300488
v 9.432070 -0.008918 -1.854929
v 9.704339 -0.004650 -2.271105
s 0
f 222 223 221
f 222 224 223
o Plane.056
v 9.457674 0.009572 -2.050457
v 9.912958 0.018359 -2.967456
v 9.557072 -0.018359 -2.001374
v 10.012356 -0.009572 -2.918374
s 0
f 226 227 225
f 226 228 227
o Plane.057
v 9.898838 0.009572 -2.920059
v 10.351533 0.018359 -3.838339
v 9.998374 -0.018359 -2.871257
v 10.451069 -0.009572 -3.789537
s 0
f 230 231 229
f 230 232 231
o Plane.058
v 10.324121 0.009572 -3.778500
v 10.776815 0.018359 -4.696780
v 10.423656 -0.018359 -3.729698
v 10.876351 -0.009572 -4.647978
s 0
f 234 235 233
f 234 236 235
o Plane.059
v 10.541319 0.009572 -4.177549
v 11.163464 0.018359 -4.990634
v 10.629503 -0.018359 -4.110375
v 11.251648 -0.009572 -4.923460
s 0
f 238 239 237
f 238 240 239
o Plane.060
v 11.152595 0.009572 -4.921140
v 11.843676 0.018359 -5.676506
v 11.234547 -0.018359 -4.846488
v 11.925628 -0.009572 -5.601854
s 0
f 242 243 241
f 242 244 243
o Plane.061
v 11.795208 0.009572 -5.650771
v 12.621055 0.018359 -6.255873
v 11.860921 -0.018359 -5.561491
v 12.686768 -0.009572 -6.166594
s 0
f 246 247 245
f 246 248 247
o Plane.062
v 12.491384 0.009572 -6.158655
v 13.420486 0.018359 -6.588701
v 12.538166 -0.018359 -6.058155
v 13.467269 -0.009572 -6.488201
s 0
f 250 251 249
f 250 252 251
o Plane.063
v 13.325244 0.009572 -6.603277
v 14.328279 0.018359 -6.808437
v 13.347692 -0.018359 -6.494719
v 14.350728 -0.009572 -6.699879
s 0
f 254 255 253
f 254 256 255
o Plane.064
v 14.238596 0.009572 -6.811106
v 15.241632 0.018359 -7.016266
v 14.261045 -0.018359 -6.702547
v 15.264080 -0.009572 -6.907707
s 0
f 258 259 257
f 258 260 259
o Plane.065
v 15.201470 0.009572 -7.025648
v 16.225241 0.018359 -7.033719
v 15.202583 -0.018359 -6.914799
v 16.226355 -0.009572 -6.922870
s 0
f 262 263 261
f 262 264 263
o Plane.066
v 16.202330 0.009572 -7.025648
v 17.226099 0.018359 -7.033719
v 16.203444 -0.018359 -6.914799
v 17.227213 -0.009572 -6.922870
s 0
f 266 267 265
f 266 268 267
o Plane.067
v 17.134989 0.009572 -7.052165
v 18.153128 0.018359 -7.159707
v 17.146872 -0.018359 -6.941948
v 18.165010 -0.009572 -7.049490
s 0
f 270 271 269
f 270 272 271
o Plane.068
v 18.079897 0.009572 -7.206462
v 19.073359 0.018359 -6.959067
v 18.053343 -0.018359 -7.098835
v 19.046804 -0.009572 -6.851439
s 0
f 274 275 273
f 274 276 275
o Plane.069
v 18.857403 0.009572 -7.043854
v 19.689972 0.018359 -6.448035
v 18.793083 -0.018359 -6.953566
v 19.625652 -0.009572 -6.357747
s 0
f 278 279 277
f 278 280 279
o Plane.070
v 19.668270 0.009572 -6.450290
v 20.469646 0.018359 -5.813137
v 19.599468 -0.018359 -6.363369
v 20.400845 -0.009572 -5.726216
s 0
f 282 283 281
f 282 284 283
o Plane.071
v 20.442539 0.009572 -5.835125
v 21.257645 0.018359 -5.215628
v 20.375652 -0.018359 -5.746722
v 21.190758 -0.009572 -5.127225
s 0
f 286 287 285
f 286 288 287
o Plane.072
v 21.235569 0.009572 -5.233516
v 22.050674 0.018359 -4.614019
v 21.168682 -0.018359 -5.145113
v 21.983788 -0.009572 -4.525616
s 0
f 290 291 289
f 290 292 291
o Plane.073
v 22.017660 0.009572 -4.615500
v 22.832766 0.018359 -3.996003
v 21.950773 -0.018359 -4.527097
v 22.765879 -0.009572 -3.907600
s 0
f 294 295 293
f 294 296 295
o Plane.074
v 22.517509 0.009572 -4.298656
v 22.894066 0.018359 -3.346618
v 22.414513 -0.018359 -4.257661
v 22.791069 -0.009572 -3.305623
s 0
f 298 299 297
f 298 300 299
o Plane.075
v 22.831642 0.009572 -3.453845
v 23.140415 0.018359 -2.477715
v 22.726021 -0.018359 -3.420182
v 23.034794 -0.009572 -2.444053
s 0
f 302 303 301
f 302 304 303
o Plane.076
v 22.990248 0.009572 -2.671753
v 23.299021 0.018359 -1.695623
v 22.884626 -0.018359 -2.638091
v 23.193399 -0.009572 -1.661961
s 0
f 306 307 305
f 306 308 307
o Plane.077
v 22.904844 0.003914 -3.024208
v 22.941103 0.007506 -2.607200
v 22.859701 -0.007506 -3.020184
v 22.895960 -0.003914 -2.603177
s 0
f 310 311 309
f 310 312 311
o Plane.078
v 23.239279 0.009572 -2.027562
v 23.305767 0.018359 -1.005921
v 23.128674 -0.018359 -2.020124
v 23.195162 -0.009572 -0.998483
s 0
f 314 315 313
f 314 316 315
o Plane.079
v 23.312843 0.009572 -1.517231
v 23.058111 0.018359 -0.525625
v 23.205416 -0.018359 -1.544581
v 22.950684 -0.009572 -0.552975
s 0
f 318 319 317
f 318 320 319
o Plane.080
v 23.062725 0.009572 -0.552703
v 23.052120 0.018359 0.471045
v 22.951874 -0.018359 -0.553611
v 22.941269 -0.009572 0.470136
s 0
f 322 323 321
f 322 324 323
o Plane.081
v 23.083065 0.009572 0.384267
v 22.753780 0.018359 1.353670
v 22.978024 -0.018359 0.348840
v 22.648739 -0.009572 1.318243
s 0
f 326 327 325
f 326 328 327
o Plane.082
v 22.785553 0.009572 1.286301
v 22.456268 0.018359 2.255704
v 22.680511 -0.018359 1.250873
v 22.351227 -0.009572 2.220277
s 0
f 330 331 329
f 330 332 331
o Plane.083
v 22.453224 0.009572 2.232645
v 22.123940 0.018359 3.202048
v 22.348183 -0.018359 2.197217
v 22.018898 -0.009572 3.166621
s 0
f 334 335 333
f 334 336 335
o Plane.084
v 22.147224 0.009572 3.127853
v 22.029924 0.018359 4.144913
v 22.037073 -0.018359 3.115390
v 21.919773 -0.009572 4.132451
s 0
f 338 339 337
f 338 340 339
o Plane.085
v 22.034403 0.009572 4.079297
v 22.054804 0.018359 5.102896
v 21.923574 -0.018359 4.081746
v 21.943975 -0.009572 5.105345
s 0
f 342 343 341
f 342 344 343
o Plane.086
v 22.081879 0.009572 5.095272
v 22.102280 0.018359 6.118871
v 21.971050 -0.018359 5.097720
v 21.991451 -0.009572 6.121319
s 0
f 346 347 345
f 346 348 347
o Plane.087
v 22.116693 0.009572 5.759928
v 22.137094 0.018359 6.783527
v 22.005865 -0.018359 5.762377
v 22.026266 -0.009572 6.785976
s 0
f 350 351 349
f 350 352 351
o Plane.088
v 22.121161 0.009572 6.717083
v 22.766071 0.018359 7.512232
v 22.035213 -0.018359 6.787099
v 22.680124 -0.009572 7.582248
s 0
f 354 355 353
f 354 356 355
o Plane.089
v 22.705790 0.004964 7.512853
v 23.178652 0.009522 7.754361
v 22.679750 -0.009522 7.564110
v 23.152613 -0.004964 7.805618
s 0
f 358 359 357
f 358 360 359
o Plane.090
v 23.161791 0.004964 7.772278
v 23.682543 0.009522 7.875916
v 23.150690 -0.009522 7.828689
v 23.671442 -0.004964 7.932327
s 0
f 362 363 361
f 362 364 363
o Plane.091
v 23.648193 0.004964 7.872302
v 24.179146 0.009522 7.876093
v 23.647907 -0.009522 7.929793
v 24.178860 -0.004964 7.933585
s 0
f 366 367 365
f 366 368 367
o Plane.092
v 24.140549 0.004964 7.882273
v 24.664663 0.009522 7.797253
v 24.149878 -0.009522 7.939003
v 24.673992 -0.004964 7.853983
s 0
f 370 371 369
f 370 372 371
o Plane.093
v 24.623831 0.004964 7.813076
v 25.119488 0.009522 7.622684
v 24.644562 -0.009522 7.866700
v 25.140219 -0.004964 7.676307
s 0
f 374 375 373
f 374 376 375
o Plane.094
v 25.095726 0.004964 7.638358
v 25.546738 0.009522 7.358156
v 25.126171 -0.009522 7.687127
v 25.577183 -0.004964 7.406925
s 0
f 378 379 377
f 378 380 379
o Plane.095
v 25.407928 0.004964 7.439810
v 25.826635 0.009522 7.113299
v 25.443380 -0.009522 7.485070
v 25.862087 -0.004964 7.158560
s 0
f 382 383 381
f 382 384 383
o Plane.096
v 25.793419 0.002847 7.171666
v 25.946249 0.005460 6.908354
v 25.821966 -0.005460 7.188153
v 25.974796 -0.002847 6.924841
s 0
f 386 387 385
f 386 388 387
o Plane.097
v 25.941015 0.002847 6.931246
v 25.996244 0.005460 6.631846
v 25.973448 -0.005460 6.937156
v 26.028677 -0.002847 6.637756
s 0
f 390 391 389
f 390 392 391
o Plane.098
v 25.997795 0.002847 6.641851
v 26.053024 0.005460 6.342452
v 26.030228 -0.005460 6.647761
v 26.085457 -0.002847 6.348361
s 0
f 394 395 393
f 394 396 395
o Plane.099
v 26.025061 0.002847 6.472465
v 26.107016 0.005460 6.179252
v 26.056829 -0.005460 6.481270
v 26.138784 -0.002847 6.188057
s 0
f 398 399 397
f 398 400 399
o Plane.100
v 26.100157 0.002847 6.216039
v 26.182112 0.005460 5.922826
v 26.131926 -0.005460 6.224844
v 26.213881 -0.002847 5.931631
s 0
f 402 403 401
f 402 404 403
o Plane.101
v 26.177084 0.002847 5.933970
v 26.259039 0.005460 5.640757
v 26.208853 -0.005460 5.942775
v 26.290808 -0.002847 5.649562
s 0
f 406 407 405
f 406 408 407
o Plane.102
v 26.251558 0.002847 5.673340
v 26.315977 0.005460 5.375782
v 26.283792 -0.005460 5.680245
v 26.348211 -0.002847 5.382688
s 0
f 410 411 409
f 410 412 411
o Plane.103
v 26.310207 0.002847 5.397736
v 26.333986 0.005460 5.094215
v 26.343077 -0.005460 5.400239
v 26.366856 -0.002847 5.096718
s 0
f 414 415 413
f 414 416 415
o Plane.104
v 26.334019 0.002847 5.106509
v 26.357798 0.005460 4.802988
v 26.366888 -0.005460 5.109013
v 26.390667 -0.002847 4.805491
s 0
f 418 419 417
f 418 420 419
o Plane.105
v 26.356157 0.002847 4.824746
v 26.285202 0.005460 4.528679
v 26.388199 -0.005460 4.816994
v 26.317244 -0.002847 4.520926
s 0
f 422 423 421
f 422 424 423
o Plane.106
v 26.291843 0.002847 4.546020
v 26.203501 0.005460 4.254668
v 26.323370 -0.005460 4.536386
v 26.235027 -0.002847 4.245034
s 0
f 426 427 425
f 426 428 427
o Plane.107
v 26.169001 0.008805 4.382467
v 25.895742 0.016887 3.481280
v 26.266516 -0.016887 4.352668
v 25.993258 -0.008805 3.451481
s 0
f 430 431 429
f 430 432 431
o Plane.108
v 25.987598 0.008805 3.888907
v 25.846004 0.016887 2.957908
v 26.088371 -0.016887 3.873358
v 25.946777 -0.008805 2.942359
s 0
f 434 435 433
f 434 436 435
o Plane.109
v 25.877455 0.008805 3.091319
v 25.735861 0.016887 2.160320
v 25.978228 -0.016887 3.075770
v 25.836634 -0.008805 2.144771
s 0
f 438 439 437
f 438 440 439
o Plane.110
v 25.768110 0.008805 2.403980
v 25.620409 0.016887 1.473930
v 25.868780 -0.016887 2.387769
v 25.721079 -0.008805 1.457719
s 0
f 442 443 441
f 442 444 443
o Plane.111
v 25.653973 0.008805 1.596694
v 25.363117 0.016887 0.701033
v 25.750885 -0.016887 1.564991
v 25.460030 -0.008805 0.669330
s 0
f 446 447 445
f 446 448 447
o Plane.112
v 24.834467 0.063715 1.038304
v 24.835611 0.122204 -5.776372
v 25.572344 -0.122204 1.036832
v 25.573488 -0.063715 -5.777843
s 0
f 450 451 449
f 450 452 451
o Plane.113
v 25.616470 0.013814 -7.131275
v 25.554152 0.026496 -5.655078
v 25.456617 -0.026496 -7.137677
v 25.394299 -0.013814 -5.661480
s 0
f 454 455 453
f 454 456 455
o Plane.114
v 25.732841 0.013814 -7.375085
v 25.496675 0.026496 -5.916570
v 25.574862 -0.026496 -7.400315
v 25.338696 -0.013814 -5.941800
s 0
f 458 459 457
f 458 460 459
o Plane.115
v 25.786514 0.013814 -8.794949
v 25.725945 0.026496 -7.318678
v 25.626652 -0.026496 -8.801161
v 25.566082 -0.013814 -7.324891
s 0
f 462 463 461
f 462 464 463
o Plane.116
v 26.120649 0.013814 -9.251634
v 25.586319 0.026496 -7.874124
v 25.971371 -0.026496 -9.309167
v 25.437040 -0.013814 -7.931657
s 0
f 466 467 465
f 466 468 467
o Plane.117
v 26.872293 0.013814 -10.315261
v 26.049000 0.026496 -9.088383
v 26.739258 -0.026496 -10.404118
v 25.915964 -0.013814 -9.177239
s 0
f 470 471 469
f 470 472 471
o Plane.118
v 27.629147 0.013814 -11.030879
v 26.561256 0.026496 -10.009775
v 27.518333 -0.026496 -11.146269
v 26.450443 -0.013814 -10.125165
s 0
f 474 475 473
f 474 476 475
o Plane.119
v 28.502310 0.013814 -12.208920
v 27.628284 0.026496 -11.017651
v 28.373116 -0.026496 -12.303278
v 27.499090 -0.013814 -11.112009
s 0
f 478 479 477
f 478 480 479
o Plane.120
v 29.085144 0.013814 -12.484635
v 27.883116 0.026496 -11.625468
v 28.991835 -0.026496 -12.614587
v 27.789806 -0.013814 -11.755420
s 0
f 482 483 481
f 482 484 483
o Plane.121
v 29.705259 0.013814 -12.589007
v 28.329899 0.026496 -12.049170
v 29.646484 -0.026496 -12.737803
v 28.271124 -0.013814 -12.197965
s 0
f 486 487 485
f 486 488 487
o Plane.122
v 30.819811 0.013814 -13.252558
v 29.548592 0.026496 -12.499533
v 30.737976 -0.026496 -13.390026
v 29.466757 -0.013814 -12.637001
s 0
f 490 491 489
f 490 492 491
o Plane.123
v 31.501760 0.013814 -13.304650
v 30.072784 0.026496 -12.929058
v 31.460758 -0.026496 -13.459290
v 30.031782 -0.013814 -13.083697
s 0
f 494 495 493
f 494 496 495
o Plane.124
v 32.068558 0.013814 -13.190020
v 30.595243 0.026496 -13.301296
v 32.080265 -0.026496 -13.349573
v 30.606947 -0.013814 -13.460850
s 0
f 498 499 497
f 498 500 499
o Plane.125
v 33.359715 0.013814 -13.404727
v 31.901445 0.026496 -13.167056
v 33.333641 -0.026496 -13.562570
v 31.875368 -0.013814 -13.324899
s 0
f 502 503 501
f 502 504 503
o Plane.126
v 34.457420 0.013814 -12.983750
v 33.025532 0.026496 -13.348068
v 34.496532 -0.026496 -13.138878
v 33.064644 -0.013814 -13.503196
s 0
f 506 507 505
f 506 508 507
o Plane.128
v 37.942986 0.035876 -11.976224
v 34.256531 0.068810 -13.041097
v 38.057426 -0.068810 -12.375634
v 34.370972 -0.035876 -13.440507
s 0
f 510 511 509
f 510 512 511
o Plane.127
v 38.718563 0.013814 -11.537214
v 37.448280 0.026496 -12.291813
v 38.799973 -0.026496 -11.674934
v 37.529690 -0.013814 -12.429533
s 0
f 514 515 513
f 514 516 515
o Plane.129
v 39.765720 0.013814 -10.735390
v 38.588936 0.026496 -11.628822
v 39.862183 -0.026496 -10.863018
v 38.685398 -0.013814 -11.756451
s 0
f 518 519 517
f 518 520 519
o Plane.130
v 40.600437 0.023256 -9.405119
v 39.086460 0.044605 -11.378706
v 40.813778 -0.044605 -9.569511
v 39.299801 -0.023256 -11.543098
s 0
f 522 523 521
f 522 524 523
o Plane.131
v 40.444172 0.023256 -7.711701
v 40.274239 0.044605 -10.193295
v 40.712837 -0.044605 -7.730682
v 40.542904 -0.023256 -10.212276
s 0
f 526 527 525
f 526 528 527
o Plane.132
v 39.968803 0.023256 -6.676602
v 40.422585 0.044605 -9.122265
v 40.233719 -0.044605 -6.628041
v 40.687500 -0.023256 -9.073703
s 0
f 530 531 529
f 530 532 531
o Plane.133
v 39.221710 0.023256 -6.325814
v 40.477238 0.044605 -8.473098
v 39.454510 -0.044605 -6.190372
v 40.710037 -0.023256 -8.337655
s 0
f 534 535 533
f 534 536 535
o Plane.134
v 38.238506 0.023256 -5.439425
v 39.849525 0.044605 -7.334626
v 38.444092 -0.044605 -5.265430
v 40.055111 -0.023256 -7.160631
s 0
f 538 539 537
f 538 540 539
o Plane.135
v 36.962654 0.023256 -3.943056
v 38.573673 0.044605 -5.838257
v 37.168240 -0.044605 -3.769062
v 38.779259 -0.023256 -5.664263
s 0
f 542 543 541
f 542 544 543
o Plane.136
v 36.021046 0.023256 -3.226907
v 37.799507 0.044605 -4.965945
v 36.209763 -0.044605 -3.034746
v 37.988224 -0.023256 -4.773785
s 0
f 546 547 545
f 546 548 547
o Plane.137
v 35.299553 0.057225 -2.463133
v 36.144852 0.067867 -3.370201
v 35.663490 -0.067867 -2.125446
v 36.508789 -0.057225 -3.032514
s 0
f 550 551 549
f 550 552 551
o Plane.138
v 34.670490 0.057225 -1.369654
v 35.266293 0.067867 -2.457003
v 35.106396 -0.067867 -1.132027
v 35.702198 -0.057225 -2.219376
s 0
f 554 555 553
f 554 556 555
o Plane.139
v 34.364616 0.057225 -0.150598
v 34.651253 0.067867 -1.356892
v 34.847885 -0.067867 -0.036868
v 35.134521 -0.057225 -1.243162
s 0
f 558 559 557
f 558 560 559
o Plane.140
v 34.166660 0.057225 1.066587
v 34.371712 0.067867 -0.156222
v 34.656471 -0.067867 1.147633
v 34.861523 -0.057225 -0.075176
s 0
f 562 563 561
f 562 564 563
o Plane.141
v 34.003345 0.057225 2.232586
v 34.208397 0.067867 1.009778
v 34.493156 -0.067867 2.313632
v 34.698208 -0.057225 1.090824
s 0
f 566 567 565
f 566 568 567
o Plane.142
v 34.089844 0.057225 3.398271
v 34.032269 0.067867 2.159726
v 34.585728 -0.067867 3.374145
v 34.528152 -0.057225 2.135601
s 0
f 570 571 569
f 570 572 571
o Plane.143
v 34.349514 0.057225 4.576029
v 34.094303 0.067867 3.362698
v 34.835133 -0.067867 4.472788
v 34.579922 -0.057225 3.259456
s 0
f 574 575 573
f 574 576 575
o Plane.144
v 34.581196 0.057225 5.647078
v 34.325985 0.067867 4.433746
v 35.066814 -0.067867 5.543837
v 34.811604 -0.057225 4.330505
s 0
f 578 579 577
f 578 580 579
o Plane.145
v 34.924835 0.057225 6.782028
v 34.576672 0.067867 5.592034
v 35.401028 -0.067867 6.641587
v 35.052864 -0.057225 5.451592
s 0
f 582 583 581
f 582 584 583
o Plane.146
v 35.259064 0.057225 7.925240
v 34.910900 0.067867 6.735245
v 35.735256 -0.067867 7.784798
v 35.387093 -0.057225 6.594804
s 0
f 586 587 585
f 586 588 587
o Plane.147
v 35.495857 0.057225 8.994329
v 35.227905 0.067867 7.783747
v 35.980362 -0.067867 8.885990
v 35.712410 -0.057225 7.675407
s 0
f 590 591 589
f 590 592 591
o Plane.148
v 35.642544 0.057225 10.157542
v 35.469273 0.067867 8.929827
v 36.133991 -0.067867 10.087099
v 35.960720 -0.057225 8.859384
s 0
f 594 595 593
f 594 596 595
o Plane.149
v 35.805859 0.057225 11.338734
v 35.632587 0.067867 10.111018
v 36.297306 -0.067867 11.268291
v 36.124035 -0.057225 10.040575
s 0
f 598 599 597
f 598 600 599
o Plane.150
v 35.863579 0.057225 12.483249
v 35.783642 0.067867 11.245947
v 36.358944 -0.067867 12.450169
v 36.279007 -0.057225 11.212867
s 0
f 602 603 601
f 602 604 603
o Plane.151
v 35.950211 0.057225 13.688219
v 35.870274 0.067867 12.450916
v 36.445576 -0.067867 13.655140
v 36.365639 -0.057225 12.417837
s 0
f 606 607 605
f 606 608 607
o Plane.152
v 35.902908 0.057225 14.828466
v 35.916492 0.067867 13.588659
v 36.399357 -0.067867 14.832832
v 36.412941 -0.057225 13.593025
s 0
f 610 611 609
f 610 612 611
o Plane.153
v 35.871407 0.057225 16.033438
v 35.884991 0.067867 14.793630
v 36.367855 -0.067867 16.037804
v 36.381439 -0.057225 14.797996
s 0
f 614 615 613
f 614 616 615
o Plane.154
v 36.055660 0.057225 17.146027
v 35.864346 0.067867 15.920994
v 36.546017 -0.067867 17.068359
v 36.354702 -0.057225 15.843327
s 0
f 618 619 617
f 618 620 619
o Plane.155
v 36.479362 0.057225 18.251717
v 36.065029 0.067867 17.083113
v 36.946934 -0.067867 18.084799
v 36.532600 -0.057225 16.916195
s 0
f 622 623 621
f 622 624 623
o Plane.156
v 37.026779 0.039297 18.893736
v 36.473866 0.046604 18.246271
v 37.285557 -0.046604 18.671778
v 36.732643 -0.039297 18.024313
s 0
f 626 627 625
f 626 628 627
o Plane.157
v 37.555054 0.027088 19.119720
v 37.019886 0.032125 18.878784
v 37.651066 -0.032125 18.905220
v 37.115898 -0.027088 18.664284
s 0
f 630 631 629
f 630 632 631
o Plane.158
v 38.140347 0.027088 19.194784
v 37.558239 0.032125 19.119884
v 38.169834 -0.032125 18.961636
v 37.587727 -0.027088 18.886736
s 0
f 634 635 633
f 634 636 635
o Plane.159
v 38.685577 0.027088 19.218870
v 38.099598 0.032125 19.185938
v 38.698254 -0.032125 18.984205
v 38.112274 -0.027088 18.951273
s 0
f 638 639 637
f 638 640 639
o Plane.160
v 39.563915 0.035781 19.036726
v 38.813316 0.042435 19.230701
v 39.485596 -0.042435 18.736343
v 38.734997 -0.035781 18.930319
s 0
f 642 643 641
f 642 644 643
o Plane.161
v 40.106827 0.031114 18.672937
v 39.545048 0.036899 19.045563
v 39.957134 -0.036899 18.448315
v 39.395355 -0.031114 18.820940
s 0
f 646 647 645
f 646 648 647
o Plane.162
v 38.835850 0.015589 19.224100
v 38.498516 0.018488 19.207117
v 38.842358 -0.018488 19.089010
v 38.505024 -0.015589 19.072027
s 0
f 650 651 649
f 650 652 651
o Plane.163
v 40.426254 0.024354 18.314909
v 40.065742 0.028883 18.700235
v 40.271652 -0.028883 18.170889
v 39.911140 -0.024354 18.556215
s 0
f 654 655 653
f 654 656 655
o Plane.164
v 40.609810 0.018547 17.980003
v 40.418800 0.021996 18.333555
v 40.468079 -0.021996 17.903826
v 40.277069 -0.018547 18.257378
s 0
f 658 659 657
f 658 660 659
o Plane.165
v 40.663616 0.013798 17.697676
v 40.612316 0.016364 17.992191
v 40.545643 -0.016364 17.677387
v 40.494343 -0.013798 17.971903
s 0
f 662 663 661
f 662 664 663
o Plane.166
v 40.651356 0.015240 17.391691
v 40.667946 0.018074 17.721472
v 40.519318 -0.018074 17.398619
v 40.535908 -0.015240 17.728399
s 0
f 666 667 665
f 666 668 667
o Plane.167
v 40.615128 0.015240 17.113192
v 40.655693 0.018074 17.440889
v 40.483948 -0.018074 17.129717
v 40.524513 -0.015240 17.457415
s 0
f 670 671 669
f 670 672 671
o Plane.168
v 40.554768 0.015240 16.817274
v 40.619244 0.018074 17.141117
v 40.425152 -0.018074 16.843372
v 40.489628 -0.015240 17.167215
s 0
f 674 675 673
f 674 676 675
o Plane.169
v 40.496155 0.015240 16.535204
v 40.560631 0.018074 16.859047
v 40.366539 -0.018074 16.561302
v 40.431015 -0.015240 16.885145
s 0
f 678 679 677
f 678 680 679
o Plane.170
v 40.411083 0.015240 16.249739
v 40.493820 0.018074 16.569403
v 40.283157 -0.018074 16.283144
v 40.365894 -0.015240 16.602808
s 0
f 682 683 681
f 682 684 683
o Plane.171
v 40.140926 0.038033 15.577415
v 40.440075 0.045106 16.345242
v 39.833736 -0.045106 15.697865
v 40.132885 -0.038033 16.465691
s 0
f 686 687 685
f 686 688 687
o Plane.172
v 39.735031 0.038033 14.898209
v 40.146198 0.045106 15.612344
v 39.449436 -0.045106 15.063466
v 39.860603 -0.038033 15.777601
s 0
f 690 691 689
f 690 692 691
o Plane.173
v 39.368595 0.038033 14.247375
v 39.779762 0.045106 14.961511
v 39.083000 -0.045106 14.412633
v 39.494167 -0.038033 15.126768
s 0
f 694 695 693
f 694 696 695
o Plane.174
v 38.997440 0.038033 13.699614
v 39.451233 0.045106 14.387451
v 38.722412 -0.045106 13.881916
v 39.176205 -0.038033 14.569754
s 0
f 698 699 697
f 698 700 699
o Plane.175
v 38.481552 0.038033 13.161266
v 39.038025 0.045106 13.769039
v 38.238670 -0.045106 13.384613
v 38.795143 -0.038033 13.992386
s 0
f 702 703 701
f 702 704 703
o Plane.176
v 37.994797 0.038033 12.597940
v 38.551270 0.045106 13.205713
v 37.751915 -0.045106 12.821287
v 38.308388 -0.038033 13.429060
s 0
f 706 707 705
f 706 708 707
o Plane.177
v 37.529915 0.038033 12.127590
v 38.086388 0.045106 12.735363
v 37.287033 -0.045106 12.350937
v 37.843506 -0.038033 12.958710
s 0
f 710 711 709
f 710 712 711
o Plane.178
v 37.449543 0.038033 11.762266
v 37.832806 0.045106 12.491759
v 37.157772 -0.045106 11.916362
v 37.541035 -0.038033 12.645855
s 0
f 714 715 713
f 714 716 715
o Plane.179
v 37.104984 0.038033 11.067679
v 37.488247 0.045106 11.797173
v 36.813213 -0.045106 11.221775
v 37.196476 -0.038033 11.951268
s 0
f 718 719 717
f 718 720 719
o Plane.180
v 36.861759 0.038033 10.376245
v 37.156849 0.045106 11.145642
v 36.553936 -0.045106 10.495070
v 36.849026 -0.038033 11.264467
s 0
f 722 723 721
f 722 724 723
o Plane.181
v 36.681152 0.038033 9.743495
v 36.918774 0.045106 10.532536
v 36.365414 -0.045106 9.839327
v 36.603035 -0.038033 10.628367
s 0
f 726 727 725
f 726 728 727
o Plane.182
v 36.555511 0.038033 9.162451
v 36.733482 0.045106 9.967047
v 36.233490 -0.045106 9.234409
v 36.411461 -0.038033 10.039005
s 0
f 730 731 729
f 730 732 731
o Plane.183
v 36.452137 0.038033 8.547557
v 36.598759 0.045106 9.358452
v 36.127567 -0.045106 8.606968
v 36.274189 -0.038033 9.417863
s 0
f 734 735 733
f 734 736 735
o Plane.184
v 36.375568 0.038033 8.049861
v 36.522190 0.045106 8.860756
v 36.050999 -0.045106 8.109272
v 36.197620 -0.038033 8.920167
s 0
f 738 739 737
f 738 740 739
o Plane.185
v 36.170921 0.038033 7.359855
v 36.391808 0.045106 8.153744
v 35.853226 -0.045106 7.448988
v 36.074112 -0.038033 8.242877
s 0
f 742 743 741
f 742 744 743
o Plane.186
v 35.968563 0.038033 6.616046
v 36.189449 0.045106 7.409935
v 35.650867 -0.045106 6.705179
v 35.871754 -0.038033 7.499067
s 0
f 746 747 745
f 746 748 747
o Plane.187
v 35.766205 0.038033 5.888644
v 35.987091 0.045106 6.682533
v 35.448509 -0.045106 5.977777
v 35.669395 -0.038033 6.771666
s 0
f 750 751 749
f 750 752 751
o Plane.188
v 35.563847 0.038033 5.144835
v 35.784733 0.045106 5.938724
v 35.246151 -0.045106 5.233968
v 35.467037 -0.038033 6.027856
s 0
f 754 755 753
f 754 756 755
o Plane.189
v 35.345078 0.038033 4.406495
v 35.565964 0.045106 5.200383
v 35.027382 -0.045106 4.495627
v 35.248268 -0.038033 5.289516
s 0
f 758 759 757
f 758 760 759
o Plane.190
v 35.211967 0.038033 3.640872
v 35.366280 0.045106 4.450340
v 34.887978 -0.045106 3.703361
v 35.042290 -0.038033 4.512828
s 0
f 762 763 761
f 762 764 763
o Plane.191
v 35.102688 0.038033 2.918328
v 35.215790 0.045106 3.734574
v 34.775948 -0.045106 2.964323
v 34.889050 -0.038033 3.780569
s 0
f 766 767 765
f 766 768 767
o Plane.192
v 34.973026 0.038033 2.176587
v 35.113979 0.045106 2.988486
v 34.648052 -0.045106 2.233731
v 34.789005 -0.038033 3.045630
s 0
f 770 771 769
f 770 772 771
o Plane.193
v 34.826595 0.038033 1.399088
v 34.975437 0.045106 2.209579
v 34.502193 -0.045106 1.459389
v 34.651035 -0.038033 2.269879
s 0
f 774 775 773
f 774 776 775
o Plane.194
v 34.904751 0.038033 0.886508
v 34.902843 0.045106 1.710550
v 34.574787 -0.045106 0.886457
v 34.572880 -0.038033 1.710500
s 0
f 778 779 777
f 778 780 779
o Plane.195
v 35.033405 0.038033 0.232136
v 34.889568 0.045106 1.043529
v 34.708385 -0.045106 0.175243
v 34.564548 -0.038033 0.986636
s 0
f 782 783 781
f 782 784 783
o Plane.196
v 35.278969 0.038033 -0.325614
v 34.990616 0.045106 0.446332
v 34.969620 -0.045106 -0.440407
v 34.681267 -0.038033 0.331539
s 0
f 786 787 785
f 786 788 787
o Plane.197
v 35.638039 0.038033 -0.943001
v 35.228779 0.045106 -0.227770
v 35.351292 -0.045106 -1.106256
v 34.942032 -0.038033 -0.391024
s 0
f 790 791 789
f 790 792 791
o Plane.198
v 36.171272 0.038033 -1.436967
v 35.560665 0.045106 -0.883608
v 35.949169 -0.045106 -1.680985
v 35.338562 -0.038033 -1.127626
s 0
f 794 795 793
f 794 796 795
o Plane.199
v 36.731213 0.038033 -1.976083
v 36.154034 0.045106 -1.387938
v 36.495213 -0.045106 -2.206685
v 35.918034 -0.038033 -1.618540
s 0
f 798 799 797
f 798 800 799
o Plane.200
v 37.197937 0.038033 -2.560023
v 36.685497 0.045106 -1.914691
v 36.939091 -0.045106 -2.764654
v 36.426651 -0.038033 -2.119322
s 0
f 802 803 801
f 802 804 803
o Plane.201
v 37.690163 0.038033 -3.166191
v 37.177723 0.045106 -2.520859
v 37.431316 -0.045106 -3.370822
v 36.918877 -0.038033 -2.725490
s 0
f 806 807 805
f 806 808 807
o Plane.202
v 38.260197 0.038033 -3.697970
v 37.644112 0.045106 -3.150715
v 38.040535 -0.045106 -3.944187
v 37.424450 -0.038033 -3.396931
s 0
f 810 811 809
f 810 812 811
o Plane.203
v 38.850307 0.038033 -4.174571
v 38.208721 0.045106 -3.657446
v 38.642689 -0.045106 -4.431024
v 38.001102 -0.038033 -3.913900
s 0
f 814 815 813
f 814 816 815
o Plane.204
v 39.433689 0.038033 -4.630336
v 38.792103 0.045106 -4.113212
v 39.226070 -0.045106 -4.886790
v 38.584484 -0.038033 -4.369666
s 0
f 818 819 817
f 818 820 819
o Plane.205
v 40.074249 0.038033 -5.074105
v 39.402840 0.045106 -4.596344
v 39.882362 -0.045106 -5.342535
v 39.210953 -0.038033 -4.864774
s 0
f 822 823 821
f 822 824 823
o Plane.206
v 40.730553 0.038033 -5.484294
v 40.059143 0.045106 -5.006533
v 40.538666 -0.045106 -5.752725
v 39.867256 -0.038033 -5.274963
s 0
f 826 827 825
f 826 828 827
o Plane.207
v 41.336143 0.038033 -6.040234
v 40.737896 0.045106 -5.473535
v 41.108707 -0.045106 -6.279292
v 40.510460 -0.038033 -5.712593
s 0
f 830 831 829
f 830 832 831
o Plane.208
v 41.896736 0.038033 -6.582595
v 41.298489 0.045106 -6.015896
v 41.669300 -0.045106 -6.821653
v 41.071053 -0.038033 -6.254954
s 0
f 834 835 833
f 834 836 835
o Plane.209
v 42.377068 0.038033 -7.262978
v 41.911694 0.045106 -6.582923
v 42.104359 -0.045106 -7.448732
v 41.638985 -0.038033 -6.768678
s 0
f 838 839 837
f 838 840 839
o Plane.210
v 42.691936 0.038033 -8.025611
v 42.409077 0.045106 -7.251634
v 42.381779 -0.045106 -8.138202
v 42.098919 -0.038033 -7.364225
s 0
f 842 843 841
f 842 844 843
o Plane.213
v 42.741348 0.038033 -8.848028
v 42.669975 0.045106 -8.027081
v 42.412567 -0.045106 -8.875896
v 42.341194 -0.038033 -8.054949
s 0
f 846 847 845
f 846 848 847
o Plane.214
v 42.751110 0.038033 -9.623439
v 42.743423 0.045106 -8.799431
v 42.421158 -0.045106 -9.625803
v 42.413471 -0.038033 -8.801795
s 0
f 850 851 849
f 850 852 851
o Plane.215
v 42.711811 0.038033 -10.410837
v 42.745956 0.045106 -9.587501
v 42.382164 -0.045106 -10.396451
v 42.416309 -0.038033 -9.573114
s 0
f 854 855 853
f 854 856 855
o Plane.216
v 42.574226 0.038033 -11.171679
v 42.710938 0.045106 -10.359055
v 42.248955 -0.045106 -11.116236
v 42.385666 -0.038033 -10.303611
s 0
f 858 859 857
f 858 860 859
o Plane.217
v 42.305202 0.038033 -11.918219
v 42.578362 0.045106 -11.140765
v 41.994133 -0.045106 -11.808169
v 42.267292 -0.038033 -11.030716
s 0
f 862 863 861
f 862 864 863
o Plane.218
v 41.803234 0.038033 -12.537307
v 42.319542 0.045106 -11.895066
v 41.546516 -0.045106 -12.330012
v 42.062824 -0.038033 -11.687772
s 0
f 866 867 865
f 866 868 867
o Plane.219
v 40.666630 0.072804 -13.535128
v 41.852570 0.086343 -12.495037
v 40.251190 -0.086343 -13.059357
v 41.437130 -0.072804 -12.019266
s 0
f 870 871 869
f 870 872 871
o Plane.220
v 39.347290 0.072804 -14.261676
v 40.728889 0.086343 -13.500476
v 39.043686 -0.086343 -13.707801
v 40.425285 -0.072804 -12.946601
s 0
f 874 875 873
f 874 876 875
o Plane.221
v 37.875771 0.072804 -14.712162
v 39.378429 0.086343 -14.232313
v 37.684933 -0.086343 -14.110056
v 39.187592 -0.072804 -13.630207
s 0
f 878 879 877
f 878 880 879
o Plane.222
v 36.435547 0.072804 -15.045577
v 37.971664 0.086343 -14.686993
v 36.293297 -0.086343 -14.430180
v 37.829414 -0.072804 -14.071595
s 0
f 882 883 881
f 882 884 883
o Plane.223
v 34.926964 0.072804 -15.396517
v 36.463081 0.086343 -15.037932
v 34.784714 -0.086343 -14.781119
v 36.320831 -0.072804 -14.422535
s 0
f 886 887 885
f 886 888 887
o Plane.224
v 33.564392 0.072804 -15.787869
v 35.082542 0.086343 -15.359557
v 33.394203 -0.086343 -15.179605
v 34.912354 -0.072804 -14.751292
s 0
f 890 891 889
f 890 892 891
o Plane.225
v 32.074837 0.072804 -15.826690
v 33.651310 0.086343 -15.772184
v 32.054379 -0.086343 -15.195396
v 33.630852 -0.072804 -15.140891
s 0
f 894 895 893
f 894 896 895
o Plane.226
v 30.548021 0.072804 -15.876824
v 32.124496 0.086343 -15.822319
v 30.527561 -0.086343 -15.245531
v 32.104034 -0.072804 -15.191026
s 0
f 898 899 897
f 898 900 899
o Plane.227
v 28.983618 0.072804 -15.898152
v 30.561024 0.086343 -15.892476
v 28.982712 -0.086343 -15.266528
v 30.560118 -0.072804 -15.260852
s 0
f 902 903 901
f 902 904 903
o Plane.228
v 27.445297 0.072804 -15.827044
v 29.021786 0.086343 -15.881128
v 27.468319 -0.086343 -15.195839
v 29.044807 -0.072804 -15.249924
s 0
f 906 907 905
f 906 908 907
o Plane.229
v 25.925434 0.072804 -15.702480
v 27.498325 0.086343 -15.821888
v 25.974609 -0.086343 -15.072773
v 27.547501 -0.072804 -15.192181
s 0
f 910 911 909
f 910 912 911
o Plane.230
v 24.442152 0.072804 -15.780633
v 26.017469 0.086343 -15.699306
v 24.410952 -0.086343 -15.149779
v 25.986269 -0.072804 -15.068452
s 0
f 914 915 913
f 914 916 915
o Plane.231
v 22.990814 0.072804 -15.787368
v 24.567940 0.086343 -15.757056
v 22.980042 -0.086343 -15.155835
v 24.557167 -0.072804 -15.125524
s 0
f 918 919 917
f 918 920 919
o Plane.232
v 20.228529 0.128473 -15.850863
v 23.011583 0.152364 -15.797375
v 20.209520 -0.152364 -14.736435
v 22.992575 -0.128473 -14.682947
s 0
f 922 923 921
f 922 924 923
o Plane.233
v 17.575033 0.128473 -15.983473
v 20.354563 0.152364 -15.833549
v 17.517408 -0.152364 -14.870374
v 20.296938 -0.128473 -14.720449
s 0
f 926 927 925
f 926 928 927
o Plane.234
v 14.909919 0.128473 -16.115784
v 17.689447 0.152364 -15.965859
v 14.852293 -0.152364 -15.002685
v 17.631823 -0.128473 -14.852760
s 0
f 930 931 929
f 930 932 931
o Plane.235
v 12.495139 0.128473 -16.650663
v 15.221786 0.152364 -16.090614
v 12.273248 -0.152364 -15.558383
v 14.999894 -0.128473 -14.998336
s 0
f 934 935 933
f 934 936 935
o Plane.236
v 10.972096 0.083945 -17.025229
v 12.746971 0.099556 -16.627884
v 10.814529 -0.099556 -16.314194
v 12.589404 -0.083945 -15.916850
s 0
f 938 939 937
f 938 940 939
o Plane.237
v 9.424554 0.083945 -17.469585
v 11.169178 0.099556 -16.955435
v 9.220190 -0.099556 -16.770563
v 10.964814 -0.083945 -16.256413
s 0
f 942 943 941
f 942 944 943
o Plane.238
v 8.244078 0.058900 -17.727104
v 9.491011 0.069853 -17.455532
v 8.136415 -0.069853 -17.227577
v 9.383348 -0.058900 -16.956005
s 0
f 946 947 945
f 946 948 947
o Plane.239
v 7.100105 0.058900 -17.936756
v 8.347038 0.069853 -17.665184
v 6.992443 -0.069853 -17.437229
v 8.239376 -0.058900 -17.165657
s 0
f 950 951 949
f 950 952 951
o Plane.240
v 6.267843 0.058900 -18.462513
v 7.363667 0.069853 -17.808477
v 6.006905 -0.069853 -18.023161
v 7.102729 -0.058900 -17.369125
s 0
f 954 955 953
f 954 956 955
o Plane.241
v 5.969826 0.058900 -19.108431
v 6.761652 0.069853 -18.107628
v 5.569774 -0.069853 -18.790504
v 6.361599 -0.058900 -17.789701
s 0
f 958 959 957
f 958 960 959
o Plane.242
v 3.682979 0.132771 -20.754238
v 6.023392 0.157462 -19.081553
v 3.015234 -0.157462 -19.815649
v 5.355647 -0.132771 -18.142963
s 0
f 962 963 961
f 962 964 963
o Plane.243
v 2.490858 0.082912 -21.554678
v 3.952374 0.098330 -20.510138
v 2.073872 -0.098330 -20.968557
v 3.535388 -0.082912 -19.924017
s 0
f 966 967 965
f 966 968 967
o Plane.244
v 1.750737 0.082912 -22.422281
v 2.974056 0.098330 -21.106764
v 1.225042 -0.098330 -21.931307
v 2.448361 -0.082912 -20.615789
s 0
f 970 971 969
f 970 972 971
o Plane.245
v 0.662755 0.082912 -23.493742
v 2.010395 0.098330 -22.305902
v 0.188292 -0.098330 -22.953096
v 1.535931 -0.082912 -21.765257
s 0
f 974 975 973
f 974 976 975
o Plane.246
v 1.954723 0.036752 -22.349066
v 2.392640 0.043587 -21.683994
v 1.688797 -0.043587 -22.173141
v 2.126714 -0.036752 -21.508070
s 0
f 978 979 977
f 978 980 979
o Plane.247
v -0.433397 0.036752 -23.705769
v 0.362893 0.043587 -23.709116
v -0.431367 -0.043587 -23.386923
v 0.364923 -0.036752 -23.390270
s 0
f 982 983 981
f 982 984 983
o Plane.248
v 0.362294 0.022702 -23.691418
v 0.768140 0.026924 -23.413515
v 0.251368 -0.026924 -23.528669
v 0.657215 -0.022702 -23.250767
s 0
f 986 987 985
f 986 988 987
o Plane.249
v -1.168888 0.036752 -23.647055
v -0.374786 0.043587 -23.706137
v -1.144544 -0.043587 -23.329134
v -0.350441 -0.036752 -23.388216
s 0
f 990 991 989
f 990 992 991
o Plane.250
v -1.791162 0.036752 -23.494036
v -1.016035 0.043587 -23.676435
v -1.717455 -0.043587 -23.183821
v -0.942329 -0.036752 -23.366220
s 0
f 994 995 993
f 994 996 995
o Plane.251
v -2.408687 0.036752 -22.978212
v -1.799545 0.043587 -23.491083
v -2.202798 -0.043587 -22.734747
v -1.593656 -0.036752 -23.247618
s 0
f 998 999 997
f 998 1000 999
o Plane.252
v -2.892723 0.036752 -22.388525
v -2.366735 0.043587 -22.986378
v -2.652878 -0.043587 -22.178429
v -2.126890 -0.036752 -22.776281
s 0
f 1002 1003 1001
f 1002 1004 1003
o Plane.253
v -3.338131 0.036752 -21.768898
v -2.869411 0.043587 -22.412628
v -3.079965 -0.043587 -21.581772
v -2.611244 -0.036752 -22.225502
s 0
f 1006 1007 1005
f 1006 1008 1007
o Plane.254
v -3.720048 0.036752 -21.118073
v -3.313216 0.043587 -21.802599
v -3.445601 -0.043587 -20.955763
v -3.038768 -0.036752 -21.640289
s 0
f 1010 1011 1009
f 1010 1012 1011
o Plane.255
v -3.967797 0.036752 -20.463720
v -3.666093 0.043587 -21.200649
v -3.672458 -0.043587 -20.343552
v -3.370753 -0.036752 -21.080481
s 0
f 1014 1015 1013
f 1014 1016 1015
o Plane.256
v -4.116206 0.036752 -19.871227
v -3.876662 0.043587 -20.630640
v -3.811917 -0.043587 -19.775969
v -3.572373 -0.036752 -20.535381
s 0
f 1018 1019 1017
f 1018 1020 1019
o Plane.257
v -3.879563 0.036752 -19.119253
v -4.113584 0.043587 -19.880386
v -3.574996 -0.043587 -19.213619
v -3.809016 -0.036752 -19.974752
s 0
f 1022 1023 1021
f 1022 1024 1023
o Plane.258
v -3.114847 0.036752 -18.604530
v -3.822429 0.043587 -18.969793
v -2.969202 -0.043587 -18.888174
v -3.676785 -0.036752 -19.253437
s 0
f 1026 1027 1025
f 1026 1028 1027
o Plane.259
v -3.822304 0.023122 -18.972086
v -3.960520 0.027421 -19.453611
v -3.629613 -0.027421 -19.027845
v -3.767829 -0.023122 -19.509371
s 0
f 1030 1031 1029
f 1030 1032 1031
o Plane.260
v -2.332285 0.036752 -18.522261
v -3.121838 0.043587 -18.625683
v -2.291557 -0.043587 -18.838501
v -3.081110 -0.036752 -18.941923
s 0
f 1034 1035 1033
f 1034 1036 1035
o Plane.261
v -1.577264 0.036752 -18.456284
v -2.369408 0.043587 -18.537506
v -1.545427 -0.043587 -18.773540
v -2.337572 -0.036752 -18.854763
s 0
f 1038 1039 1037
f 1038 1040 1039
o Plane.262
v -0.856989 0.036752 -18.696445
v -1.618326 0.043587 -18.463089
v -0.951087 -0.043587 -19.001095
v -1.712425 -0.036752 -18.767738
s 0
f 1042 1043 1041
f 1042 1044 1043
o Plane.263
v 0.853145 0.088502 -18.542061
v -1.055501 0.104960 -18.726505
v 0.925347 -0.104960 -19.306473
v -0.983298 -0.088502 -19.490917
s 0
f 1046 1047 1045
f 1046 1048 1047
o Plane.264
v 2.707201 0.088502 -18.339701
v 0.798556 0.104960 -18.524145
v 2.779404 -0.104960 -19.104113
v 0.870758 -0.088502 -19.288557
s 0
f 1050 1051 1049
f 1050 1052 1051
o Plane.265
v 4.572196 0.088502 -18.148279
v 2.663551 0.104960 -18.332724
v 4.644399 -0.104960 -18.912691
v 2.735753 -0.088502 -19.097136
s 0
f 1054 1055 1053
f 1054 1056 1055
o Plane.266
v 5.784676 0.060540 -17.970411
v 4.487457 0.071798 -18.164738
v 5.861364 -0.071798 -18.490005
v 4.564146 -0.060540 -18.684332
s 0
f 1058 1059 1057
f 1058 1060 1059
o Plane.267
v 6.679884 0.060540 -17.341911
v 5.595098 0.071798 -18.079323
v 6.974216 -0.071798 -17.776917
v 5.889430 -0.060540 -18.514328
s 0
f 1062 1063 1061
f 1062 1064 1063
o Plane.268
v 7.836954 0.060540 -16.790979
v 6.646144 0.071798 -17.340988
v 8.056155 -0.071798 -17.268276
v 6.865345 -0.060540 -17.818285
s 0
f 1066 1067 1065
f 1066 1068 1067
o Plane.269
v 8.932368 0.060540 -16.210749
v 7.776185 0.071798 -16.830246
v 9.179424 -0.071798 -16.674240
v 8.023240 -0.060540 -17.293737
s 0
f 1070 1071 1069
f 1070 1072 1071
o Plane.270
v 10.051913 0.060540 -15.643199
v 8.873036 0.071798 -16.218340
v 10.281188 -0.071798 -16.115740
v 9.102311 -0.060540 -16.690880
s 0
f 1074 1075 1073
f 1074 1076 1075
o Plane.271
v 11.003553 0.060540 -15.194725
v 9.824677 0.071798 -15.769867
v 11.232828 -0.071798 -15.667265
v 10.053951 -0.060540 -16.242407
s 0
f 1078 1079 1077
f 1078 1080 1079
o Plane.272
v 11.330624 0.060540 -14.406861
v 10.501020 0.071798 -15.422882
v 11.736736 -0.071798 -14.739927
v 10.907133 -0.060540 -15.755948
s 0
f 1082 1083 1081
f 1082 1084 1083
o Plane.273
v 12.063496 0.060540 -13.455221
v 11.233892 0.071798 -14.471241
v 12.469608 -0.071798 -13.788288
v 11.640005 -0.060540 -14.804308
s 0
f 1086 1087 1085
f 1086 1088 1087
o Plane.274
v 12.080344 0.060540 -12.756950
v 11.671387 0.071798 -14.003262
v 12.579033 -0.071798 -12.921783
v 12.170075 -0.060540 -14.168095
s 0
f 1090 1091 1089
f 1090 1092 1091
o Plane.275
v 11.780243 0.060540 -12.184767
v 12.030992 0.071798 -13.472269
v 12.295997 -0.071798 -12.085478
v 12.546745 -0.060540 -13.372980
s 0
f 1094 1095 1093
f 1094 1096 1095
o Plane.276
v 11.683174 0.041167 -12.223819
v 12.030088 0.048822 -13.045528
v 12.012501 -0.048822 -12.085621
v 12.359415 -0.041167 -12.907331
s 0
f 1098 1099 1097
f 1098 1100 1099
o Plane.277
v 11.703617 0.041167 -11.365428
v 11.708365 0.048822 -12.257354
v 12.060763 -0.048822 -11.364299
v 12.065512 -0.041167 -12.256225
s 0
f 1102 1103 1101
f 1102 1104 1103
o Plane.278
v 11.459671 0.041167 -10.905019
v 11.804821 0.048822 -11.727471
v 11.789293 -0.048822 -10.767528
v 12.134443 -0.041167 -11.589980
s 0
f 1106 1107 1105
f 1106 1108 1107
o Plane.279
v 11.129041 0.041167 -10.518881
v 11.619399 0.048822 -11.263934
v 11.427796 -0.048822 -10.323178
v 11.918155 -0.041167 -11.068232
s 0
f 1110 1111 1109
f 1110 1112 1111
o Plane.280
v 10.810119 0.041167 -10.312025
v 11.452954 0.048822 -10.930344
v 11.058261 -0.048822 -10.055159
v 11.701097 -0.041167 -10.673477
s 0
f 1114 1115 1113
f 1114 1116 1115
o Plane.281
v 10.261395 0.041167 -9.699805
v 10.856689 0.048822 -10.364018
v 10.527872 -0.048822 -9.462014
v 11.123167 -0.041167 -10.126227
s 0
f 1118 1119 1117
f 1118 1120 1119
o Plane.282
v 9.669903 0.041167 -9.157545
v 10.341425 0.048822 -9.744583
v 9.905544 -0.048822 -8.889164
v 10.577066 -0.041167 -9.476202
s 0
f 1122 1123 1121
f 1122 1124 1123
o Plane.283
v 8.394178 0.078819 -8.699365
v 10.001671 0.093477 -9.275881
v 8.626417 -0.093477 -8.056198
v 10.233910 -0.078819 -8.632714
s 0
f 1126 1127 1125
f 1126 1128 1127
o Plane.284
v 6.584692 0.116185 -8.276561
v 9.052576 0.137791 -8.773086
v 6.785645 -0.137791 -7.288809
v 9.253530 -0.116185 -7.785335
s 0
f 1130 1131 1129
f 1130 1132 1131
o Plane.285
v 4.438766 0.116185 -8.095201
v 6.950099 0.137791 -8.268985
v 4.510527 -0.137791 -7.089774
v 7.021859 -0.116185 -7.263557
s 0
f 1134 1135 1133
f 1134 1136 1135
o Plane.286
v 2.508652 0.116185 -8.278020
v 5.019471 0.137791 -8.096979
v 2.438334 -0.137791 -7.272491
v 4.949154 -0.116185 -7.091449
s 0
f 1138 1139 1137
f 1138 1140 1139
o Plane.287
v 1.112288 0.116185 -8.507049
v 3.612756 0.137791 -8.216100
v 0.997953 -0.137791 -7.505569
v 3.498421 -0.116185 -7.214620
s 0
f 1142 1143 1141
f 1142 1144 1143
o Plane.288
v -1.206024 0.116185 -8.070206
v 1.276466 0.137791 -8.487617
v -1.036736 -0.137791 -7.076538
v 1.445754 -0.116185 -7.493949
s 0
f 1146 1147 1145
f 1146 1148 1147
o Plane.289
v -3.442531 0.116185 -7.941208
v -0.927109 0.137791 -8.039405
v -3.401033 -0.137791 -6.934077
v -0.885611 -0.116185 -7.032274
s 0
f 1150 1151 1149
f 1150 1152 1151
o Plane.290
v -5.240801 0.116185 -7.869015
v -2.725379 0.137791 -7.967212
v -5.199304 -0.137791 -6.861884
v -2.683882 -0.116185 -6.960081
s 0
f 1154 1155 1153
f 1154 1156 1155
o Plane.291
v -6.070765 0.116185 -8.299216
v -3.601886 0.137791 -7.807658
v -6.265455 -0.137791 -7.310212
v -3.796576 -0.116185 -6.818653
s 0
f 1158 1159 1157
f 1158 1160 1159
o Plane.292
v -6.332847 0.088894 -8.796556
v -4.638997 0.105424 -7.879800
v -6.698463 -0.105424 -8.117517
v -5.004614 -0.088894 -7.200761
s 0
f 1162 1163 1161
f 1162 1164 1163
o Plane.293
v -9.078218 0.088894 -9.979006
v -7.359774 0.105424 -9.109225
v -9.425004 -0.105424 -9.290160
v -7.706561 -0.088894 -8.420380
s 0
f 1166 1167 1165
f 1166 1168 1167
o Plane.294
v -9.788846 0.088894 -11.029097
v -8.718416 0.105424 -9.427925
v -10.429054 -0.105424 -10.599092
v -9.358624 -0.088894 -8.997921
s 0
f 1170 1171 1169
f 1170 1172 1171
o Plane.295
v -7.478779 0.038083 -9.156510
v -6.722042 0.045165 -8.827579
v -7.609834 -0.045165 -8.853215
v -6.853096 -0.038083 -8.524283
s 0
f 1174 1175 1173
f 1174 1176 1175
o Plane.296
v -7.048794 0.038083 -8.907273
v -6.235110 0.045165 -8.770287
v -7.102942 -0.045165 -8.581343
v -6.289258 -0.038083 -8.444356
s 0
f 1178 1179 1177
f 1178 1180 1179
o Plane.297
v -9.707384 0.048472 -11.632626
v -9.650285 0.057485 -10.583963
v -10.127236 -0.057485 -11.608854
v -10.070137 -0.048472 -10.560192
s 0
f 1182 1183 1181
f 1182 1184 1183
o Plane.298
v -9.379367 0.048472 -12.378367
v -9.771423 0.057485 -11.404076
v -9.769829 -0.057485 -12.534510
v -10.161885 -0.048472 -11.560218
s 0
f 1186 1187 1185
f 1186 1188 1187
o Plane.299
v -9.161810 0.034826 -12.942101
v -9.437541 0.041303 -12.239714
v -9.443295 -0.041303 -13.051899
v -9.719027 -0.034826 -12.349512
s 0
f 1190 1191 1189
f 1190 1192 1191
o Plane.300
v -9.312823 0.026155 -13.445660
v -9.171186 0.031018 -12.896964
v -9.532408 -0.031018 -13.388471
v -9.390771 -0.026155 -12.839775
s 0
f 1194 1195 1193
f 1194 1196 1195
o Plane.301
v -9.678649 0.026155 -13.831749
v -9.267811 0.031018 -13.441441
v -9.834579 -0.031018 -13.666904
v -9.423741 -0.026155 -13.276596
s 0
f 1198 1199 1197
f 1198 1200 1199
o Plane.302
v -9.394605 0.013371 -13.532159
v -9.200551 0.015857 -13.317056
v -9.480567 -0.015857 -13.454270
v -9.286513 -0.013371 -13.239167
s 0
f 1202 1203 1201
f 1202 1204 1203
o Plane.303
v -9.209739 0.013371 -13.323428
v -9.149188 0.015857 -13.040126
v -9.323125 -0.015857 -13.298938
v -9.262574 -0.013371 -13.015635
s 0
f 1206 1207 1205
f 1206 1208 1207
o Plane.304
v -9.151077 0.013371 -13.073967
v -9.211388 0.015857 -12.790614
v -9.264589 -0.015857 -13.097871
v -9.324900 -0.013371 -12.814518
s 0
f 1210 1211 1209
f 1210 1212 1211
o Plane.305
v -10.414106 0.036351 -14.125648
v -9.687966 0.043111 -13.820638
v -10.535609 -0.043111 -13.834626
v -9.809469 -0.036351 -13.529615
s 0
f 1214 1215 1213
f 1214 1216 1215
o Plane.306
v -11.074356 0.036351 -14.249684
v -10.301497 0.043111 -14.098021
v -11.134416 -0.043111 -13.940088
v -10.361557 -0.036351 -13.788424
s 0
f 1218 1219 1217
f 1218 1220 1219
o Plane.307
v -11.608384 0.036351 -14.433114
v -10.860093 0.043111 -14.187409
v -11.706120 -0.043111 -14.133273
v -10.957829 -0.036351 -13.887568
s 0
f 1222 1223 1221
f 1222 1224 1223
o Plane.308
v -12.241096 0.036351 -14.695615
v -11.506449 0.043111 -14.411706
v -12.354141 -0.043111 -14.401204
v -11.619494 -0.036351 -14.117295
s 0
f 1226 1227 1225
f 1226 1228 1227
o Plane.309
v -12.922940 0.036351 -14.989424
v -12.204073 0.043111 -14.667645
v -13.051163 -0.043111 -14.701299
v -12.332295 -0.036351 -14.379520
s 0
f 1230 1231 1229
f 1230 1232 1231
o Plane.310
v -13.678162 0.036351 -15.229991
v -12.929333 0.043111 -14.985929
v -13.775240 -0.043111 -14.929936
v -13.026411 -0.036351 -14.685874
s 0
f 1234 1235 1233
f 1234 1236 1235
o Plane.311
v -14.349339 0.036351 -15.441710
v -13.595448 0.043111 -15.213758
v -14.439961 -0.043111 -15.139643
v -13.686071 -0.036351 -14.911692
s 0
f 1238 1239 1237
f 1238 1240 1239
o Plane.312
v -14.357111 0.036351 -15.789098
v -13.782256 0.043111 -15.250717
v -14.572190 -0.043111 -15.558451
v -13.997335 -0.036351 -15.020070
s 0
f 1242 1243 1241
f 1242 1244 1243
o Plane.313
v -14.849339 0.036351 -16.212961
v -14.274484 0.043111 -15.674580
v -15.064418 -0.043111 -15.982313
v -14.489563 -0.036351 -15.443933
s 0
f 1246 1247 1245
f 1246 1248 1247
o Plane.314
v -15.025048 0.036351 -16.740534
v -14.748092 0.043111 -16.003237
v -15.320035 -0.043111 -16.628996
v -15.043078 -0.036351 -15.891700
s 0
f 1250 1251 1249
f 1250 1252 1251
o Plane.315
v -14.941525 0.036351 -17.130758
v -14.902802 0.043111 -16.344112
v -15.256478 -0.043111 -17.114571
v -15.217755 -0.036351 -16.327925
s 0
f 1254 1255 1253
f 1254 1256 1255
o Plane.316
v -14.974495 0.036351 -17.634089
v -14.935772 0.043111 -16.847443
v -15.289448 -0.043111 -17.617901
v -15.250725 -0.036351 -16.831255
s 0
f 1258 1259 1257
f 1258 1260 1259
o Plane.317
v -15.318101 0.036351 -18.292192
v -14.949615 0.043111 -17.596111
v -15.596504 -0.043111 -18.144043
v -15.228019 -0.036351 -17.447962
s 0
f 1262 1263 1261
f 1262 1264 1263
o Plane.318
v -15.802193 0.036351 -18.899677
v -15.297479 0.043111 -18.295050
v -16.043858 -0.043111 -18.697058
v -15.539145 -0.036351 -18.092430
s 0
f 1266 1267 1265
f 1266 1268 1267
o Plane.319
v -16.340567 0.036351 -19.444448
v -15.790853 0.043111 -18.880423
v -16.565937 -0.043111 -19.223845
v -16.016222 -0.036351 -18.659819
s 0
f 1270 1271 1269
f 1270 1272 1271
o Plane.320
v -16.598625 0.019387 -19.801464
v -16.426855 0.022992 -19.418137
v -16.751966 -0.022992 -19.732353
v -16.580196 -0.019387 -19.349026
s 0
f 1274 1275 1273
f 1274 1276 1275
o Plane.321
v -16.520250 0.019387 -19.573830
v -16.214016 0.022992 -19.286314
v -16.635113 -0.022992 -19.450960
v -16.328878 -0.019387 -19.163445
s 0
f 1278 1279 1277
f 1278 1280 1279
o Plane.322
v -16.990662 0.019387 -19.953550
v -16.605200 0.022992 -19.786623
v -17.057169 -0.022992 -19.799059
v -16.671707 -0.019387 -19.632132
s 0
f 1282 1283 1281
f 1282 1284 1283
o Plane.323
v -17.718182 0.036351 -20.173971
v -16.962051 0.043111 -19.953571
v -17.805779 -0.043111 -19.871014
v -17.049648 -0.036351 -19.650614
s 0
f 1286 1287 1285
f 1286 1288 1287
o Plane.324
v -18.273544 0.036351 -20.468687
v -17.577717 0.043111 -20.099720
v -18.420681 -0.043111 -20.189747
v -17.724854 -0.036351 -19.820780
s 0
f 1290 1291 1289
f 1290 1292 1291
o Plane.325
v -18.717451 0.036351 -20.873201
v -18.122894 0.043111 -20.356661
v -18.923767 -0.043111 -20.634684
v -18.329210 -0.036351 -20.118143
s 0
f 1294 1295 1293
f 1294 1296 1295
o Plane.326
v -19.187227 0.036351 -21.330576
v -18.623953 0.043111 -20.780092
v -19.407164 -0.043111 -21.104555
v -18.843889 -0.036351 -20.554071
s 0
f 1298 1299 1297
f 1298 1300 1299
o Plane.327
v -19.470701 0.036351 -21.868010
v -19.072569 0.043111 -21.188448
v -19.742464 -0.043111 -21.708002
v -19.344332 -0.036351 -21.028440
s 0
f 1302 1303 1301
f 1302 1304 1303
o Plane.328
v -19.699209 0.036351 -22.551218
v -19.446329 0.043111 -21.805321
v -19.997660 -0.043111 -22.449314
v -19.744780 -0.036351 -21.703417
s 0
f 1306 1307 1305
f 1306 1308 1307
o Plane.329
v -19.858063 0.036351 -23.234388
v -19.688309 0.043111 -22.465302
v -20.165871 -0.043111 -23.165749
v -19.996117 -0.036351 -22.396662
s 0
f 1310 1311 1309
f 1310 1312 1311
o Plane.330
v -19.862810 0.036351 -23.844074
v -19.858318 0.043111 -23.056488
v -20.178169 -0.043111 -23.841595
v -20.173677 -0.036351 -23.054008
s 0
f 1314 1315 1313
f 1314 1316 1315
o Plane.331
v -19.676054 0.036351 -24.420624
v -19.924179 0.043111 -23.673130
v -19.975578 -0.043111 -24.519329
v -20.223703 -0.036351 -23.771835
s 0
f 1318 1319 1317
f 1318 1320 1319
o Plane.332
v -19.386518 0.036351 -24.625160
v -19.913965 0.043111 -24.040258
v -19.621180 -0.043111 -24.835852
v -20.148626 -0.036351 -24.250950
s 0
f 1322 1323 1321
f 1322 1324 1323
o Plane.333
v -18.954535 0.036351 -24.728937
v -19.642735 0.043111 -24.345932
v -19.108490 -0.043111 -25.004173
v -19.796690 -0.036351 -24.621168
s 0
f 1326 1327 1325
f 1326 1328 1327
o Plane.334
v -18.297264 0.036351 -24.809010
v -19.076431 0.043111 -24.694086
v -18.343956 -0.043111 -25.120901
v -19.123123 -0.036351 -25.005978
s 0
f 1330 1331 1329
f 1330 1332 1331
o Plane.335
v -14.789494 0.075154 -24.886965
v -19.551800 0.116035 -24.803802
v -14.804383 -0.116035 -25.645615
v -19.566689 -0.075154 -25.562452
s 0
f 1334 1335 1333
f 1334 1336 1335
o Plane.336
v -12.414327 0.075154 -24.486458
v -17.145264 0.116035 -25.038448
v -12.328020 -0.116035 -25.240330
v -17.058956 -0.075154 -25.792320
s 0
f 1338 1339 1337
f 1338 1340 1339
o Plane.337
v -11.548617 -0.061661 -24.510422
v -13.686500 -0.042700 -25.066828
v -11.652072 0.042700 -24.109362
v -13.789954 0.061661 -24.665768
s 0
f 1342 1341 1343
f 1342 1343 1344
o Plane.338
v -11.171836 -0.061661 -24.047438
v -13.122289 -0.042700 -25.084675
v -11.365518 0.042700 -23.681324
v -13.315970 0.061661 -24.718561
s 0
f 1346 1345 1347
f 1346 1347 1348
o Plane.339
v -11.681932 -0.019547 -23.674963
v -12.109577 -0.013536 -24.229519
v -11.785732 0.013536 -23.594559
v -12.213377 0.019547 -24.149115
s 0
f 1350 1349 1351
f 1350 1351 1352
o Plane.340
v -11.441455 -0.051022 -22.842909
v -11.689518 -0.039945 -24.109415
v -11.795601 0.039945 -22.772749
v -12.043664 0.051022 -24.039255
s 0
f 1354 1353 1355
f 1354 1355 1356
o Plane.341
v -11.519569 -0.051022 -22.518068
v -11.513367 -0.039945 -23.808626
v -11.880598 0.039945 -22.519022
v -11.874395 0.051022 -23.809580
s 0
f 1358 1357 1359
f 1358 1359 1360
o Plane.342
v -11.766054 -0.051022 -22.256388
v -11.264565 -0.039945 -23.445539
v -12.099014 0.039945 -22.395956
v -11.597525 0.051022 -23.585108
s 0
f 1362 1361 1363
f 1362 1363 1364
o Plane.343
v -11.721418 -0.051022 -21.109890
v -11.721706 -0.039945 -22.400461
v -12.082447 0.039945 -21.109030
v -12.082735 0.051022 -22.399601
s 0
f 1366 1365 1367
f 1366 1367 1368
o Plane.344
v -11.647832 -0.051022 -20.048920
v -11.869140 -0.039945 -21.320375
v -12.003379 0.039945 -19.986242
v -12.224687 0.051022 -21.257698
s 0
f 1370 1369 1371
f 1370 1371 1372
o Plane.345
v -11.974247 -0.035857 -21.153032
v -11.808254 -0.028072 -22.044697
v -12.223783 0.028072 -21.198929
v -12.057791 0.035857 -22.090593
s 0
f 1374 1373 1375
f 1374 1375 1376
o Plane.346
v -11.429064 -0.051022 -18.987896
v -11.650372 -0.039945 -20.259352
v -11.784611 0.039945 -18.925219
v -12.005919 0.051022 -20.196674
s 0
f 1378 1377 1379
f 1378 1379 1380
o Plane.347
v -11.586563 -0.051022 -18.020714
v -11.491952 -0.039945 -19.307812
v -11.946677 0.039945 -18.046402
v -11.852066 0.051022 -19.333500
s 0
f 1382 1381 1383
f 1382 1383 1384
o Plane.348
v -11.803850 -0.025537 -17.573658
v -11.755365 -0.019993 -18.217779
v -11.984068 0.019993 -17.586832
v -11.935583 0.025537 -18.230953
s 0
f 1386 1385 1387
f 1386 1387 1388
o Plane.349
v -11.597897 -0.025537 -17.035398
v -11.819724 -0.019993 -17.642056
v -11.767470 0.019993 -16.972977
v -11.989298 0.025537 -17.579634
s 0
f 1390 1389 1391
f 1390 1391 1392
o Plane.350
v -11.181919 -0.025537 -16.631493
v -11.628902 -0.019993 -17.097805
v -11.312096 0.019993 -16.506168
v -11.759079 0.025537 -16.972481
s 0
f 1394 1393 1395
f 1394 1395 1396
o Plane.351
v -10.656831 -0.025537 -16.362459
v -11.220240 -0.019993 -16.678391
v -10.744869 0.019993 -16.204659
v -11.308278 0.025537 -16.520590
s 0
f 1398 1397 1399
f 1398 1399 1400
o Plane.352
v -10.126463 -0.025537 -16.222420
v -10.747707 -0.019993 -16.399328
v -10.175575 0.019993 -16.048525
v -10.796820 0.025537 -16.225433
s 0
f 1402 1401 1403
f 1402 1403 1404
o Plane.353
v -9.535704 -0.025537 -16.152014
v -10.174760 -0.019993 -16.246078
v -9.561631 0.019993 -15.973186
v -10.200687 0.025537 -16.067251
s 0
f 1406 1405 1407
f 1406 1407 1408
o Plane.354
v -8.941784 -0.025537 -15.994387
v -9.565573 -0.019993 -16.162104
v -8.988323 0.019993 -15.819784
v -9.612112 0.025537 -15.987501
s 0
f 1410 1409 1411
f 1410 1411 1412
o Plane.355
v -8.603895 -0.021628 -15.866405
v -9.129033 -0.016933 -16.019758
v -8.646478 0.016933 -15.719409
v -9.171616 0.021628 -15.872763
s 0
f 1414 1413 1415
f 1414 1415 1416
o Plane.356
v -7.675164 -0.047115 -15.459949
v -8.691487 -0.036886 -16.082317
v -7.848653 0.036886 -15.175264
v -8.864976 0.047115 -15.797632
s 0
f 1418 1417 1419
f 1418 1419 1420
o Plane.357
v -6.835794 -0.047115 -14.943414
v -7.852117 -0.036886 -15.565783
v -7.009283 0.036886 -14.658728
v -8.025605 0.047115 -15.281096
s 0
f 1422 1421 1423
f 1422 1423 1424
o Plane.358
v -6.436434 -0.047115 -14.239059
v -7.138024 -0.036886 -15.202400
v -6.705497 0.036886 -14.042212
v -7.407087 0.047115 -15.005552
s 0
f 1426 1425 1427
f 1426 1427 1428
o Plane.359
v -5.797397 -0.041678 -12.617118
v -6.026482 -0.032630 -13.646160
v -6.085125 0.032630 -12.552410
v -6.314211 0.041678 -13.581452
s 0
f 1430 1429 1431
f 1430 1431 1432
o Plane.360
v -5.339462 -0.041678 -11.793072
v -5.818476 -0.032630 -12.732195
v -5.601886 0.032630 -11.658503
v -6.080899 0.041678 -12.597626
s 0
f 1434 1433 1435
f 1434 1435 1436
o Plane.361
v -4.403573 -0.041678 -11.021177
v -5.256311 -0.032630 -11.641051
v -4.576463 0.032630 -10.782254
v -5.429201 0.041678 -11.402128
s 0
f 1438 1437 1439
f 1438 1439 1440
o Plane.362
v -5.334105 -0.015016 -11.465972
v -5.550983 -0.011756 -11.777803
v -5.421207 0.011756 -11.405113
v -5.638084 0.015016 -11.716945
s 0
f 1442 1441 1443
f 1442 1443 1444
o Plane.363
v -4.239402 -0.015016 -10.718263
v -4.567944 -0.011756 -10.908880
v -4.292528 0.011756 -10.626240
v -4.621069 0.015016 -10.816857
s 0
f 1446 1445 1447
f 1446 1447 1448
o Plane.364
v -6.407930 -0.011238 -13.905760
v -6.667079 -0.008798 -14.022584
v -6.440454 0.008798 -13.833194
v -6.699603 0.011238 -13.950018
s 0
f 1450 1449 1451
f 1450 1451 1452
o Plane.365
v -6.629764 -0.011238 -13.982284
v -6.749096 -0.008798 -14.240287
v -6.701867 0.008798 -13.948745
v -6.821199 0.011238 -14.206748
s 0
f 1454 1453 1455
f 1454 1455 1456
o Plane.366
v -6.145027 -0.011238 -13.864273
v -6.425222 -0.008798 -13.912194
v -6.158263 0.008798 -13.785861
v -6.438458 0.011238 -13.833782
s 0
f 1458 1457 1459
f 1458 1459 1460
o Plane.367
v -6.248289 -0.011238 -13.612489
v -6.169692 -0.008798 -13.885671
v -6.324757 0.008798 -13.634311
v -6.246160 0.011238 -13.907493
s 0
f 1462 1461 1463
f 1462 1463 1464
o Plane.368
v -6.187243 -0.011238 -13.380934
v -6.250039 -0.008798 -13.658175
v -6.264761 0.008798 -13.363199
v -6.327558 0.011238 -13.640440
s 0
f 1466 1465 1467
f 1466 1467 1468
o Plane.369
v -3.908282 -0.015724 -10.602466
v -4.280429 -0.012310 -10.742791
v -3.947312 0.012310 -10.498275
v -4.319460 0.015724 -10.638600
s 0
f 1470 1469 1471
f 1470 1471 1472
o Plane.370
v -3.484309 -0.018361 -10.545146
v -3.941214 -0.014375 -10.628396
v -3.507322 0.014375 -10.417279
v -3.964226 0.018361 -10.500529
s 0
f 1474 1473 1475
f 1474 1475 1476
o Plane.371
v -3.035943 -0.018361 -10.463529
v -3.492848 -0.014375 -10.546779
v -3.058955 0.014375 -10.335662
v -3.515860 0.018361 -10.418912
s 0
f 1478 1477 1479
f 1478 1479 1480
o Plane.372
v -2.746839 -0.014719 -10.391735
v -3.114326 -0.011524 -10.451509
v -2.763338 0.011524 -10.288897
v -3.130826 0.014719 -10.348671
s 0
f 1482 1481 1483
f 1482 1483 1484
o Plane.373
v -2.415322 -0.014719 -10.398103
v -2.787611 -0.011524 -10.393448
v -2.413795 0.011524 -10.293961
v -2.786083 0.014719 -10.289306
s 0
f 1486 1485 1487
f 1486 1487 1488
o Plane.374
v -2.085199 -0.014719 -10.472808
v -2.449260 -0.011524 -10.394835
v -2.063166 0.011524 -10.371011
v -2.427228 0.014719 -10.293038
s 0
f 1490 1489 1491
f 1490 1491 1492
o Plane.375
v -1.745262 -0.014719 -10.581262
v -2.101559 -0.011524 -10.473219
v -1.714823 0.011524 -10.481655
v -2.071119 0.014719 -10.373612
s 0
f 1494 1493 1495
f 1494 1495 1496
o Plane.376
v -1.410680 -0.014719 -10.673895
v -1.771841 -0.011524 -10.583435
v -1.385156 0.011524 -10.572918
v -1.746317 0.014719 -10.482458
s 0
f 1498 1497 1499
f 1498 1499 1500
o Plane.377
v -1.056505 -0.014719 -10.748127
v -1.419959 -0.011524 -10.667371
v -1.033694 0.011524 -10.646502
v -1.397148 0.014719 -10.565746
s 0
f 1502 1501 1503
f 1502 1503 1504
o Plane.378
v -0.686090 -0.014719 -10.767110
v -1.058034 -0.011524 -10.750439
v -0.681201 0.011524 -10.663071
v -1.053145 0.014719 -10.646399
s 0
f 1506 1505 1507
f 1506 1507 1508
o Plane.379
v 0.053553 -0.037794 -10.954713
v -0.902045 -0.029589 -10.927287
v 0.061803 0.029589 -10.687407
v -0.893795 0.037794 -10.659982
s 0
f 1510 1509 1511
f 1510 1511 1512
o Plane.380
v 0.057949 -0.037794 -10.954713
v -0.897650 -0.029589 -10.927287
v 0.066199 0.029589 -10.687407
v -0.889399 0.037794 -10.659982
s 0
f 1514 1513 1515
f 1514 1515 1516
o Plane.381
v 0.113728 -0.037794 -10.887595
v -0.835957 -0.029589 -10.997231
v 0.083632 0.029589 -10.621861
v -0.866052 0.037794 -10.731496
s 0
f 1518 1517 1519
f 1518 1519 1520
o Plane.382
v 0.964039 -0.037794 -11.019481
v 0.017364 -0.029589 -10.886335
v 1.001858 0.029589 -10.754736
v 0.055184 0.037794 -10.621591
s 0
f 1522 1521 1523
f 1522 1523 1524
o Plane.383
v 1.823124 -0.037794 -10.965073
v 0.870370 -0.029589 -11.043679
v 1.801711 0.029589 -10.698499
v 0.848956 0.037794 -10.777105
s 0
f 1526 1525 1527
f 1526 1527 1528
o Plane.384
v 2.460486 -0.037794 -10.763281
v 1.532381 -0.029589 -10.992496
v 2.396927 0.029589 -10.503511
v 1.468821 0.037794 -10.732727
s 0
f 1530 1529 1531
f 1530 1531 1532
o Plane.385
v 3.365184 -0.037794 -10.620417
v 2.421054 -0.029589 -10.770541
v 3.323759 0.029589 -10.356212
v 2.379629 0.037794 -10.506336
s 0
f 1534 1533 1535
f 1534 1535 1536
o Plane.386
v 4.196700 -0.037794 -10.592971
v 3.241410 -0.029589 -10.629600
v 4.187031 0.029589 -10.325713
v 3.231742 0.037794 -10.362342
s 0
f 1538 1537 1539
f 1538 1539 1540
o Plane.387
v 4.656749 -0.021833 -10.640891
v 4.128562 -0.017093 -10.479665
v 4.702171 0.017093 -10.493232
v 4.173984 0.021833 -10.332006
s 0
f 1542 1541 1543
f 1542 1543 1544
o Plane.388
v 6.978186 -0.110478 -12.217393
v 4.376961 -0.086493 -11.196221
v 7.265425 0.086493 -11.490336
v 4.664200 0.110478 -10.469165
s 0
f 1546 1545 1547
f 1546 1547 1548
o Plane.389
v 7.757014 -0.026626 -11.951838
v 7.155996 -0.020845 -11.647933
v 7.842393 0.020845 -11.783891
v 7.241375 0.026626 -11.479986
s 0
f 1550 1549 1551
f 1550 1551 1552
o Plane.390
v 8.080420 -0.016536 -12.100898
v 7.738067 -0.012946 -11.860605
v 8.147847 0.012946 -12.005272
v 7.805494 0.016536 -11.764979
s 0
f 1554 1553 1555
f 1554 1555 1556
o Plane.391
v 8.295715 -0.012844 -12.299896
v 8.073299 -0.010056 -12.063067
v 8.362101 0.010056 -12.237821
v 8.139685 0.012844 -12.000992
s 0
f 1558 1557 1559
f 1558 1559 1560
o Plane.392
v 8.385340 -0.011547 -12.532328
v 8.272294 -0.009040 -12.263015
v 8.460746 0.009040 -12.500867
v 8.347700 0.011547 -12.231554
s 0
f 1562 1561 1563
f 1562 1563 1564
o Plane.393
v 8.324873 -0.011547 -12.750600
v 8.384163 -0.009040 -12.464605
v 8.404842 0.009040 -12.767359
v 8.464132 0.011547 -12.481364
s 0
f 1566 1565 1567
f 1566 1567 1568
o Plane.394
v 8.173286 -0.011547 -12.918319
v 8.352992 -0.009040 -12.688070
v 8.237588 0.009040 -12.968729
v 8.417294 0.011547 -12.738481
s 0
f 1570 1569 1571
f 1570 1571 1572
o Plane.395
v 7.137426 -0.043140 -13.206577
v 8.095029 -0.033774 -12.683366
v 7.283212 0.033774 -13.474776
v 8.240814 0.043140 -12.951565
s 0
f 1574 1573 1575
f 1574 1575 1576
o Plane.396
v 6.230451 -0.043140 -13.685133
v 7.188053 -0.033774 -13.161922
v 6.376235 0.033774 -13.953332
v 7.333838 0.043140 -13.430120
s 0
f 1578 1577 1579
f 1578 1579 1580
o Plane.397
v 5.612541 -0.043140 -14.188643
v 6.440943 -0.033774 -13.478360
v 5.810736 0.033774 -14.420812
v 6.639139 0.043140 -13.710529
s 0
f 1582 1581 1583
f 1582 1583 1584
o Plane.398
v 4.745234 -0.043140 -14.623630
v 5.719880 -0.033774 -14.132898
v 4.881923 0.033774 -14.896576
v 5.856569 0.043140 -14.405845
s 0
f 1586 1585 1587
f 1586 1587 1588
o Plane.399
v 4.119312 -0.043140 -15.080215
v 5.013816 -0.033774 -14.455223
v 4.293608 0.033774 -15.330824
v 5.188112 0.043140 -14.705832
s 0
f 1590 1589 1591
f 1590 1591 1592
o Plane.400
v 3.234368 -0.043140 -15.422827
v 4.244540 -0.033774 -15.010148
v 3.349200 0.033774 -15.705665
v 4.359373 0.043140 -15.292986
s 0
f 1594 1593 1595
f 1594 1595 1596
o Plane.401
v 2.346845 -0.043140 -15.632886
v 3.407978 -0.033774 -15.378426
v 2.417387 0.033774 -15.929884
v 3.478519 0.043140 -15.675424
s 0
f 1598 1597 1599
f 1598 1599 1600
o Plane.402
v 1.373396 -0.043140 -15.794682
v 2.446407 -0.033774 -15.596184
v 1.428275 0.033774 -16.094969
v 2.501286 0.043140 -15.896471
s 0
f 1602 1601 1603
f 1602 1603 1604
o Plane.403
v 0.399914 -0.043140 -15.837668
v 1.489417 -0.033774 -15.776549
v 0.416352 0.033774 -16.142487
v 1.505855 0.043140 -16.081367
s 0
f 1606 1605 1607
f 1606 1607 1608
o Plane.404
v -0.587542 -0.043140 -15.844539
v 0.503614 -0.033774 -15.833053
v -0.584989 0.033774 -16.149788
v 0.506167 0.043140 -16.138302
s 0
f 1610 1609 1611
f 1610 1611 1612
o Plane.405
v -1.638229 -0.043140 -15.827695
v -0.547020 -0.033774 -15.831661
v -1.639999 0.033774 -16.132950
v -0.548790 0.043140 -16.136917
s 0
f 1614 1613 1615
f 1614 1615 1616
o Plane.406
v -2.650273 -0.043140 -15.795053
v -1.559395 -0.033774 -15.822206
v -2.658529 0.033774 -16.100203
v -1.567651 0.043140 -16.127356
s 0
f 1618 1617 1619
f 1618 1619 1620
o Plane.407
v -3.636132 -0.043140 -15.689540
v -2.550249 -0.033774 -15.797289
v -3.666931 0.033774 -15.993242
v -2.581048 0.043140 -16.100990
s 0
f 1622 1621 1623
f 1622 1623 1624
o Plane.408
v -4.696446 -0.043140 -15.659804
v -3.605901 -0.033774 -15.698063
v -4.707808 0.033774 -15.964853
v -3.617263 0.043140 -16.003113
s 0
f 1626 1625 1627
f 1626 1627 1628
o Plane.409
v -5.727862 -0.043140 -15.712923
v -4.639338 -0.033774 -15.636323
v -5.707092 0.033774 -16.017477
v -4.618568 0.043140 -15.940876
s 0
f 1630 1629 1631
f 1630 1631 1632
o Plane.410
v -6.701020 -0.043140 -15.966626
v -5.644835 -0.033774 -15.692353
v -6.624933 0.033774 -16.262253
v -5.568748 0.043140 -15.987979
s 0
f 1634 1633 1635
f 1634 1635 1636
o Plane.411
v -7.670949 -0.043140 -16.375168
v -6.671302 -0.033774 -15.937607
v -7.549149 0.033774 -16.655075
v -6.549503 0.043140 -16.217514
s 0
f 1638 1637 1639
f 1638 1639 1640
o Plane.412
v -8.509560 -0.043140 -16.739782
v -7.509913 -0.033774 -16.302221
v -8.387760 0.033774 -17.019690
v -7.388114 0.043140 -16.582129
s 0
f 1642 1641 1643
f 1642 1643 1644
o Plane.413
v -9.094042 -0.043140 -17.536339
v -8.384089 -0.033774 -16.707653
v -8.862653 0.033774 -17.735443
v -8.152700 0.043140 -16.906757
s 0
f 1646 1645 1647
f 1646 1647 1648
o Plane.414
v -8.979161 -0.043140 -18.260050
v -8.786709 -0.033774 -17.185940
v -8.678802 0.033774 -18.314537
v -8.486350 0.043140 -17.240427
s 0
f 1650 1649 1651
f 1650 1651 1652
o Plane.415
v -8.921825 -0.043140 -19.133219
v -8.949136 -0.033774 -18.042345
v -8.616645 0.033774 -19.126238
v -8.643955 0.043140 -18.035364
s 0
f 1654 1653 1655
f 1654 1655 1656
o Plane.416
v -8.669606 -0.043140 -20.084850
v -8.962524 -0.033774 -19.033684
v -8.375372 0.033774 -20.003544
v -8.668290 0.043140 -18.952377
s 0
f 1658 1657 1659
f 1658 1659 1660
o Plane.417
v -8.314035 -0.043140 -20.932495
v -8.740008 -0.033774 -19.927856
v -8.032737 0.033774 -20.813938
v -8.458710 0.043140 -19.809299
s 0
f 1662 1661 1663
f 1662 1663 1664
o Plane.418
v -7.873151 -0.043140 -21.810104
v -8.369586 -0.033774 -20.838352
v -7.601009 0.033774 -21.671818
v -8.097445 0.043140 -20.700066
s 0
f 1666 1665 1667
f 1666 1667 1668
o Plane.419
v -7.463434 -0.043140 -22.740213
v -7.910788 -0.033774 -21.744911
v -7.184734 0.033774 -22.615673
v -7.632088 0.043140 -21.620371
s 0
f 1670 1669 1671
f 1670 1671 1672
o Plane.420
v -6.568569 -0.043140 -23.610245
v -7.402584 -0.033774 -22.906561
v -6.371214 0.033774 -23.377359
v -7.205229 0.043140 -22.673676
s 0
f 1674 1673 1675
f 1674 1675 1676
o Plane.421
v -7.159058 -0.015786 -22.898026
v -7.374365 -0.012359 -22.561733
v -7.064852 0.012359 -22.837997
v -7.280159 0.015786 -22.501705
s 0
f 1678 1677 1679
f 1678 1679 1680
o Plane.422
v -6.051626 -0.043140 -23.987848
v -6.915591 -0.033774 -23.321278
v -5.864635 0.033774 -23.746563
v -6.728600 0.043140 -23.079992
s 0
f 1682 1681 1683
f 1682 1683 1684
o Plane.423
v -5.204453 -0.070720 -25.396444
v -6.318169 -0.055367 -23.996592
v -4.812181 0.055367 -25.085737
v -5.925896 0.070720 -23.685884
s 0
f 1686 1685 1687
f 1686 1687 1688
o Plane.424
v -3.682735 -0.084889 -26.587074
v -5.402576 -0.066460 -25.301456
v -3.322052 0.066460 -26.106739
v -5.041893 0.084889 -24.821121
s 0
f 1690 1689 1691
f 1690 1691 1692
o Plane.425
v -2.573795 -0.084889 -27.316813
v -4.349913 -0.066460 -26.110134
v -2.235162 0.066460 -26.820686
v -4.011280 0.084889 -25.614008
s 0
f 1694 1693 1695
f 1694 1695 1696
o Plane.426
v -1.179016 -0.084889 -27.774551
v -3.158911 -0.066460 -26.943480
v -0.945332 0.066460 -27.221193
v -2.925227 0.084889 -26.390121
s 0
f 1698 1697 1699
f 1698 1699 1700
o Plane.427
v 0.127873 -0.084889 -27.956573
v -1.971095 -0.066460 -27.503805
v 0.255801 0.066460 -27.369677
v -1.843166 0.084889 -26.916908
s 0
f 1702 1701 1703
f 1702 1703 1704
o Plane.428
v 1.233127 -0.084889 -27.784296
v -0.912986 -0.066460 -27.854029
v 1.214918 0.066460 -27.183893
v -0.931195 0.084889 -27.253626
s 0
f 1706 1705 1707
f 1706 1707 1708
o Plane.429
v 2.891776 -0.084889 -27.362034
v 0.788349 -0.066460 -27.793610
v 2.772318 0.066460 -26.773354
v 0.668891 0.084889 -27.204929
s 0
f 1710 1709 1711
f 1710 1711 1712
o Plane.430
v 4.389187 -0.084889 -26.444006
v 2.539902 -0.066460 -27.535248
v 4.085039 0.066460 -25.926022
v 2.235754 0.084889 -27.017263
s 0
f 1714 1713 1715
f 1714 1715 1716
o Plane.431
v 4.914367 -0.084889 -25.833771
v 3.245168 -0.066460 -27.184488
v 4.537524 0.066460 -25.366007
v 2.868324 0.084889 -26.716724
s 0
f 1718 1717 1719
f 1718 1719 1720
o Plane.432
v 6.157546 -0.084889 -24.542669
v 4.803627 -0.066460 -26.209272
v 5.692144 0.066460 -24.162912
v 4.338226 0.084889 -25.829515
s 0
f 1722 1721 1723
f 1722 1723 1724
o Plane.433
v 5.043066 -0.023494 -25.354164
v 4.455684 -0.018393 -25.444326
v 5.018199 0.018393 -25.189795
v 4.430817 0.023494 -25.279957
s 0
f 1726 1725 1727
f 1726 1727 1728
o Plane.434
v 4.578877 -0.023494 -25.376610
v 4.213535 -0.018393 -25.845303
v 4.447985 0.018393 -25.274124
v 4.082643 0.023494 -25.742817
s 0
f 1730 1729 1731
f 1730 1731 1732
o Plane.435
v 6.669010 -0.043820 -23.734987
v 5.821964 -0.034307 -24.449902
v 6.469530 0.034307 -23.497601
v 5.622484 0.043820 -24.212515
s 0
f 1734 1733 1735
f 1734 1735 1736
o Plane.436
v 7.556991 -0.043820 -23.259363
v 6.590091 -0.034307 -23.801300
v 7.405973 0.034307 -22.988552
v 6.439073 0.043820 -23.530489
s 0
f 1738 1737 1739
f 1738 1739 1740
o Plane.437
v 8.480594 -0.043820 -22.867424
v 7.461011 -0.034307 -23.302212
v 8.359581 0.034307 -22.581940
v 7.339999 0.043820 -23.016727
s 0
f 1742 1741 1743
f 1742 1743 1744
o Plane.438
v 10.452765 -0.095381 -21.513849
v 8.707325 -0.074674 -23.179443
v 9.987883 0.074674 -21.024567
v 8.242443 0.095381 -22.690161
s 0
f 1746 1745 1747
f 1746 1747 1748
o Plane.439
v 11.004636 -0.095381 -19.618767
v 10.362145 -0.074674 -21.944269
v 10.354482 0.074674 -19.437628
v 9.711991 0.095381 -21.763130
s 0
f 1750 1749 1751
f 1750 1751 1752
o Plane.440
v 11.404203 -0.086705 -19.639616
v 13.054486 -0.067881 -21.084116
v 10.999116 0.067881 -20.100397
v 12.649399 0.086705 -21.544897
s 0
f 1754 1753 1755
f 1754 1755 1756
o Plane.441
v 10.526312 -0.032225 -19.354519
v 11.303545 -0.025229 -19.108929
v 10.594543 0.025229 -19.572094
v 11.371777 0.032225 -19.326504
s 0
f 1758 1757 1759
f 1758 1759 1760
o Plane.442
v 10.369231 -0.010377 -19.417227
v 10.617684 -0.008124 -19.332554
v 10.392768 0.008124 -19.486782
v 10.641221 0.010377 -19.402109
s 0
f 1762 1761 1763
f 1762 1763 1764
o Plane.443
v 10.325863 -0.005768 -19.557566
v 10.362446 -0.004516 -19.416334
v 10.365349 0.004516 -19.567884
v 10.401932 0.005768 -19.426653
s 0
f 1766 1765 1767
f 1766 1767 1768
o Plane.444
v 11.401693 -0.032095 -19.963726
v 11.096171 -0.025127 -19.211592
v 11.612283 0.025127 -19.878714
v 11.306761 0.032095 -19.126579
s 0
f 1770 1769 1771
f 1770 1771 1772
o Plane.445
v 12.547637 -0.086705 -20.828989
v 14.703602 -0.067881 -20.426699
v 12.658871 0.067881 -21.432348
v 14.814836 0.086705 -21.030058
s 0
f 1774 1773 1775
f 1774 1775 1776
o Plane.446
v 14.603882 -0.086705 -20.444263
v 16.762617 -0.067881 -20.057123
v 14.710876 0.067881 -21.048388
v 16.869612 0.086705 -20.661247
s 0
f 1778 1777 1779
f 1778 1779 1780
o Plane.447
v 16.712294 -0.086705 -20.075962
v 18.897127 -0.067881 -19.884855
v 16.764433 0.067881 -20.687269
v 18.949266 0.086705 -20.496162
s 0
f 1782 1781 1783
f 1782 1783 1784
o Plane.448
v 18.863756 -0.086705 -19.868937
v 21.048283 -0.067881 -19.674355
v 18.916866 0.067881 -20.480160
v 21.101393 0.086705 -20.285578
s 0
f 1786 1785 1787
f 1786 1787 1788
o Plane.449
v 20.970451 -0.086705 -19.689297
v 23.154978 -0.067881 -19.494715
v 21.023561 0.067881 -20.300520
v 23.208088 0.086705 -20.105938
s 0
f 1790 1789 1791
f 1790 1791 1792
o Plane.450
v 23.067432 -0.200167 -19.490404
v 28.110611 -0.156710 -19.041195
v 23.190044 0.156710 -20.901470
v 28.233223 0.200167 -20.452261
s 0
f 1794 1793 1795
f 1794 1795 1796
o Plane.451
v 26.946037 -0.200167 -19.070789
v 31.989216 -0.156710 -18.621580
v 27.068649 0.156710 -20.481855
v 32.111828 0.200167 -20.032646
s 0
f 1798 1797 1799
f 1798 1799 1800
o Plane.452
v 32.089844 -0.200167 -18.862129
v 37.058960 -0.156710 -17.890863
v 32.358543 0.156710 -20.252790
v 37.327660 0.200167 -19.281525
s 0
f 1802 1801 1803
f 1802 1803 1804
o Plane.453
v 31.919352 -0.071315 -18.618603
v 33.719379 -0.055833 -18.736582
v 31.885258 0.055833 -19.122076
v 33.685287 0.071315 -19.240055
s 0
f 1806 1805 1807
f 1806 1807 1808
o Plane.454
v 36.453651 -0.200167 -18.047829
v 41.379116 -0.156710 -16.875116
v 36.778728 0.156710 -19.426401
v 41.704193 0.200167 -18.253689
s 0
f 1810 1809 1811
f 1810 1811 1812
o Plane.455
v 39.881023 -0.200167 -17.467743
v 44.556881 -0.156710 -15.525626
v 40.421490 0.156710 -18.776955
v 45.097347 0.200167 -16.834839
s 0
f 1814 1813 1815
f 1814 1815 1816
o Plane.456
v 42.465981 -0.200167 -16.811262
v 46.298920 -0.156710 -13.503087
v 43.389099 0.156710 -17.885500
v 47.222038 0.200167 -14.577326
s 0
f 1818 1817 1819
f 1818 1819 1820
o Plane.457
v 46.012192 -0.088241 -13.840159
v 47.494202 -0.069083 -12.171172
v 46.478180 0.069083 -14.255750
v 47.960190 0.088241 -12.586762
s 0
f 1822 1821 1823
f 1822 1823 1824
o Plane.458
v 46.852169 -0.088241 -13.056465
v 47.551521 -0.069083 -10.936848
v 47.444695 0.069083 -13.253386
v 48.144047 0.088241 -11.133768
s 0
f 1826 1825 1827
f 1826 1827 1828
o Plane.459
v 47.477341 -0.054756 -11.935598
v 47.246941 -0.042868 -10.569863
v 47.859535 0.042868 -11.871972
v 47.629135 0.054756 -10.506237
s 0
f 1830 1829 1831
f 1830 1831 1832
o Plane.460
v 47.263729 -0.054756 -10.612600
v 47.643650 -0.042868 -9.280694
v 47.636089 0.042868 -10.719686
v 48.016010 0.054756 -9.387779
s 0
f 1834 1833 1835
f 1834 1835 1836
o Plane.461
v 47.535843 -0.054756 -10.082259
v 47.436146 -0.042868 -8.700819
v 47.922352 0.042868 -10.055206
v 47.822655 0.054756 -8.673766
s 0
f 1838 1837 1839
f 1838 1839 1840
o Plane.462
v 47.584522 -0.054756 -9.439550
v 47.081863 -0.042868 -8.148951
v 47.945862 0.042868 -9.299715
v 47.443203 0.054756 -8.009115
s 0
f 1842 1841 1843
f 1842 1843 1844
o Plane.463
v 47.514515 -0.054756 -8.827093
v 46.683048 -0.042868 -7.719405
v 47.824886 0.042868 -8.595166
v 46.993420 0.054756 -7.487478
s 0
f 1846 1845 1847
f 1846 1847 1848
o Plane.464
v 46.721443 -0.054756 -7.804650
v 46.313393 -0.042868 -6.481091
v 47.091949 0.042868 -7.691301
v 46.683899 0.054756 -6.367742
s 0
f 1850 1849 1851
f 1850 1851 1852
o Plane.465
v 46.738079 -0.054756 -7.290343
v 45.725105 -0.042868 -6.345781
v 47.002930 0.042868 -7.007542
v 45.989956 0.054756 -6.062980
s 0
f 1854 1853 1855
f 1854 1855 1856
o Plane.466
v 45.777248 -0.054756 -6.400393
v 44.764275 -0.042868 -5.455831
v 46.042099 0.042868 -6.117592
v 45.029125 0.054756 -5.173030
s 0
f 1858 1857 1859
f 1858 1859 1860
o Plane.467
v 44.829430 -0.054756 -5.513464
v 43.845112 -0.042868 -4.539074
v 45.102604 0.042868 -5.238698
v 44.118286 0.054756 -4.264308
s 0
f 1862 1861 1863
f 1862 1863 1864
o Plane.468
v 44.083210 -0.119726 -4.802910
v 41.930962 -0.093734 -2.672366
v 44.680519 0.093734 -4.202123
v 42.528271 0.119726 -2.071579
s 0
f 1866 1865 1867
f 1866 1867 1868
o Plane.469
v 42.833988 -0.119726 -3.522969
v 40.493832 -0.093734 -1.600718
v 43.373142 0.093734 -2.869490
v 41.032986 0.119726 -0.947238
s 0
f 1870 1869 1871
f 1870 1871 1872
o Plane.470
v 40.962627 -0.100041 -1.980648
v 39.152969 -0.078322 -0.211890
v 41.458519 0.078322 -1.475480
v 39.648861 0.100041 0.293279
s 0
f 1874 1873 1875
f 1874 1875 1876
o Plane.471
v 39.166550 -0.040485 -0.238929
v 38.657852 -0.031696 0.649836
v 39.415482 0.031696 -0.097162
v 38.906784 0.040485 0.791603
s 0
f 1878 1877 1879
f 1878 1879 1880
o Plane.472
v 38.649326 -0.040485 0.637630
v 38.407013 -0.031696 1.632598
v 38.927811 0.031696 0.704813
v 38.685497 0.040485 1.699781
s 0
f 1882 1881 1883
f 1882 1883 1884
o Plane.473
v 38.390373 -0.040485 1.622751
v 38.281494 -0.031696 2.640996
v 38.675285 0.031696 1.652593
v 38.566406 0.040485 2.670837
s 0
f 1886 1885 1887
f 1886 1887 1888
o Plane.474
v 38.286972 -0.040485 2.599251
v 38.365318 -0.031696 3.620298
v 38.572556 0.031696 2.576716
v 38.650902 0.040485 3.597764
s 0
f 1890 1889 1891
f 1890 1891 1892
o Plane.475
v 38.362591 -0.040485 3.587172
v 38.577576 -0.031696 4.588400
v 38.642548 0.031696 3.526425
v 38.857533 0.040485 4.527653
s 0
f 1894 1893 1895
f 1894 1895 1896
o Plane.476
v 38.587040 -0.040485 4.554391
v 38.891663 -0.031696 5.532084
v 38.860359 0.031696 4.468584
v 39.164982 0.040485 5.446277
s 0
f 1898 1897 1899
f 1898 1899 1900
o Plane.477
v 38.872772 -0.040485 5.479729
v 39.177395 -0.031696 6.457421
v 39.146091 0.031696 5.393922
v 39.450714 0.040485 6.371614
s 0
f 1902 1901 1903
f 1902 1903 1904
o Plane.478
v 39.174450 -0.041321 6.427630
v 39.485363 -0.032350 7.425514
v 39.453411 0.032350 6.340052
v 39.764324 0.041321 7.337935
s 0
f 1906 1905 1907
f 1906 1907 1908
o Plane.479
v 39.463104 -0.041321 7.354357
v 39.774017 -0.032350 8.352242
v 39.742065 0.032350 7.266778
v 40.052979 0.041321 8.264662
s 0
f 1910 1909 1911
f 1910 1911 1912
o Plane.480
v 39.759354 -0.041321 8.288680
v 40.070267 -0.032350 9.286564
v 40.038315 0.032350 8.201101
v 40.349228 0.041321 9.198985
s 0
f 1914 1913 1915
f 1914 1915 1916
o Plane.481
v 40.074593 -0.041321 9.287570
v 40.385506 -0.032350 10.285454
v 40.353554 0.032350 9.199991
v 40.664467 0.041321 10.197875
s 0
f 1918 1917 1919
f 1918 1919 1920
o Plane.482
v 40.350548 -0.041321 10.217674
v 40.863266 -0.032350 11.128475
v 40.605026 0.032350 10.073694
v 41.117744 0.041321 10.984495
s 0
f 1922 1921 1923
f 1922 1923 1924
o Plane.483
v 40.812973 -0.041321 11.027871
v 41.300995 -0.032350 11.952140
v 41.071236 0.032350 10.890792
v 41.559258 0.041321 11.815061
s 0
f 1926 1925 1927
f 1926 1927 1928
o Plane.484
v 41.283459 -0.041321 11.916822
v 41.799530 -0.032350 12.825729
v 41.537407 0.032350 11.771906
v 42.053478 0.041321 12.680813
s 0
f 1930 1929 1931
f 1930 1931 1932
o Plane.485
v 41.757126 -0.041321 12.787730
v 42.257778 -0.032350 13.705219
v 42.013485 0.032350 12.647121
v 42.514137 0.041321 13.564610
s 0
f 1934 1933 1935
f 1934 1935 1936
o Plane.486
v 42.243279 -0.041321 13.668880
v 42.743931 -0.032350 14.586370
v 42.499638 0.032350 13.528272
v 43.000290 0.041321 14.445761
s 0
f 1938 1937 1939
f 1938 1939 1940
o Plane.487
v 42.591492 -0.041321 14.299353
v 42.896763 -0.032350 15.298977
v 42.870945 0.032350 14.213350
v 43.176216 0.041321 15.212975
s 0
f 1942 1941 1943
f 1942 1943 1944
o Plane.488
v 42.856266 -0.041321 15.090528
v 43.081848 -0.032350 16.111092
v 43.141624 0.032350 15.026806
v 43.367207 0.041321 16.047369
s 0
f 1946 1945 1947
f 1946 1947 1948
o Plane.489
v 43.060230 -0.041321 15.992949
v 43.247940 -0.032350 17.021152
v 43.347748 0.032350 15.939816
v 43.535458 0.041321 16.968019
s 0
f 1950 1949 1951
f 1950 1951 1952
o Plane.490
v 43.242645 -0.041321 16.938742
v 43.296558 -0.032350 17.982548
v 43.534611 0.032350 16.923027
v 43.588524 0.041321 17.966833
s 0
f 1954 1953 1955
f 1954 1955 1956
o Plane.491
v 43.298267 -0.041321 17.854456
v 43.211098 -0.032350 18.896011
v 43.589691 0.032350 17.878212
v 43.502522 0.041321 18.919767
s 0
f 1958 1957 1959
f 1958 1959 1960
o Plane.492
v 43.232513 -0.041321 18.787121
v 42.910145 -0.032350 19.781363
v 43.510838 0.032350 18.876699
v 43.188469 0.041321 19.870941
s 0
f 1962 1961 1963
f 1962 1963 1964
o Plane.493
v 43.017242 -0.041321 19.566475
v 42.431923 -0.032350 20.432404
v 43.259834 0.032350 19.729691
v 42.674515 0.041321 20.595619
s 0
f 1966 1965 1967
f 1966 1967 1968
o Plane.494
v 42.581654 -0.041321 20.237183
v 41.764942 -0.032350 20.889425
v 42.764606 0.032350 20.465258
v 41.947895 0.041321 21.117500
s 0
f 1970 1969 1971
f 1970 1971 1972
o Plane.495
v 41.852425 -0.041321 20.806892
v 41.035713 -0.032350 21.459135
v 42.035378 0.032350 21.034967
v 41.218666 0.041321 21.687210
s 0
f 1974 1973 1975
f 1974 1975 1976
o Plane.496
v 41.312195 -0.041321 21.266005
v 40.329441 -0.032350 21.621857
v 41.412334 0.032350 21.540707
v 40.429581 0.041321 21.896559
s 0
f 1978 1977 1979
f 1978 1979 1980
o Plane.497
v 40.463882 -0.041321 21.585783
v 39.454395 -0.032350 21.856657
v 40.540272 0.032350 21.868017
v 39.530785 0.041321 22.138891
s 0
f 1982 1981 1983
f 1982 1983 1984
o Plane.498
v 39.613197 -0.041321 21.831352
v 38.578064 -0.032350 21.976049
v 39.654305 0.032350 22.120836
v 38.619171 0.041321 22.265533
s 0
f 1986 1985 1987
f 1986 1987 1988
o Plane.499
v 38.658207 -0.041321 21.987309
v 37.613327 -0.032350 21.961590
v 38.651642 0.032350 22.279621
v 37.606762 0.041321 22.253902
s 0
f 1990 1989 1991
f 1990 1991 1992
o Plane.500
v 37.789028 -0.059278 21.993273
v 36.334023 -0.046409 21.631041
v 37.688576 0.046409 22.400518
v 36.233570 0.059278 22.038286
s 0
f 1994 1993 1995
f 1994 1995 1996
o Plane.501
v 36.826378 -0.059278 21.773539
v 35.467739 -0.046409 21.139225
v 36.649754 0.046409 22.153992
v 35.291115 0.059278 21.519678
s 0
f 1998 1997 1999
f 1998 1999 2000
o Plane.502
v 35.655437 -0.059278 21.226917
v 34.316544 -0.046409 20.551926
v 35.467422 0.046409 21.601871
v 34.128529 0.059278 20.926880
s 0
f 2002 2001 2003
f 2002 2003 2004
o Plane.503
v 34.657799 -0.059278 20.744259
v 33.732964 -0.046409 19.564035
v 34.328201 0.046409 21.003691
v 33.403366 0.059278 19.823467
s 0
f 2006 2005 2007
f 2006 2007 2008
o Plane.504
v 33.947933 -0.059278 19.880751
v 33.221874 -0.046409 18.568850
v 33.581379 0.046409 20.084654
v 32.855320 0.059278 18.772753
s 0
f 2010 2009 2011
f 2010 2011 2012
o Plane.505
v 33.407803 -0.059278 18.981337
v 32.976536 -0.046409 17.545280
v 33.006336 0.046409 19.102848
v 32.575069 0.059278 17.666792
s 0
f 2014 2013 2015
f 2014 2015 2016
o Plane.506
v 33.026558 -0.059278 17.792559
v 32.796391 -0.046409 16.310913
v 32.612217 0.046409 17.857841
v 32.382050 0.059278 16.376196
s 0
f 2018 2017 2019
f 2018 2019 2020
o Plane.507
v 32.898365 -0.059278 16.993483
v 32.920555 -0.046409 15.494231
v 32.478943 0.046409 16.988182
v 32.501133 0.059278 15.488931
s 0
f 2022 2021 2023
f 2022 2023 2024
o Plane.508
v 32.934067 -0.059278 15.602264
v 32.856934 -0.046409 14.104833
v 32.515221 0.046409 15.624747
v 32.438087 0.059278 14.127316
s 0
f 2026 2025 2027
f 2026 2027 2028
o Plane.509
v 32.870258 -0.059278 14.180270
v 32.793125 -0.046409 12.682838
v 32.451412 0.046409 14.202753
v 32.374279 0.059278 12.705321
s 0
f 2030 2029 2031
f 2030 2031 2032
o Plane.510
v 32.788422 -0.059278 12.731975
v 32.551098 -0.046409 11.251458
v 32.374401 0.046409 12.799260
v 32.137077 0.059278 11.318744
s 0
f 2034 2033 2035
f 2034 2035 2036
o Plane.511
v 32.537750 -0.059278 11.360115
v 32.300426 -0.046409 9.879599
v 32.123730 0.046409 11.427401
v 31.886406 0.059278 9.946884
s 0
f 2038 2037 2039
f 2038 2039 2040
o Plane.512
v 32.352924 -0.059278 10.385728
v 32.506794 -0.046409 8.894228
v 31.935595 0.046409 10.343586
v 32.089466 0.059278 8.852086
s 0
f 2042 2041 2043
f 2042 2043 2044
o Plane.513
v 32.527836 -0.050577 8.954350
v 32.146564 -0.039597 7.733154
v 32.186443 0.039597 9.061747
v 31.805174 0.050577 7.840550
s 0
f 2046 2045 2047
f 2046 2047 2048
o Plane.514
v 32.216221 -0.050577 7.928815
v 31.695971 -0.039597 6.760043
v 31.889578 0.039597 8.075058
v 31.369329 0.050577 6.906286
s 0
f 2050 2049 2051
f 2050 2051 2052
o Plane.515
v 31.844009 -0.050577 7.064446
v 31.422918 -0.039597 5.856403
v 31.506323 0.039597 7.182975
v 31.085232 0.050577 5.974932
s 0
f 2054 2053 2055
f 2054 2055 2056
o Plane.516
v 31.494799 -0.050577 6.151434
v 31.380638 -0.039597 4.877207
v 31.138412 0.039597 6.184141
v 31.024252 0.050577 4.909914
s 0
f 2058 2057 2059
f 2058 2059 2060
o Plane.517
v 31.410240 -0.050577 5.087200
v 31.269381 -0.039597 3.815647
v 31.054617 0.039597 5.127373
v 30.913757 0.050577 3.855820
s 1
f 2062 2061 2063
f 2062 2063 2064
o Plane.518
v 31.256981 -0.050577 3.999767
v 31.150126 -0.039597 2.724906
v 30.900412 0.039597 4.030430
v 30.793556 0.050577 2.755570
s 1
f 2066 2065 2067
f 2066 2067 2068
o Plane.519
v 31.135828 -0.050577 2.884012
v 31.226177 -0.039597 1.607875
v 30.778782 0.039597 2.859509
v 30.869131 0.050577 1.583372
s 1
f 2070 2069 2071
f 2070 2071 2072
o Plane.520
v 31.248087 -0.050577 1.735931
v 31.456484 -0.039597 0.473688
v 30.894857 0.039597 1.678398
v 31.103254 0.050577 0.416154
s 1
f 2074 2073 2075
f 2074 2075 2076
o Plane.521
v 31.442913 -0.050577 0.538981
v 31.669985 -0.039597 -0.720037
v 31.090574 0.039597 0.476221
v 31.317646 0.050577 -0.782797
s 1
f 2078 2077 2079
f 2078 2079 2080
o Plane.522
v 31.644167 -0.050577 -0.567241
v 31.922602 -0.039597 -1.815905
v 31.294695 0.039597 -0.644376
v 31.573130 0.050577 -1.893039
s 1
f 2082 2081 2083
f 2082 2083 2084
o Plane.523
v 31.901779 -0.050577 -1.766868
v 32.135761 -0.039597 -3.024620
v 31.549791 0.039597 -1.831562
v 31.783775 0.050577 -3.089314
s 1
f 2086 2085 2087
f 2086 2087 2088
o Plane.524
v 32.235161 -0.050577 -3.148417
v 33.277092 -0.039597 -3.890756
v 32.026863 0.039597 -3.439440
v 33.068794 0.050577 -4.181780
s 1
f 2090 2089 2091
f 2090 2091 2092
o Plane.525
v 32.056606 -0.025930 -2.776486
v 32.464649 -0.020301 -3.289994
v 31.912710 0.020301 -2.890322
v 32.320751 0.025930 -3.403830
s 1
f 2094 2093 2095
f 2094 2095 2096
o Plane.526
v 32.009190 -0.025930 -2.571421
v 32.288864 -0.020301 -3.164691
v 31.843056 0.020301 -2.649299
v 32.122730 0.025930 -3.242570
s 1
f 2098 2097 2099
f 2098 2099 2100
o Plane.527
v 32.321281 -0.018611 -3.150338
v 32.668922 -0.014570 -3.467755
v 32.232277 0.014570 -3.247396
v 32.579918 0.018611 -3.564813
s 1
f 2102 2101 2103
f 2102 2103 2104
o Plane.528
v 33.246967 -0.018611 -3.872242
v 33.626331 -0.014570 -4.150968
v 33.168766 0.014570 -3.978199
v 33.548130 0.018611 -4.256924
s 1
f 2106 2105 2107
f 2106 2107 2108
o Plane.529
v 33.582935 -0.018611 -4.114822
v 33.914066 -0.014570 -4.449425
v 33.489132 0.014570 -4.207251
v 33.820263 0.018611 -4.541853
s 1
f 2110 2109 2111
f 2110 2111 2112
o Plane.530
v 33.888229 -0.018611 -4.419213
v 34.170105 -0.014570 -4.796244
v 33.782585 0.014570 -4.497838
v 34.064461 0.018611 -4.874868
s 1
f 2114 2113 2115
f 2114 2115 2116
o Plane.531
v 34.156067 -0.018611 -4.785877
v 34.378109 -0.014570 -5.200972
v 34.039814 0.014570 -4.847740
v 34.261856 0.018611 -5.262835
s 1
f 2118 2117 2119
f 2118 2119 2120
o Plane.532
v 34.367069 -0.018611 -5.183706
v 34.589111 -0.014570 -5.598801
v 34.250816 0.014570 -5.245569
v 34.472858 0.018611 -5.660664
s 1
f 2122 2121 2123
f 2122 2123 2124
o Plane.533
v 34.576496 -0.018611 -5.597997
v 34.766479 -0.014570 -6.028708
v 34.455894 0.014570 -5.650883
v 34.645878 0.018611 -6.081594
s 1
f 2126 2125 2127
f 2126 2127 2128
o Plane.534
v 34.765041 -0.018611 -6.022013
v 34.904125 -0.014570 -6.471748
v 34.639149 0.014570 -6.060648
v 34.778233 0.018611 -6.510384
s 1
f 2130 2129 2131
f 2130 2131 2132
o Plane.535
v 34.861752 -0.018611 -6.360497
v 35.000835 -0.014570 -6.810233
v 34.735859 0.014570 -6.399133
v 34.874943 0.018611 -6.848868
s 1
f 2134 2133 2135
f 2134 2135 2136
o Plane.536
v 35.001980 -0.028881 -6.792777
v 34.991810 -0.022611 -7.523249
v 34.797642 0.022611 -6.789489
v 34.787472 0.028881 -7.519962
s 1
f 2138 2137 2139
f 2138 2139 2140
o Plane.537
v 34.995140 -0.028881 -7.495079
v 34.811420 -0.022611 -8.202144
v 34.797451 0.022611 -7.443256
v 34.613731 0.028881 -8.150322
s 1
f 2142 2141 2143
f 2142 2143 2144
o Plane.538
v 34.817074 -0.028881 -8.171633
v 34.541283 -0.022611 -8.848119
v 34.627998 0.022611 -8.094073
v 34.352207 0.028881 -8.770559
s 1
f 2146 2145 2147
f 2146 2147 2148
o Plane.539
v 34.566517 -0.015940 -8.784206
v 34.345245 -0.012479 -9.121248
v 34.472366 0.012479 -8.722103
v 34.251095 0.015940 -9.059145
s 1
f 2150 2149 2151
f 2150 2151 2152
o Plane.540
v 34.369728 -0.015940 -9.090198
v 34.064079 -0.012479 -9.353138
v 34.296356 0.012479 -9.004536
v 33.990707 0.015940 -9.267476
s 1
f 2154 2153 2155
f 2154 2155 2156
o Plane.541
v 34.094112 -0.015940 -9.340907
v 33.716751 -0.012479 -9.482881
v 34.054626 0.012479 -9.235257
v 33.677265 0.015940 -9.377231
s 1
f 2158 2157 2159
f 2158 2159 2160
o Plane.542
v 33.736439 -0.015940 -9.478580
v 33.336216 -0.012479 -9.527383
v 33.723026 0.012479 -9.366591
v 33.322803 0.015940 -9.415395
s 1
f 2162 2161 2163
f 2162 2163 2164
o Plane.543
v 33.345509 -0.015940 -9.526998
v 32.942600 -0.012479 -9.512079
v 33.349926 0.012479 -9.414295
v 32.947018 0.015940 -9.399377
s 1
f 2166 2165 2167
f 2166 2167 2168
o Plane.544
v 32.976902 -0.015940 -9.510528
v 32.576691 -0.012479 -9.461632
v 32.990822 0.012479 -9.398602
v 32.590611 0.015940 -9.349706
s 1
f 2170 2169 2171
f 2170 2171 2172
o Plane.545
v 32.605042 -0.015940 -9.461654
v 32.208775 -0.012479 -9.387279
v 32.626087 0.012479 -9.350846
v 32.229820 0.015940 -9.276471
s 1
f 2174 2173 2175
f 2174 2175 2176
o Plane.546
v 32.220909 -0.015940 -9.381520
v 31.824642 -0.012479 -9.307145
v 32.241955 0.012479 -9.270713
v 31.845688 0.015940 -9.196338
s 1
f 2178 2177 2179
f 2178 2179 2180
o Plane.547
v 31.843616 -0.015940 -9.309911
v 31.452513 -0.012479 -9.211940
v 31.871260 0.012479 -9.200562
v 31.480156 0.015940 -9.102592
s 1
f 2182 2181 2183
f 2182 2183 2184
o Plane.548
v 31.472616 -0.015940 -9.217064
v 31.094437 -0.012479 -9.077282
v 31.511948 0.012479 -9.111355
v 31.133768 0.015940 -8.971573
s 1
f 2186 2185 2187
f 2186 2187 2188
o Plane.549
v 31.104456 -0.015940 -9.074986
v 30.757437 -0.012479 -8.869716
v 31.162088 0.012479 -8.978034
v 30.815069 0.015940 -8.772763
s 1
f 2190 2189 2191
f 2190 2191 2192
o Plane.550
v 30.765505 -0.015940 -8.877618
v 30.448246 -0.012479 -8.628808
v 30.835300 0.012479 -8.789018
v 30.518042 0.015940 -8.540208
s 1
f 2194 2193 2195
f 2194 2195 2196
o Plane.551
v 30.469120 -0.015940 -8.634486
v 30.159452 -0.012479 -8.376289
v 30.541536 0.012479 -8.548016
v 30.231869 0.015940 -8.289819
s 1
f 2198 2197 2199
f 2198 2199 2200
o Plane.552
v 30.169725 -0.015940 -8.384920
v 29.874311 -0.012479 -8.110531
v 30.246664 0.012479 -8.302446
v 29.951250 0.015940 -8.028057
s 1
f 2202 2201 2203
f 2202 2203 2204
o Plane.553
v 29.906429 -0.015940 -8.141975
v 29.611015 -0.012479 -7.867586
v 29.983368 0.012479 -8.059502
v 29.687954 0.015940 -7.785112
s 1
f 2206 2205 2207
f 2206 2207 2208
o Plane.554
v 29.619804 -0.015940 -7.873395
v 29.348999 -0.012479 -7.574692
v 29.703529 0.012479 -7.797820
v 29.432724 0.015940 -7.499117
s 1
f 2210 2209 2211
f 2210 2211 2212
o Plane.555
v 29.352650 -0.015940 -7.581123
v 29.142963 -0.012479 -7.236753
v 29.449112 0.012479 -7.522673
v 29.239426 0.015940 -7.178303
s 1
f 2214 2213 2215
f 2214 2215 2216
o Plane.556
v 29.144722 -0.015940 -7.237103
v 29.003304 -0.012479 -6.859532
v 29.250431 0.012479 -7.197771
v 29.109013 0.015940 -6.820200
s 1
f 2218 2217 2219
f 2218 2219 2220
o Plane.557
v 29.012255 -0.015940 -6.877099
v 28.959196 -0.012479 -6.477418
v 29.124094 0.012479 -6.862498
v 29.071035 0.015940 -6.462818
s 1
f 2222 2221 2223
f 2222 2223 2224
o Plane.558
v 28.962183 -0.015940 -6.496970
v 28.922352 -0.012479 -6.095757
v 29.074444 0.012479 -6.486070
v 29.034613 0.015940 -6.084856
s 1
f 2226 2225 2227
f 2226 2227 2228
o Plane.559
v 28.922752 -0.015940 -6.106478
v 28.882921 -0.012479 -5.705264
v 29.035013 0.012479 -6.095577
v 28.995182 0.015940 -5.694364
s 1
f 2230 2229 2231
f 2230 2231 2232
o Plane.560
v 28.881826 -0.015940 -5.708085
v 28.844910 -0.012479 -5.306592
v 28.994164 0.012479 -5.698001
v 28.957247 0.015940 -5.296508
s 1
f 2234 2233 2235
f 2234 2235 2236
o Plane.561
v 28.848755 -0.015940 -5.330312
v 28.811838 -0.012479 -4.928819
v 28.961092 0.012479 -5.320228
v 28.924175 0.015940 -4.918735
s 1
f 2238 2237 2239
f 2238 2239 2240
o Plane.562
v 28.805614 -0.015940 -4.933708
v 28.766014 -0.012479 -4.532471
v 28.917881 0.012479 -4.922873
v 28.878281 0.015940 -4.521636
s 1
f 2242 2241 2243
f 2242 2243 2244
o Plane.563
v 28.778809 -0.042095 -4.577209
v 28.674229 -0.032956 -3.517570
v 29.075298 0.032956 -4.548594
v 28.970718 0.042095 -3.488955
s 1
f 2246 2245 2247
f 2246 2247 2248
o Plane.564
v 28.734524 -0.042095 -4.105003
v 28.552933 -0.032956 -3.055815
v 29.028137 0.032956 -4.054840
v 28.846546 0.042095 -3.005651
s 1
f 2250 2249 2251
f 2250 2251 2252
o Plane.565
v 28.573080 -0.026868 -3.275790
v 28.510916 -0.021035 -2.599012
v 28.762442 0.021035 -3.258810
v 28.700277 0.026868 -2.582031
s 1
f 2254 2253 2255
f 2254 2255 2256
o Plane.566
v 28.498697 -0.026868 -2.640258
v 28.655718 -0.021035 -1.979018
v 28.683580 0.021035 -2.684583
v 28.840601 0.026868 -2.023343
s 1
f 2258 2257 2259
f 2258 2259 2260
o Plane.567
v 28.643396 -0.026868 -2.094433
v 28.800417 -0.021035 -1.433193
v 28.828279 0.021035 -2.138758
v 28.985300 0.026868 -1.477519
s 1
f 2262 2261 2263
f 2262 2263 2264
o Plane.568
v 28.716433 -0.026868 -1.800283
v 28.711155 -0.021035 -1.120676
v 28.906551 0.021035 -1.799217
v 28.901274 0.026868 -1.119610
s 1
f 2266 2265 2267
f 2266 2267 2268
o Plane.569
v 28.705452 -0.026868 -1.182159
v 28.678308 -0.021035 -0.503073
v 28.895437 0.021035 -1.174977
v 28.868294 0.026868 -0.495891
s 1
f 2270 2269 2271
f 2270 2271 2272
o Plane.570
v 28.688967 -0.026868 -0.610691
v 28.661823 -0.021035 0.068394
v 28.878952 0.021035 -0.603509
v 28.851809 0.026868 0.075576
s 1
f 2274 2273 2275
f 2274 2275 2276
o Plane.571
v 28.668556 -0.026868 -0.057482
v 28.656479 -0.021035 0.622038
v 28.858654 0.021035 -0.054514
v 28.846577 0.026868 0.625006
s 1
f 2278 2277 2279
f 2278 2279 2280
o Plane.572
v 28.662510 -0.026868 0.577388
v 28.658840 -0.021035 1.257006
v 28.852631 0.021035 0.578004
v 28.848961 0.026868 1.257621
s 1
f 2282 2281 2283
f 2282 2283 2284
o Plane.573
v 28.663040 -0.026868 1.223900
v 28.684055 -0.021035 1.903202
v 28.853058 0.021035 1.217610
v 28.874073 0.026868 1.896912
s 1
f 2286 2285 2287
f 2286 2287 2288
o Plane.574
v 28.694733 -0.026868 1.888537
v 28.725740 -0.021035 2.567457
v 28.884638 0.021035 1.879452
v 28.915646 0.026868 2.558372
s 1
f 2290 2289 2291
f 2290 2291 2292
o Plane.575
v 28.714880 -0.026868 2.487479
v 28.745888 -0.021035 3.166399
v 28.904785 0.021035 2.478394
v 28.935793 0.026868 3.157314
s 1
f 2294 2293 2295
f 2294 2295 2296
o Plane.576
v 28.741924 -0.026868 3.105358
v 28.740608 -0.021035 3.784984
v 28.932045 0.021035 3.105315
v 28.930729 0.026868 3.784941
s 1
f 2298 2297 2299
f 2298 2299 2300
o Plane.577
v 28.739742 -0.020796 3.756299
v 28.778862 -0.016281 4.280870
v 28.886463 0.016281 3.745038
v 28.925583 0.020796 4.269609
s 1
f 2302 2301 2303
f 2302 2303 2304
o Plane.578
v 28.788086 -0.016236 4.271438
v 28.926702 -0.012711 4.658008
v 28.896143 0.012711 4.232427
v 29.034760 0.016236 4.618998
s 1
f 2306 2305 2307
f 2306 2307 2308
o Plane.579
v 28.924627 -0.016236 4.618160
v 28.963367 -0.012711 5.027000
v 29.038975 0.012711 4.607075
v 29.077715 0.016236 5.015915
s 1
f 2310 2309 2311
f 2310 2311 2312
o Plane.580
v 28.972313 -0.014298 5.002318
v 29.013809 -0.011194 5.361580
v 29.072788 0.011194 4.990493
v 29.114285 0.014298 5.349754
s 1
f 2314 2313 2315
f 2314 2315 2316
o Plane.581
v 29.016045 -0.014298 5.336954
v 29.116276 -0.011194 5.684437
v 29.113190 0.011194 5.308705
v 29.213421 0.014298 5.656188
s 1
f 2318 2317 2319
f 2318 2319 2320
o Plane.582
v 29.106123 -0.014298 5.655971
v 29.225756 -0.011194 5.997261
v 29.201525 0.011194 5.622298
v 29.321157 0.014298 5.963587
s 1
f 2322 2321 2323
f 2322 2323 2324
o Plane.583
v 29.204655 -0.014298 5.933963
v 29.317022 -0.011194 6.277714
v 29.300749 0.011194 5.902322
v 29.413116 0.014298 6.246072
s 1
f 2326 2325 2327
f 2326 2327 2328
o Plane.584
v 29.271326 -0.014298 6.091638
v 29.278271 -0.011194 6.453221
v 29.372471 0.011194 6.089477
v 29.379416 0.014298 6.451060
s 1
f 2330 2329 2331
f 2330 2331 2332
o Plane.585
v 29.282795 -0.014298 6.421083
v 29.299868 -0.011194 6.782331
v 29.383841 0.011194 6.416089
v 29.400913 0.014298 6.777336
s 1
f 2334 2333 2335
f 2334 2335 2336
o Plane.586
v 29.297447 -0.014298 6.699491
v 29.314520 -0.011194 7.060738
v 29.398493 0.011194 6.694496
v 29.415565 0.014298 7.055743
s 1
f 2338 2337 2339
f 2338 2339 2340
o Plane.587
v 29.348400 -0.014298 6.697341
v 29.242197 -0.011194 7.043046
v 29.445173 0.011194 6.726841
v 29.338970 0.014298 7.072546
s 1
f 2342 2341 2343
f 2342 2343 2344
o Plane.588
v 29.239222 -0.014298 7.041948
v 29.266695 -0.011194 7.402554
v 29.340082 0.011194 7.034045
v 29.367556 0.014298 7.394650
s 1
f 2346 2345 2347
f 2346 2347 2348
o Plane.589
v 29.294258 -0.014298 7.355058
v 29.213835 -0.011194 7.707652
v 29.392942 0.011194 7.377342
v 29.312519 0.014298 7.729937
s 1
f 2350 2349 2351
f 2350 2351 2352
o Plane.590
v 29.222824 -0.014298 7.675592
v 29.142401 -0.011194 8.028187
v 29.321508 0.011194 7.697877
v 29.241085 0.014298 8.050471
s 1
f 2354 2353 2355
f 2354 2355 2356
o Plane.591
v 29.172419 -0.014298 7.926930
v 28.945225 -0.011194 8.208308
v 29.251270 0.011194 7.990315
v 29.024076 0.014298 8.271694
s 1
f 2358 2357 2359
f 2358 2359 2360
o Plane.592
v 28.972771 -0.014298 8.166873
v 28.745577 -0.011194 8.448252
v 29.051622 0.011194 8.230259
v 28.824429 0.014298 8.511638
s 1
f 2362 2361 2363
f 2362 2363 2364
o Plane.593
v 28.777613 -0.014298 8.426518
v 28.492086 -0.011194 8.648476
v 28.839876 0.011194 8.506258
v 28.554350 0.014298 8.728215
s 1
f 2366 2365 2367
f 2366 2367 2368
o Plane.594
v 28.510811 -0.014298 8.642273
v 28.229794 -0.011194 8.869912
v 28.574661 0.011194 8.720748
v 28.293644 0.014298 8.948387
s 1
f 2370 2369 2371
f 2370 2371 2372
o Plane.595
v -1.906925 0.000000 -1.340628
v 0.112669 0.000000 -1.442435
v -1.895558 0.000000 -1.115123
v 0.124037 0.000000 -1.216931
s 0
f 2374 2375 2373
f 2374 2376 2375
o Plane.596
v -3.230763 0.000000 -0.766181
v -1.315374 0.000000 -1.414572
v -3.158365 0.000000 -0.552312
v -1.242976 0.000000 -1.200703
s 0
f 2378 2379 2377
f 2378 2380 2379
o Plane.597
v -2.929198 0.000000 0.090264
v -1.790929 0.000000 -1.581103
v -2.742577 0.000000 0.217361
v -1.604307 0.000000 -1.454006
s 0
f 2382 2383 2381
f 2382 2384 2383
o Plane.598
v -2.944392 0.000000 0.722814
v -2.263829 0.000000 -1.181381
v -2.731774 0.000000 0.798805
v -2.051211 0.000000 -1.105391
s 0
f 2386 2387 2385
f 2386 2388 2387
o Plane.599
v -2.924742 0.000000 1.452310
v -2.616855 0.000000 -0.546273
v -2.701583 0.000000 1.486688
v -2.393697 0.000000 -0.511895
s 0
f 2390 2391 2389
f 2390 2392 2391
o Plane.600
v -2.272984 0.000000 2.259081
v -2.887104 0.000000 0.332431
v -2.057858 0.000000 2.190510
v -2.671978 0.000000 0.263859
s 0
f 2394 2395 2393
f 2394 2396 2395
o Plane.601
v -0.841852 0.000000 3.088756
v -2.503645 0.000000 1.936554
v -0.713199 0.000000 2.903203
v -2.374992 0.000000 1.751001
s 0
f 2398 2399 2397
f 2398 2400 2399
o Plane.602
v -1.563208 0.000000 2.888922
v -2.753991 0.000000 1.254553
v -1.380718 0.000000 2.755961
v -2.571501 0.000000 1.121592
s 0
f 2402 2403 2401
f 2402 2404 2403
o Plane.603
v -0.887952 0.000000 3.086073
v -0.730921 0.000000 3.239366
v -0.713633 0.000000 2.907502
v -0.556602 0.000000 3.060794
s 0
f 2406 2405 2407
f 2406 2407 2408
o Plane.604
v -0.784803 0.000000 3.161473
v -0.694771 0.000000 3.361602
v -0.557222 0.000000 3.059091
v -0.467190 0.000000 3.259220
s 0
f 2410 2409 2411
f 2410 2411 2412
o Plane.605
v -0.705944 0.000000 3.331131
v -0.641499 0.000000 3.540903
v -0.467398 0.000000 3.257846
v -0.402953 0.000000 3.467617
s 0
f 2414 2413 2415
f 2414 2415 2416
o Plane.606
v -0.642836 0.000000 3.537841
v -0.579594 0.000000 3.747978
v -0.403873 0.000000 3.465925
v -0.340632 0.000000 3.676062
s 0
f 2418 2417 2419
f 2418 2419 2420
o Plane.607
v -0.461779 0.000000 4.224969
v -0.539461 0.000000 3.683547
v -0.266522 0.000000 4.196954
v -0.344205 0.000000 3.655532
s 0
f 2422 2423 2421
f 2422 2424 2423
o Plane.608
v -0.391567 0.000000 4.760720
v -0.469249 0.000000 4.219298
v -0.196310 0.000000 4.732705
v -0.273992 0.000000 4.191283
s 0
f 2426 2427 2425
f 2426 2428 2427
o Plane.609
v -0.321354 0.000000 5.293418
v -0.399037 0.000000 4.751997
v -0.126098 0.000000 5.265403
v -0.203780 0.000000 4.723981
s 0
f 2430 2431 2429
f 2430 2432 2431
o Plane.610
v -0.254931 0.000000 5.826835
v -0.325392 0.000000 5.284425
v -0.059318 0.000000 5.801424
v -0.129779 0.000000 5.259014
s 0
f 2434 2435 2433
f 2434 2436 2435
o Plane.611
v -0.190824 0.000000 6.332058
v -0.261285 0.000000 5.789649
v 0.004789 0.000000 6.306647
v -0.065672 0.000000 5.764238
s 0
f 2438 2439 2437
f 2438 2440 2439
o Plane.612
v -0.033263 0.000000 6.624301
v -0.219442 0.000000 6.109995
v 0.152214 0.000000 6.557158
v -0.033964 0.000000 6.042852
s 0
f 2442 2443 2441
f 2442 2444 2443
o Plane.613
v 0.151575 0.000000 7.051071
v -0.066895 0.000000 6.549630
v 0.332413 0.000000 6.972283
v 0.113943 0.000000 6.470841
s 0
f 2446 2447 2445
f 2446 2448 2447
o Plane.614
v 0.301157 0.000000 7.391448
v 0.082688 0.000000 6.890007
v 0.481996 0.000000 7.312660
v 0.263526 0.000000 6.811219
s 0
f 2450 2451 2449
f 2450 2452 2451
o Plane.615
v 0.517900 0.000000 7.887514
v 0.299430 0.000000 7.386073
v 0.698738 0.000000 7.808726
v 0.480268 0.000000 7.307284
s 0
f 2454 2455 2453
f 2454 2456 2455
o Plane.616
v 0.767121 0.000000 8.331055
v 0.496221 0.000000 7.855885
v 0.938484 0.000000 8.233358
v 0.667585 0.000000 7.758189
s 0
f 2458 2459 2457
f 2458 2460 2459
o Plane.617
v 0.975886 0.000000 8.516108
v 0.624988 0.000000 8.096533
v 1.127200 0.000000 8.389561
v 0.776302 0.000000 7.969986
s 0
f 2462 2463 2461
f 2462 2464 2463
o Plane.618
v 1.333210 0.000000 8.882732
v 0.949869 0.000000 8.492576
v 1.473915 0.000000 8.744485
v 1.090574 0.000000 8.354328
s 0
f 2466 2467 2465
f 2466 2468 2467
o Plane.619
v 1.701062 0.000000 9.268900
v 1.317721 0.000000 8.878743
v 1.841767 0.000000 9.130652
v 1.458426 0.000000 8.740496
s 0
f 2470 2471 2469
f 2470 2472 2471
o Plane.620
v 2.055731 0.000000 9.668009
v 1.685202 0.000000 9.265665
v 2.200831 0.000000 9.534382
v 1.830302 0.000000 9.132038
s 0
f 2474 2475 2473
f 2474 2476 2475
o Plane.621
v 2.425109 0.000000 10.060282
v 2.054579 0.000000 9.657938
v 2.570209 0.000000 9.926655
v 2.199680 0.000000 9.524311
s 0
f 2478 2479 2477
f 2478 2480 2479
o Plane.622
v 2.803203 0.000000 10.439561
v 2.419696 0.000000 10.049568
v 2.943849 0.000000 10.301254
v 2.560342 0.000000 9.911262
s 0
f 2482 2483 2481
f 2482 2484 2483
o Plane.623
v 3.085438 0.000000 10.605419
v 2.631873 0.000000 10.299721
v 3.195684 0.000000 10.441847
v 2.742119 0.000000 10.136148
s 0
f 2486 2487 2485
f 2486 2488 2487
o Plane.624
v 3.528445 0.000000 10.714964
v 3.003647 0.000000 10.560820
v 3.584034 0.000000 10.525703
v 3.059237 0.000000 10.371559
s 0
f 2490 2491 2489
f 2490 2492 2491
o Plane.625
v 4.009360 0.000000 10.817522
v 3.476735 0.000000 10.693090
v 4.054235 0.000000 10.625439
v 3.521609 0.000000 10.501007
s 0
f 2494 2495 2493
f 2494 2496 2495
o Plane.626
v 4.506350 0.000000 10.896938
v 3.966568 0.000000 10.808577
v 4.538216 0.000000 10.702272
v 3.998434 0.000000 10.613911
s 0
f 2498 2499 2497
f 2498 2500 2499
o Plane.627
v 5.000032 0.000000 10.930770
v 4.454607 0.000000 10.889730
v 5.014833 0.000000 10.734070
v 4.469408 0.000000 10.693030
s 0
f 2502 2503 2501
f 2502 2504 2503
o Plane.628
v 5.502863 0.000000 10.942999
v 4.955915 0.000000 10.938434
v 5.504510 0.000000 10.745749
v 4.957562 0.000000 10.741184
s 0
f 2506 2507 2505
f 2506 2508 2507
o Plane.629
v 5.954962 0.000000 10.923532
v 5.408251 0.000000 10.940232
v 5.948939 0.000000 10.726367
v 5.402228 0.000000 10.743068
s 0
f 2510 2511 2509
f 2510 2512 2511
o Plane.630
v 6.421736 0.000000 10.882974
v 5.875951 0.000000 10.918913
v 6.408775 0.000000 10.686144
v 5.862990 0.000000 10.722083
s 0
f 2514 2515 2513
f 2514 2516 2515
o Plane.631
v 6.916075 0.000000 10.820477
v 6.373294 0.000000 10.888014
v 6.891719 0.000000 10.624729
v 6.348938 0.000000 10.692266
s 0
f 2518 2519 2517
f 2518 2520 2519
o Plane.632
v 7.422873 0.000000 10.680270
v 6.892216 0.000000 10.812842
v 7.375063 0.000000 10.488896
v 6.844406 0.000000 10.621469
s 0
f 2522 2523 2521
f 2522 2524 2523
o Plane.633
v 7.933152 0.000000 10.575747
v 7.397623 0.000000 10.687019
v 7.893023 0.000000 10.382616
v 7.357494 0.000000 10.493888
s 0
f 2526 2527 2525
f 2526 2528 2527
o Plane.634
v 8.423386 0.000000 10.469997
v 7.886950 0.000000 10.576818
v 8.384862 0.000000 10.276540
v 7.848427 0.000000 10.383360
s 0
f 2530 2531 2529
f 2530 2532 2531
o Plane.635
v 9.693494 0.000000 10.272733
v 8.444683 0.000000 10.767238
v 9.515158 0.000000 9.822366
v 8.266347 0.000000 10.316871
s 0
f 2534 2535 2533
f 2534 2536 2535
o Plane.636
v 10.296805 0.000000 9.969356
v 9.085900 0.000000 10.550536
v 10.087211 0.000000 9.532659
v 8.876306 0.000000 10.113839
s 0
f 2538 2539 2537
f 2538 2540 2539
o Plane.637
v 10.811797 0.000000 9.199796
v 9.889950 0.000000 10.176659
v 10.459505 0.000000 8.867344
v 9.537658 0.000000 9.844207
s 0
f 2542 2543 2541
f 2542 2544 2543
o Plane.638
v 11.417362 0.000000 8.068922
v 10.815942 0.000000 9.269903
v 10.984244 0.000000 7.852028
v 10.382824 0.000000 9.053009
s 0
f 2546 2547 2545
f 2546 2548 2547
o Plane.639
v 11.698112 0.000000 6.725203
v 11.463188 0.000000 8.047653
v 11.221188 0.000000 6.640481
v 10.986264 0.000000 7.962931
s 0
f 2550 2551 2549
f 2550 2552 2551
o Plane.640
v 12.053617 0.000000 5.499544
v 11.679346 0.000000 6.789499
v 11.588411 0.000000 5.364569
v 11.214141 0.000000 6.654524
s 0
f 2554 2555 2553
f 2554 2556 2555
o Plane.641
v 12.002188 0.000000 4.344342
v 12.023361 0.000000 5.687329
v 11.517857 0.000000 4.351978
v 11.539030 0.000000 5.694965
s 0
f 2558 2559 2557
f 2558 2560 2559
o Plane.642
v 11.946601 0.000000 3.274742
v 12.014581 0.000000 4.616174
v 11.462831 0.000000 3.299258
v 11.530810 0.000000 4.640690
s 0
f 2562 2563 2561
f 2562 2564 2563
o Plane.643
v 11.964303 0.000000 2.709173
v 12.006376 0.000000 4.051668
v 11.480150 0.000000 2.724346
v 11.522223 0.000000 4.066841
s 0
f 2566 2567 2565
f 2566 2568 2567
o Plane.644
v 12.330051 0.000000 1.612841
v 11.938910 0.000000 2.897781
v 11.866654 0.000000 1.471781
v 11.475513 0.000000 2.756721
s 0
f 2570 2571 2569
f 2570 2572 2571
o Plane.645
v 12.292411 0.000000 0.875107
v 12.159234 0.000000 2.211643
v 11.810407 0.000000 0.827079
v 11.677230 0.000000 2.163614
s 0
f 2574 2575 2573
f 2574 2576 2575
o Plane.646
v 12.415468 0.000000 -0.123023
v 12.282291 0.000000 1.213512
v 11.933464 0.000000 -0.171052
v 11.800287 0.000000 1.165484
s 0
f 2578 2579 2577
f 2578 2580 2579
o Plane.647
v 12.958281 0.000000 -1.924086
v 12.527549 0.000000 -0.651870
v 12.499473 0.000000 -2.079423
v 12.068741 0.000000 -0.807208
s 0
f 2582 2583 2581
f 2582 2584 2583
o Plane.648
v 12.335199 0.000000 -0.817713
v 12.206872 0.000000 -0.089808
v 12.072690 0.000000 -0.863993
v 11.944363 0.000000 -0.136088
s 0
f 2586 2587 2585
f 2586 2588 2587
o Plane.649
v 12.912563 0.000000 -2.573745
v 12.693388 0.000000 -1.928920
v 12.680016 0.000000 -2.652788
v 12.460840 0.000000 -2.007963
s 0
f 2590 2591 2589
f 2590 2592 2591
o Plane.650
v 13.338943 0.000000 -2.948523
v 12.854166 0.000000 -2.470161
v 13.166428 0.000000 -3.123351
v 12.681651 0.000000 -2.644989
s 0
f 2594 2595 2593
f 2594 2596 2595
o Plane.651
v 13.859669 0.000000 -3.275275
v 13.287994 0.000000 -2.905105
v 13.726171 0.000000 -3.481442
v 13.154497 0.000000 -3.111272
s 0
f 2598 2599 2597
f 2598 2600 2599
o Plane.652
v 14.432033 0.000000 -3.540866
v 13.814749 0.000000 -3.253118
v 14.328260 0.000000 -3.763481
v 13.710977 0.000000 -3.475734
s 0
f 2602 2603 2601
f 2602 2604 2603
o Plane.653
v 15.024128 0.000000 -3.763530
v 14.387267 0.000000 -3.522186
v 14.937091 0.000000 -3.993205
v 14.300230 0.000000 -3.751862
s 0
f 2606 2607 2605
f 2606 2608 2607
o Plane.654
v 15.641055 0.000000 -3.993237
v 15.004194 0.000000 -3.751893
v 15.554018 0.000000 -4.222912
v 14.917157 0.000000 -3.981568
s 0
f 2610 2611 2609
f 2610 2612 2611
o Plane.655
v 16.215273 0.000000 -3.916161
v 15.535496 0.000000 -3.957878
v 16.230318 0.000000 -4.161314
v 15.550540 0.000000 -4.203031
s 0
f 2614 2615 2613
f 2614 2616 2615
o Plane.656
v 16.796955 0.000000 -3.858152
v 16.117964 0.000000 -3.911162
v 16.816072 0.000000 -4.103021
v 16.137081 0.000000 -4.156031
s 0
f 2618 2619 2617
f 2618 2620 2619
o Plane.657
v 17.427326 0.000000 -3.747217
v 16.754650 0.000000 -3.853735
v 17.465740 0.000000 -3.989808
v 16.793064 0.000000 -4.096327
s 0
f 2622 2623 2621
f 2622 2624 2623
o Plane.658
v 17.975468 0.000000 -3.495568
v 17.338930 0.000000 -3.737760
v 18.062811 0.000000 -3.725127
v 17.426273 0.000000 -3.967319
s 0
f 2626 2627 2625
f 2626 2628 2627
o Plane.659
v 18.418907 0.000000 -3.162866
v 17.855534 0.000000 -3.545551
v 18.556919 0.000000 -3.366040
v 17.993546 0.000000 -3.748724
s 0
f 2630 2631 2629
f 2630 2632 2631
o Plane.660
v 18.873674 0.000000 -2.768657
v 18.352150 0.000000 -3.206665
v 19.031635 0.000000 -2.956738
v 18.510111 0.000000 -3.394746
s 0
f 2634 2635 2633
f 2634 2636 2635
o Plane.661
v 19.172289 0.000000 -2.257681
v 18.794662 0.000000 -2.824457
v 19.376690 0.000000 -2.393867
v 18.999063 0.000000 -2.960644
s 0
f 2638 2639 2637
f 2638 2640 2639
o Plane.662
v 19.360338 0.000000 -1.736131
v 19.085136 0.000000 -2.359109
v 19.585007 0.000000 -1.835380
v 19.309805 0.000000 -2.458357
s 0
f 2642 2643 2641
f 2642 2644 2643
o Plane.663
v 19.456495 0.000000 -1.104041
v 19.339231 0.000000 -1.774926
v 19.698442 0.000000 -1.146331
v 19.581179 0.000000 -1.817216
s 0
f 2646 2647 2645
f 2646 2648 2647
o Plane.664
v 19.382147 0.000000 -0.510936
v 19.449081 0.000000 -1.188696
v 19.626572 0.000000 -0.486797
v 19.693506 0.000000 -1.164557
s 0
f 2650 2651 2649
f 2650 2652 2651
o Plane.665
v 19.337521 0.000000 0.155526
v 19.379034 0.000000 -0.524264
v 19.582678 0.000000 0.170497
v 19.624191 0.000000 -0.509293
s 0
f 2654 2655 2653
f 2654 2656 2655
o Plane.666
v 19.295742 0.000000 0.827783
v 19.337255 0.000000 0.147993
v 19.540899 0.000000 0.842754
v 19.582413 0.000000 0.162964
s 0
f 2658 2659 2657
f 2658 2660 2659
o Plane.667
v 19.250166 0.000000 1.458261
v 19.291679 0.000000 0.778471
v 19.495323 0.000000 1.473232
v 19.536837 0.000000 0.793442
s 0
f 2662 2663 2661
f 2662 2664 2663
o Plane.668
v 19.193195 0.000000 2.122921
v 19.234709 0.000000 1.443131
v 19.438353 0.000000 2.137893
v 19.479866 0.000000 1.458103
s 0
f 2666 2667 2665
f 2666 2668 2667
o Plane.669
v 19.132427 0.000000 2.783784
v 19.173941 0.000000 2.103994
v 19.377584 0.000000 2.798755
v 19.419098 0.000000 2.118965
s 0
f 2670 2671 2669
f 2670 2672 2671
o Plane.670
v 19.052668 0.000000 3.429455
v 19.094181 0.000000 2.749665
v 19.297825 0.000000 3.444426
v 19.339338 0.000000 2.764636
s 0
f 2674 2675 2673
f 2674 2676 2675
o Plane.671
v 18.932568 0.000000 3.999886
v 19.050415 0.000000 3.329103
v 19.174477 0.000000 4.042387
v 19.292324 0.000000 3.371603
s 0
f 2678 2679 2677
f 2678 2680 2679
o Plane.672
v 18.889380 0.000000 4.496722
v 18.930834 0.000000 3.816929
v 19.134539 0.000000 4.511672
v 19.175993 0.000000 3.831879
s 0
f 2682 2683 2681
f 2682 2684 2683
o Plane.673
v 18.855196 0.000000 5.138595
v 18.896650 0.000000 4.458801
v 19.100355 0.000000 5.153544
v 19.141809 0.000000 4.473751
s 0
f 2686 2687 2685
f 2686 2688 2687
o Plane.674
v 18.844154 0.000000 5.762928
v 18.838879 0.000000 5.081892
v 19.089760 0.000000 5.761025
v 19.084484 0.000000 5.079989
s 0
f 2690 2691 2689
f 2690 2692 2691
o Plane.675
v 18.841057 0.000000 6.427834
v 18.834385 0.000000 5.746810
v 19.086658 0.000000 6.425428
v 19.079987 0.000000 5.744404
s 0
f 2694 2695 2693
f 2694 2696 2695
o Plane.676
v 18.953543 0.000000 7.088753
v 18.832165 0.000000 6.418599
v 19.195225 0.000000 7.044980
v 19.073847 0.000000 6.374826
s 0
f 2698 2699 2697
f 2698 2700 2699
o Plane.677
v 19.059889 0.000000 7.707837
v 18.938511 0.000000 7.037683
v 19.301571 0.000000 7.664064
v 19.180193 0.000000 6.993910
s 0
f 2702 2703 2701
f 2702 2704 2703
o Plane.678
v 19.075842 0.000000 8.282219
v 19.040493 0.000000 7.602080
v 19.321125 0.000000 8.269470
v 19.285776 0.000000 7.589332
s 0
f 2706 2707 2705
f 2706 2708 2707
o Plane.679
v 19.286596 0.000000 8.764932
v 19.056534 0.000000 8.123909
v 19.517773 0.000000 8.681963
v 19.287710 0.000000 8.040940
s 0
f 2710 2711 2709
f 2710 2712 2711
o Plane.680
v 19.587831 0.000000 9.350671
v 19.276896 0.000000 8.744737
v 19.806353 0.000000 9.238536
v 19.495417 0.000000 8.632602
s 0
f 2714 2715 2713
f 2714 2716 2715
o Plane.681
v 19.956070 0.000000 9.883955
v 19.564335 0.000000 9.326836
v 20.156986 0.000000 9.742682
v 19.765251 0.000000 9.185562
s 0
f 2718 2719 2717
f 2718 2720 2719
o Plane.682
v 20.347538 0.000000 10.326942
v 19.896263 0.000000 9.816854
v 20.531494 0.000000 10.164196
v 20.080219 0.000000 9.654108
s 0
f 2722 2723 2721
f 2722 2724 2723
o Plane.683
v 20.789164 0.000000 10.743781
v 20.296852 0.000000 10.273178
v 20.958881 0.000000 10.566235
v 20.466570 0.000000 10.095632
s 0
f 2726 2727 2725
f 2726 2728 2727
o Plane.684
v 21.302383 0.000000 11.111427
v 20.746014 0.000000 10.718630
v 21.444042 0.000000 10.910780
v 20.887672 0.000000 10.517982
s 0
f 2730 2731 2729
f 2730 2732 2731
o Plane.685
v 21.842512 0.000000 11.323241
v 21.215969 0.000000 11.056257
v 21.938797 0.000000 11.097286
v 21.312254 0.000000 10.830302
s 0
f 2734 2735 2733
f 2734 2736 2735
o Plane.686
v 22.396116 0.000000 11.488428
v 21.740461 0.000000 11.304163
v 22.462568 0.000000 11.251974
v 21.806913 0.000000 11.067709
s 0
f 2738 2739 2737
f 2738 2740 2739
o Plane.687
v 23.044853 0.000000 11.527585
v 22.364283 0.000000 11.501875
v 23.054125 0.000000 11.282146
v 22.373554 0.000000 11.256436
s 0
f 2742 2743 2741
f 2742 2744 2743
o Plane.688
v 23.591774 0.000000 11.554172
v 22.911203 0.000000 11.528461
v 23.601046 0.000000 11.308733
v 22.920475 0.000000 11.283023
s 0
f 2746 2747 2745
f 2746 2748 2747
o Plane.689
v 24.111162 0.000000 11.446310
v 23.435987 0.000000 11.535628
v 24.078951 0.000000 11.202817
v 23.403776 0.000000 11.292135
s 0
f 2750 2751 2749
f 2750 2752 2751
o Plane.690
v 24.712231 0.000000 11.328500
v 24.045624 0.000000 11.468042
v 24.661907 0.000000 11.088097
v 23.995300 0.000000 11.227639
s 0
f 2754 2755 2753
f 2754 2756 2755
o Plane.691
v 25.331314 0.000000 11.199366
v 24.664707 0.000000 11.338908
v 25.280991 0.000000 10.958962
v 24.614384 0.000000 11.098505
s 0
f 2758 2759 2757
f 2758 2760 2759
o Plane.692
v 25.957434 0.000000 10.992606
v 25.307978 0.000000 11.197657
v 25.883486 0.000000 10.758389
v 25.234030 0.000000 10.963439
s 0
f 2762 2763 2761
f 2762 2764 2763
o Plane.693
v 26.557100 0.000000 10.635012
v 25.980391 0.000000 10.997288
v 26.426451 0.000000 10.427029
v 25.849741 0.000000 10.789305
s 0
f 2766 2767 2765
f 2766 2768 2767
o Plane.694
v 26.960529 0.000000 10.358097
v 26.412537 0.000000 10.762501
v 26.814686 0.000000 10.160471
v 26.266693 0.000000 10.564875
s 0
f 2770 2771 2769
f 2770 2772 2771
o Plane.695
v 27.429527 0.000000 9.923837
v 26.916237 0.000000 10.371463
v 27.268097 0.000000 9.738725
v 26.754807 0.000000 10.186351
s 0
f 2774 2775 2773
f 2774 2776 2775
o Plane.696
v 27.910625 0.000000 9.487677
v 27.401587 0.000000 9.940132
v 27.747454 0.000000 9.304098
v 27.238415 0.000000 9.756554
s 0
f 2778 2779 2777
f 2778 2780 2779
o Plane.697
v 28.408171 0.000000 9.050900
v 27.899132 0.000000 9.503355
v 28.244999 0.000000 8.867321
v 27.735960 0.000000 9.319777
s 0
f 2782 2783 2781
f 2782 2784 2783
