# Blender 4.2.0
# www.blender.org
mtllib collission.mtl
o finish
v 21.649696 0.000000 25.297274
v 24.026608 0.000000 25.306232
v 21.648701 0.000000 25.561028
v 24.025612 0.000000 25.569986
s 0
usemtl Material.005
f 2 3 1
f 2 4 3
o finish.001
v 21.597248 0.000000 24.839535
v 23.974159 0.000000 24.848494
v 21.596252 0.000000 25.103289
v 23.973164 0.000000 25.112247
s 0
usemtl Material.005
f 6 7 5
f 6 8 7
o finish.002
v 21.328281 0.000000 25.044413
v 21.886930 0.000000 25.024645
v 21.331705 0.000000 25.141195
v 21.890354 0.000000 25.121428
s 0
usemtl Material.005
f 10 11 9
f 10 12 11
o finish.003
v 21.031242 0.000000 25.000694
v 21.349953 0.000000 25.077740
v 21.017895 0.000000 25.055908
v 21.336605 0.000000 25.132954
s 0
usemtl Material.005
f 14 15 13
f 14 16 15
o finish.004
v 20.996384 0.000000 24.700491
v 21.063745 0.000000 25.021385
v 20.940790 0.000000 24.712162
v 21.008152 0.000000 25.033056
s 0
usemtl Material.005
f 18 19 17
f 18 20 19
o finish.005
v 21.059038 0.000000 24.430220
v 20.987125 0.000000 24.750126
v 21.003616 0.000000 24.417763
v 20.931704 0.000000 24.737669
s 0
usemtl Material.005
f 22 23 21
f 22 24 23
o finish.006
v 21.073618 0.000000 24.268047
v 21.028049 0.000000 24.457048
v 21.040874 0.000000 24.260153
v 20.995306 0.000000 24.449154
s 0
usemtl Material.005
f 26 27 25
f 26 28 27
o finish.007
v 21.171141 0.000000 24.130413
v 21.058619 0.000000 24.288960
v 21.143675 0.000000 24.110920
v 21.031153 0.000000 24.269466
s 0
usemtl Material.005
f 30 31 29
f 30 32 31
o finish.008
v 21.323353 0.000000 24.079535
v 21.145477 0.000000 24.158009
v 21.309757 0.000000 24.048717
v 21.131882 0.000000 24.127192
s 0
usemtl Material.005
f 34 35 33
f 34 36 35
o finish.009
v 21.482578 0.000000 24.054033
v 21.292248 0.000000 24.093687
v 21.475708 0.000000 24.021059
v 21.285378 0.000000 24.060713
s 0
usemtl Material.005
f 38 39 37
f 38 40 39
o finish.010
v 21.635340 0.000000 23.997381
v 21.451895 0.000000 24.061769
v 21.624186 0.000000 23.965601
v 21.440741 0.000000 24.029989
s 0
usemtl Material.005
f 42 43 41
f 42 44 43
o finish.011
v 21.805498 0.000000 23.942194
v 21.622053 0.000000 24.006582
v 21.794344 0.000000 23.910414
v 21.610899 0.000000 23.974802
s 0
usemtl Material.005
f 46 47 45
f 46 48 47
o finish.012
v 21.977955 0.000000 23.875511
v 21.794510 0.000000 23.939899
v 21.966801 0.000000 23.843731
v 21.783356 0.000000 23.908119
s 0
usemtl Material.005
f 50 51 49
f 50 52 51
o finish.013
v 22.134315 0.000000 23.808828
v 21.950871 0.000000 23.873217
v 22.123161 0.000000 23.777048
v 21.939716 0.000000 23.841436
s 0
usemtl Material.005
f 54 55 53
f 54 56 55
o finish.014
v 22.324173 0.000000 23.769049
v 22.133785 0.000000 23.808426
v 22.317352 0.000000 23.736065
v 22.126965 0.000000 23.775442
s 0
usemtl Material.005
f 58 59 57
f 58 60 59
o finish.015
v 22.489733 0.000000 23.732258
v 22.299345 0.000000 23.771635
v 22.482912 0.000000 23.699274
v 22.292524 0.000000 23.738651
s 0
usemtl Material.005
f 62 63 61
f 62 64 63
o finish.016
v 22.655293 0.000000 23.690868
v 22.464905 0.000000 23.730246
v 22.648472 0.000000 23.657885
v 22.458084 0.000000 23.697262
s 0
usemtl Material.005
f 66 67 65
f 66 68 67
o finish.017
v 22.830050 0.000000 23.651777
v 22.639662 0.000000 23.691154
v 22.823229 0.000000 23.618793
v 22.632841 0.000000 23.658171
s 0
usemtl Material.005
f 70 71 69
f 70 72 71
o finish.018
v 23.006998 0.000000 23.621473
v 22.813864 0.000000 23.643757
v 23.003138 0.000000 23.588013
v 22.810003 0.000000 23.610296
s 0
usemtl Material.005
f 74 75 73
f 74 76 75
o finish.019
v 23.175520 0.000000 23.634619
v 22.981140 0.000000 23.630825
v 23.176178 0.000000 23.600945
v 22.981798 0.000000 23.597151
s 0
usemtl Material.005
f 78 79 77
f 78 80 79
o finish.020
v 23.357176 0.000000 23.639217
v 23.162796 0.000000 23.635424
v 23.357834 0.000000 23.605543
v 23.163454 0.000000 23.601749
s 0
usemtl Material.005
f 82 83 81
f 82 84 83
o finish.021
v 23.536942 0.000000 23.667654
v 23.345615 0.000000 23.633131
v 23.542923 0.000000 23.634508
v 23.351597 0.000000 23.599985
s 0
usemtl Material.005
f 86 87 85
f 86 88 87
o finish.022
v 23.707035 0.000000 23.692949
v 23.513689 0.000000 23.672569
v 23.710566 0.000000 23.659454
v 23.517220 0.000000 23.639074
s 0
usemtl Material.005
f 90 91 89
f 90 92 91
o finish.023
v 23.870611 0.000000 23.733635
v 23.679029 0.000000 23.700563
v 23.876341 0.000000 23.700445
v 23.684759 0.000000 23.667374
s 0
usemtl Material.005
f 94 95 93
f 94 96 95
o finish.024
v 24.036171 0.000000 23.761229
v 23.844589 0.000000 23.728157
v 24.041901 0.000000 23.728039
v 23.850319 0.000000 23.694967
s 0
usemtl Material.005
f 98 99 97
f 98 100 99
o finish.025
v 24.217827 0.000000 23.793421
v 24.026245 0.000000 23.760349
v 24.223557 0.000000 23.760231
v 24.031975 0.000000 23.727160
s 0
usemtl Material.005
f 102 103 101
f 102 104 103
o finish.026
v 24.390284 0.000000 23.830212
v 24.198702 0.000000 23.797140
v 24.396013 0.000000 23.797022
v 24.204432 0.000000 23.763950
s 0
usemtl Material.005
f 106 107 105
f 106 108 107
o finish.027
v 24.564610 0.000000 23.892126
v 24.381905 0.000000 23.825665
v 24.576122 0.000000 23.860474
v 24.393417 0.000000 23.794012
s 0
usemtl Material.005
f 110 111 109
f 110 112 111
o finish.028
v 24.732468 0.000000 23.949612
v 24.549763 0.000000 23.883150
v 24.743980 0.000000 23.917959
v 24.561275 0.000000 23.851498
s 0
usemtl Material.005
f 114 115 113
f 114 116 115
o finish.029
v 24.855658 0.000000 24.086836
v 24.717854 0.000000 23.949694
v 24.879417 0.000000 24.062963
v 24.741613 0.000000 23.925821
s 0
usemtl Material.005
f 118 119 117
f 118 120 119
o finish.030
v 24.868847 0.000000 24.240593
v 24.842224 0.000000 24.048008
v 24.902210 0.000000 24.235981
v 24.875587 0.000000 24.043396
s 0
usemtl Material.005
f 122 123 121
f 122 124 123
o finish.031
v 24.919010 0.000000 24.395926
v 24.857838 0.000000 24.211384
v 24.950981 0.000000 24.385326
v 24.889809 0.000000 24.200785
s 0
usemtl Material.005
f 126 127 125
f 126 128 127
o finish.032
v 24.943087 0.000000 24.562553
v 24.906242 0.000000 24.371660
v 24.976158 0.000000 24.556170
v 24.939314 0.000000 24.365276
s 0
usemtl Material.005
f 130 131 129
f 130 132 131
o finish.033
v 24.909430 0.000000 24.721182
v 24.949200 0.000000 24.530876
v 24.942398 0.000000 24.728073
v 24.982168 0.000000 24.537767
s 0
usemtl Material.005
f 134 135 133
f 134 136 135
o finish.034
v 24.840891 0.000000 24.885023
v 24.923655 0.000000 24.709103
v 24.871367 0.000000 24.899361
v 24.954130 0.000000 24.723440
s 0
usemtl Material.005
f 138 139 137
f 138 140 139
o finish.035
v 24.686249 0.000000 24.971710
v 24.852041 0.000000 24.870165
v 24.703840 0.000000 25.000433
v 24.869633 0.000000 24.898888
s 0
usemtl Material.005
f 142 143 141
f 142 144 143
o finish.036
v 24.519056 0.000000 25.018591
v 24.705156 0.000000 24.962332
v 24.528803 0.000000 25.050833
v 24.714903 0.000000 24.994574
s 0
usemtl Material.005
f 146 147 145
f 146 148 147
o finish.037
v 24.343594 0.000000 25.043337
v 24.535889 0.000000 25.014692
v 24.348557 0.000000 25.076651
v 24.540852 0.000000 25.048006
s 0
usemtl Material.005
f 150 151 149
f 150 152 151
o finish.038
v 24.162235 0.000000 25.058357
v 24.355862 0.000000 25.040833
v 24.165272 0.000000 25.091900
v 24.358898 0.000000 25.074375
s 0
usemtl Material.005
f 154 155 153
f 154 156 155
o finish.039
v 23.966784 0.000000 25.065256
v 24.160410 0.000000 25.047731
v 23.969820 0.000000 25.098799
v 24.163446 0.000000 25.081274
s 0
usemtl Material.005
f 158 159 157
f 158 160 159
o finish.040
v -1.198368 0.000000 -0.890020
v 1.178559 0.000000 -0.889443
v -1.198432 0.000000 -0.626264
v 1.178495 0.000000 -0.625687
s 0
usemtl Material.005
f 162 163 161
f 162 164 163
o finish.041
v -1.291082 0.000000 -1.492656
v 1.085846 0.000000 -1.492079
v -1.291146 0.000000 -1.228900
v 1.085782 0.000000 -1.228322
s 0
usemtl Material.005
f 166 167 165
f 166 168 167
o finish.042
v -1.546721 0.000000 -1.310003
v -1.185003 0.000000 -1.387154
v -1.523552 0.000000 -1.201377
v -1.161834 0.000000 -1.278528
s 0
usemtl Material.005
f 170 171 169
f 170 172 171
o finish.043
v -1.886059 0.000000 -1.394163
v -1.520614 0.000000 -1.337225
v -1.903158 0.000000 -1.284417
v -1.537713 0.000000 -1.227480
s 0
usemtl Material.005
f 174 175 173
f 174 176 175
o finish.044
v -2.056540 0.000000 -1.635651
v -1.840074 0.000000 -1.335759
v -2.146599 0.000000 -1.570645
v -1.930134 0.000000 -1.270753
s 0
usemtl Material.005
f 178 179 177
f 178 180 179
o finish.045
v -2.005400 0.000000 -1.931167
v -2.015941 0.000000 -1.561463
v -2.116424 0.000000 -1.934333
v -2.126966 0.000000 -1.564628
s 0
usemtl Material.005
f 182 183 181
f 182 184 183
o finish.046
v -1.837415 0.000000 -2.198766
v -2.035616 0.000000 -1.886501
v -1.931190 0.000000 -2.258286
v -2.129390 0.000000 -1.946022
s 0
usemtl Material.005
f 186 187 185
f 186 188 187
o finish.047
v -1.543065 0.000000 -2.217497
v -1.906568 0.000000 -2.149248
v -1.563561 0.000000 -2.326659
v -1.927063 0.000000 -2.258410
s 0
usemtl Material.005
f 190 191 189
f 190 192 191
o finish.048
v -1.197616 0.000000 -2.316885
v -1.552136 0.000000 -2.211493
v -1.229266 0.000000 -2.423350
v -1.583786 0.000000 -2.317958
s 0
usemtl Material.005
f 194 195 193
f 194 196 195
o finish.049
v -0.876431 0.000000 -2.402976
v -1.230951 0.000000 -2.297584
v -0.908081 0.000000 -2.509441
v -1.262601 0.000000 -2.404049
s 0
usemtl Material.005
f 198 199 197
f 198 200 199
o finish.050
v -0.555881 0.000000 -2.487184
v -0.917570 0.000000 -2.409894
v -0.579092 0.000000 -2.595802
v -0.940780 0.000000 -2.518512
s 0
usemtl Material.005
f 202 203 201
f 202 204 203
o finish.051
v -0.204693 0.000000 -2.508049
v -0.572899 0.000000 -2.473163
v -0.215170 0.000000 -2.618623
v -0.583375 0.000000 -2.583738
s 0
usemtl Material.005
f 206 207 205
f 206 208 207
o finish.052
v 0.142727 0.000000 -2.499291
v -0.226809 0.000000 -2.514634
v 0.147335 0.000000 -2.610265
v -0.222201 0.000000 -2.625608
s 0
usemtl Material.005
f 210 211 209
f 210 212 211
o finish.053
v 0.442521 0.000000 -2.433627
v 0.082145 0.000000 -2.516824
v 0.467505 0.000000 -2.541851
v 0.107130 0.000000 -2.625047
s 0
usemtl Material.005
f 214 215 213
f 214 216 215
o finish.054
v 0.793507 0.000000 -2.354159
v 0.433131 0.000000 -2.437356
v 0.818491 0.000000 -2.462382
v 0.458116 0.000000 -2.545579
s 0
usemtl Material.005
f 218 219 217
f 218 220 219
o finish.055
v 1.151115 0.000000 -2.268068
v 0.790739 0.000000 -2.351265
v 1.176099 0.000000 -2.376291
v 0.815724 0.000000 -2.459488
s 0
usemtl Material.005
f 222 223 221
f 222 224 223
o finish.056
v 1.498789 0.000000 -2.188600
v 1.138414 0.000000 -2.271796
v 1.523774 0.000000 -2.296823
v 1.163398 0.000000 -2.380020
s 0
usemtl Material.005
f 226 227 225
f 226 228 227
o finish.057
v 1.753206 0.000000 -2.006451
v 1.435092 0.000000 -2.195119
v 1.809864 0.000000 -2.101983
v 1.491750 0.000000 -2.290651
s 0
usemtl Material.005
f 230 231 229
f 230 232 231
o finish.058
v 1.809042 0.000000 -1.697205
v 1.706660 0.000000 -2.052606
v 1.915771 0.000000 -1.727951
v 1.813389 0.000000 -2.083352
s 0
usemtl Material.005
f 234 235 233
f 234 236 235
o finish.059
v 1.857372 0.000000 -1.410973
v 1.800980 0.000000 -1.776503
v 1.967143 0.000000 -1.427908
v 1.910751 0.000000 -1.793438
s 0
usemtl Material.005
f 238 239 237
f 238 240 239
o finish.060
v 1.616445 0.000000 -1.253069
v 1.902451 0.000000 -1.487575
v 1.686869 0.000000 -1.167179
v 1.972874 0.000000 -1.401686
s 0
usemtl Material.005
f 242 243 241
f 242 244 243
o finish.061
v 1.293142 0.000000 -1.318966
v 1.658267 0.000000 -1.260012
v 1.275437 0.000000 -1.209316
v 1.640563 0.000000 -1.150362
s 0
usemtl Material.005
f 246 247 245
f 246 248 247
o finish.062
v 1.008380 0.000000 -1.355389
v 1.373505 0.000000 -1.296435
v 0.990676 0.000000 -1.245740
v 1.355801 0.000000 -1.186785
s 0
usemtl Material.005
f 250 251 249
f 250 252 251
o finish.063
v -3.017686 0.000000 -39.300720
v -1.465273 0.000000 -38.828102
v -3.159616 0.000000 -38.834518
v -1.607204 0.000000 -38.361900
s 0
usemtl Material.005
f 254 255 253
f 254 256 255
o finish.064
v -4.261220 0.000000 -40.182178
v -2.918725 0.000000 -39.270550
v -4.534987 0.000000 -39.779018
v -3.192493 0.000000 -38.867390
s 0
usemtl Material.005
f 258 259 257
f 258 260 259
o finish.066
v -4.783072 0.000000 -42.201221
v -4.786953 0.000000 -41.337601
v -5.042422 0.000000 -42.202385
v -5.046303 0.000000 -41.338764
s 0
usemtl Material.005
f 262 263 261
f 262 264 263
o finish.067
v -4.570443 0.000000 -42.899284
v -4.803193 0.000000 -42.067608
v -4.820200 0.000000 -42.969181
v -5.052950 0.000000 -42.137505
s 0
usemtl Material.005
f 266 267 265
f 266 268 267
o finish.068
v -4.025870 0.000000 -43.437096
v -4.629228 0.000000 -42.819183
v -4.211432 0.000000 -43.618286
v -4.814790 0.000000 -43.000374
s 0
usemtl Material.005
f 270 271 269
f 270 272 271
o finish.069
v -3.628007 0.000000 -44.227867
v -3.956631 0.000000 -43.429207
v -3.867850 0.000000 -44.326553
v -4.196474 0.000000 -43.527893
s 0
usemtl Material.005
f 274 275 273
f 274 276 275
o finish.070
v -3.387694 0.000000 -44.928207
v -3.716319 0.000000 -44.129547
v -3.627537 0.000000 -45.026894
v -3.956162 0.000000 -44.228233
s 0
usemtl Material.005
f 278 279 277
f 278 280 279
o finish.071
v -2.997395 0.000000 -45.660381
v -3.419928 0.000000 -44.907173
v -3.223588 0.000000 -45.787270
v -3.646121 0.000000 -45.034061
s 0
usemtl Material.005
f 282 283 281
f 282 284 283
o finish.072
v -2.310100 0.000000 -45.893188
v -3.108504 0.000000 -45.563938
v -2.408976 0.000000 -46.132954
v -3.207379 0.000000 -45.803703
s 0
usemtl Material.005
f 286 287 285
f 286 288 287
o finish.073
v -1.534118 0.000000 -45.971779
v -2.394104 0.000000 -45.892551
v -1.557910 0.000000 -46.230038
v -2.417897 0.000000 -46.150810
s 0
usemtl Material.005
f 290 291 289
f 290 292 291
o finish.074
v -0.709145 0.000000 -45.964409
v -1.572609 0.000000 -45.981266
v -0.704083 0.000000 -46.223713
v -1.567547 0.000000 -46.240570
s 0
usemtl Material.005
f 294 295 293
f 294 296 295
o finish.075
v 0.099385 0.000000 -45.760208
v -0.737423 0.000000 -45.973763
v 0.163517 0.000000 -46.011505
v -0.673291 0.000000 -46.225060
s 0
usemtl Material.005
f 298 299 297
f 298 300 299
o finish.076
v 0.854654 0.000000 -45.540493
v 0.017846 0.000000 -45.754047
v 0.918785 0.000000 -45.791790
v 0.081978 0.000000 -46.005344
s 0
usemtl Material.005
f 302 303 301
f 302 304 303
o finish.077
v 1.638299 0.000000 -45.431240
v 0.780028 0.000000 -45.527279
v 1.667140 0.000000 -45.688984
v 0.808868 0.000000 -45.785023
s 0
usemtl Material.005
f 306 307 305
f 306 308 307
o finish.078
v 2.355493 0.000000 -45.245224
v 1.515052 0.000000 -45.444004
v 2.415187 0.000000 -45.497616
v 1.574747 0.000000 -45.696396
s 0
usemtl Material.005
f 310 311 309
f 310 312 311
o finish.079
v 3.117627 0.000000 -45.052975
v 2.277186 0.000000 -45.251755
v 3.177321 0.000000 -45.305367
v 2.336881 0.000000 -45.504147
s 0
usemtl Material.005
f 314 315 313
f 314 316 315
o finish.080
v 3.939461 0.000000 -44.902786
v 3.089494 0.000000 -45.055786
v 3.985408 0.000000 -45.158035
v 3.135441 0.000000 -45.311035
s 0
usemtl Material.005
f 318 319 317
f 318 320 319
o finish.081
v 4.705279 0.000000 -44.700779
v 3.869619 0.000000 -44.918781
v 4.770747 0.000000 -44.951733
v 3.935087 0.000000 -45.169735
s 0
usemtl Material.005
f 322 323 321
f 322 324 323
o finish.082
v 5.229586 0.000000 -44.255924
v 4.553834 0.000000 -44.793709
v 5.391087 0.000000 -44.458855
v 4.715334 0.000000 -44.996639
s 0
usemtl Material.005
f 326 327 325
f 326 328 327
o finish.083
v 5.518438 0.000000 -43.742729
v 5.001462 0.000000 -44.434532
v 5.726191 0.000000 -43.897980
v 5.209215 0.000000 -44.589783
s 0
usemtl Material.005
f 330 331 329
f 330 332 331
o finish.084
v 5.767838 0.000000 -43.384048
v 5.522491 0.000000 -43.865536
v 5.912432 0.000000 -43.457729
v 5.667085 0.000000 -43.939217
s 0
usemtl Material.005
f 334 335 333
f 334 336 335
o finish.085
v 5.862383 0.000000 -43.564861
v 5.640108 0.000000 -43.842648
v 5.945805 0.000000 -43.631611
v 5.723529 0.000000 -43.909397
s 0
usemtl Material.005
f 338 339 337
f 338 340 339
o finish.086
v 5.462908 0.000000 -42.811871
v 5.817861 0.000000 -43.219345
v 5.585275 0.000000 -42.705276
v 5.940228 0.000000 -43.112751
s 0
usemtl Material.005
f 342 343 341
f 342 344 343
o finish.087
v 5.856331 0.000000 -43.125542
v 5.810860 0.000000 -43.437065
v 5.949883 0.000000 -43.139198
v 5.904412 0.000000 -43.450722
s 0
usemtl Material.005
f 346 347 345
f 346 348 347
o finish.088
v 5.103333 0.000000 -42.471279
v 5.485845 0.000000 -42.853001
v 5.217968 0.000000 -42.356411
v 5.600479 0.000000 -42.738132
s 0
usemtl Material.005
f 350 351 349
f 350 352 351
o finish.089
v 4.720265 0.000000 -42.125332
v 5.131128 0.000000 -42.476357
v 4.825681 0.000000 -42.001945
v 5.236544 0.000000 -42.352970
s 0
usemtl Material.005
f 354 355 353
f 354 356 355
o finish.090
v 4.364639 0.000000 -41.783207
v 4.746117 0.000000 -42.165962
v 4.479583 0.000000 -41.668648
v 4.861061 0.000000 -42.051403
s 0
usemtl Material.005
f 358 359 357
f 358 360 359
o finish.091
v 4.256772 0.000000 -41.425610
v 4.497869 0.000000 -41.909241
v 4.402009 0.000000 -41.353203
v 4.643107 0.000000 -41.836834
s 0
usemtl Material.005
f 362 363 361
f 362 364 363
o finish.092
v 4.101808 0.000000 -40.952774
v 4.342906 0.000000 -41.436405
v 4.247046 0.000000 -40.880367
v 4.488143 0.000000 -41.363998
s 0
usemtl Material.005
f 366 367 365
f 366 368 367
o finish.093
v 3.915057 0.000000 -40.531590
v 4.156155 0.000000 -41.015221
v 4.060295 0.000000 -40.459183
v 4.301393 0.000000 -40.942814
s 0
usemtl Material.005
f 370 371 369
f 370 372 371
o finish.094
v 3.664732 0.000000 -40.066700
v 3.905829 0.000000 -40.550331
v 3.809969 0.000000 -39.994293
v 4.051067 0.000000 -40.477924
s 0
usemtl Material.005
f 374 375 373
f 374 376 375
o finish.095
v 3.438247 0.000000 -39.573994
v 3.679344 0.000000 -40.057625
v 3.583484 0.000000 -39.501587
v 3.824582 0.000000 -39.985218
s 0
usemtl Material.005
f 378 379 377
f 378 380 379
o finish.096
v 3.130064 0.000000 -39.173061
v 3.443490 0.000000 -39.613277
v 3.262265 0.000000 -39.078938
v 3.575690 0.000000 -39.519154
s 0
usemtl Material.005
f 382 383 381
f 382 384 383
o finish.097
v 2.773186 0.000000 -38.834278
v 3.183140 0.000000 -39.186363
v 2.878920 0.000000 -38.711166
v 3.288874 0.000000 -39.063251
s 0
usemtl Material.005
f 386 387 385
f 386 388 387
o finish.098
v 2.419455 0.000000 -38.638519
v 2.884430 0.000000 -38.913883
v 2.502149 0.000000 -38.498882
v 2.967124 0.000000 -38.774246
s 0
usemtl Material.005
f 390 391 389
f 390 392 391
o finish.099
v 1.974432 0.000000 -38.364353
v 2.439407 0.000000 -38.639717
v 2.057125 0.000000 -38.224716
v 2.522100 0.000000 -38.500080
s 0
usemtl Material.005
f 394 395 393
f 394 396 395
o finish.100
v 1.513921 0.000000 -38.386471
v 2.053819 0.000000 -38.409637
v 1.520878 0.000000 -38.224335
v 2.060777 0.000000 -38.247501
s 0
usemtl Material.005
f 398 399 397
f 398 400 399
o finish.101
v 1.144392 0.000000 -38.366604
v 1.684291 0.000000 -38.389771
v 1.151350 0.000000 -38.204468
v 1.691248 0.000000 -38.227634
s 0
usemtl Material.005
f 402 403 401
f 402 404 403
o finish.102
v 0.709895 0.000000 -38.477127
v 1.238136 0.000000 -38.363163
v 0.675671 0.000000 -38.318493
v 1.203912 0.000000 -38.204529
s 0
usemtl Material.005
f 406 407 405
f 406 408 407
o finish.103
v 0.198925 0.000000 -38.552349
v 0.732090 0.000000 -38.464245
v 0.172467 0.000000 -38.392239
v 0.705632 0.000000 -38.304134
s 0
usemtl Material.005
f 410 411 409
f 410 412 411
o finish.104
v -0.289784 0.000000 -38.572155
v 0.250574 0.000000 -38.565804
v -0.291692 0.000000 -38.409882
v 0.248666 0.000000 -38.403530
s 0
usemtl Material.005
f 414 415 413
f 414 416 415
o finish.105
v -0.644135 0.000000 -38.516644
v -0.107521 0.000000 -38.580456
v -0.624972 0.000000 -38.355495
v -0.088358 0.000000 -38.419308
s 0
usemtl Material.005
f 418 419 417
f 418 420 419
o finish.106
v -1.081212 0.000000 -38.464989
v -0.544597 0.000000 -38.528801
v -1.062048 0.000000 -38.303841
v -0.525434 0.000000 -38.367653
s 0
usemtl Material.005
f 422 423 421
f 422 424 423
o finish.107
v -1.564663 0.000000 -38.494549
v -1.024362 0.000000 -38.484459
v -1.567693 0.000000 -38.332291
v -1.027392 0.000000 -38.322201
s 0
usemtl Material.005
f 426 427 425
f 426 428 427
o finish.108
v -1.725150 0.000000 -38.545750
v -1.188800 0.000000 -38.479752
v -1.744969 0.000000 -38.384682
v -1.208619 0.000000 -38.318684
s 0
usemtl Material.005
f 430 431 429
f 430 432 431
o finish.109
v 4.164700 0.000000 -45.840511
v 4.694907 0.000000 -45.736076
v 4.133337 0.000000 -45.681290
v 4.663545 0.000000 -45.576855
s 0
usemtl Material.005
f 434 435 433
f 434 436 435
o finish.110
v 3.715702 0.000000 -45.955742
v 4.245910 0.000000 -45.851307
v 3.684340 0.000000 -45.796520
v 4.214548 0.000000 -45.692085
s 0
usemtl Material.005
f 438 439 437
f 438 440 439
o finish.111
v 3.203130 0.000000 -46.078918
v 3.733338 0.000000 -45.974483
v 3.171768 0.000000 -45.919697
v 3.701976 0.000000 -45.815262
s 0
usemtl Material.005
f 442 443 441
f 442 444 443
o finish.112
v 2.698506 0.000000 -46.233883
v 3.228714 0.000000 -46.129448
v 2.667143 0.000000 -46.074661
v 3.197351 0.000000 -45.970226
s 0
usemtl Material.005
f 446 447 445
f 446 448 447
o finish.113
v 2.290545 0.000000 -46.526886
v 2.724543 0.000000 -46.204903
v 2.193851 0.000000 -46.396553
v 2.627850 0.000000 -46.074570
s 0
usemtl Material.005
f 450 451 449
f 450 452 451
o finish.114
v 2.025131 0.000000 -46.891712
v 2.347931 0.000000 -46.458324
v 1.894981 0.000000 -46.794773
v 2.217781 0.000000 -46.361385
s 0
usemtl Material.005
f 454 455 453
f 454 456 455
o finish.115
v 2.110600 0.000000 -47.328606
v 2.038862 0.000000 -46.792992
v 1.949752 0.000000 -47.350151
v 1.878014 0.000000 -46.814537
s 0
usemtl Material.005
f 458 459 457
f 458 460 459
o finish.116
v 2.314003 0.000000 -47.629845
v 2.079310 0.000000 -47.261337
v 2.203337 0.000000 -47.700325
v 1.968644 0.000000 -47.331818
s 0
usemtl Material.005
f 462 463 461
f 462 464 463
o finish.117
v 2.658291 0.000000 -47.607681
v 2.221407 0.000000 -47.604229
v 2.657254 0.000000 -47.738880
v 2.220370 0.000000 -47.735428
s 0
usemtl Material.005
f 466 467 465
f 466 468 467
o finish.118
v 3.012816 0.000000 -47.631641
v 2.578020 0.000000 -47.588844
v 2.999964 0.000000 -47.762215
v 2.565167 0.000000 -47.719418
s 0
usemtl Material.005
f 470 471 469
f 470 472 471
o finish.119
v 3.298876 0.000000 -47.755058
v 2.887619 0.000000 -47.607590
v 3.254590 0.000000 -47.878563
v 2.843333 0.000000 -47.731094
s 0
usemtl Material.005
f 474 475 473
f 474 476 475
o finish.120
v 3.616750 0.000000 -47.890156
v 3.205493 0.000000 -47.742687
v 3.572464 0.000000 -48.013660
v 3.161207 0.000000 -47.866192
s 0
usemtl Material.005
f 478 479 477
f 478 480 479
o finish.121
v 4.012376 0.000000 -47.886940
v 3.575484 0.000000 -47.889191
v 4.013052 0.000000 -48.018143
v 3.576160 0.000000 -48.020393
s 0
usemtl Material.005
f 482 483 481
f 482 484 483
o finish.122
v 4.395433 0.000000 -47.963623
v 3.970125 0.000000 -47.863663
v 4.365415 0.000000 -48.091347
v 3.940106 0.000000 -47.991386
s 0
usemtl Material.005
f 486 487 485
f 486 488 487
o finish.123
v 4.754228 0.000000 -48.026787
v 4.320672 0.000000 -47.972851
v 4.738030 0.000000 -48.156986
v 4.304475 0.000000 -48.103050
s 0
usemtl Material.005
f 490 491 489
f 490 492 491
o finish.124
v 5.098248 0.000000 -48.014767
v 4.663298 0.000000 -48.055969
v 5.110621 0.000000 -48.145386
v 4.675671 0.000000 -48.186588
s 0
usemtl Material.005
f 494 495 493
f 494 496 495
o finish.125
v 5.396770 0.000000 -47.898331
v 4.984966 0.000000 -48.044266
v 5.440595 0.000000 -48.021996
v 5.028791 0.000000 -48.167931
s 0
usemtl Material.005
f 498 499 497
f 498 500 499
o finish.126
v 5.669422 0.000000 -47.676430
v 5.309546 0.000000 -47.924156
v 5.743816 0.000000 -47.784500
v 5.383940 0.000000 -48.032227
s 0
usemtl Material.005
f 502 503 501
f 502 504 503
o finish.127
v 5.760435 0.000000 -47.284554
v 5.628744 0.000000 -47.701130
v 5.885536 0.000000 -47.324100
v 5.753845 0.000000 -47.740677
s 0
usemtl Material.005
f 506 507 505
f 506 508 507
o finish.128
v 5.797700 0.000000 -46.907150
v 5.752950 0.000000 -47.341747
v 5.928213 0.000000 -46.920589
v 5.883462 0.000000 -47.355186
s 0
usemtl Material.005
f 510 511 509
f 510 512 511
o finish.129
v 5.737301 0.000000 -46.596359
v 5.789767 0.000000 -47.030094
v 5.867555 0.000000 -46.580601
v 5.920021 0.000000 -47.014336
s 0
usemtl Material.005
f 514 515 513
f 514 516 515
o finish.130
v 5.603888 0.000000 -46.199146
v 5.746657 0.000000 -46.612061
v 5.727888 0.000000 -46.156273
v 5.870657 0.000000 -46.569187
s 0
usemtl Material.005
f 518 519 517
f 518 520 519
o finish.131
v 5.366360 0.000000 -45.931728
v 5.630077 0.000000 -46.280056
v 5.470965 0.000000 -45.852535
v 5.734683 0.000000 -46.200863
s 0
usemtl Material.005
f 522 523 521
f 522 524 523
o finish.132
v 5.018722 0.000000 -45.782959
v 5.396627 0.000000 -46.002197
v 5.084561 0.000000 -45.669472
v 5.462467 0.000000 -45.888710
s 0
usemtl Material.005
f 526 527 525
f 526 528 527
o finish.133
v 4.603780 0.000000 -45.712376
v 5.029835 0.000000 -45.809105
v 4.632828 0.000000 -45.584427
v 5.058883 0.000000 -45.681156
s 0
usemtl Material.005
f 530 531 529
f 530 532 531
o finish.134
v 8.312282 0.000000 -45.039951
v 8.711033 0.000000 -44.861412
v 8.258665 0.000000 -44.920204
v 8.657416 0.000000 -44.741665
s 0
usemtl Material.005
f 534 535 533
f 534 536 535
o finish.135
v 8.019943 0.000000 -45.331020
v 8.314322 0.000000 -45.008186
v 7.922995 0.000000 -45.242615
v 8.217373 0.000000 -44.919781
s 0
usemtl Material.005
f 538 539 537
f 538 540 539
o finish.136
v 7.901249 0.000000 -45.697529
v 8.048956 0.000000 -45.286358
v 7.777772 0.000000 -45.653172
v 7.925478 0.000000 -45.242001
s 0
usemtl Material.005
f 542 543 541
f 542 544 543
o finish.137
v 7.623778 0.000000 -46.056423
v 7.905811 0.000000 -45.722752
v 7.523574 0.000000 -45.971729
v 7.805607 0.000000 -45.638058
s 0
usemtl Material.005
f 546 547 545
f 546 548 547
o finish.138
v 7.391995 0.000000 -46.308075
v 7.674027 0.000000 -45.974403
v 7.291791 0.000000 -46.223381
v 7.573823 0.000000 -45.889709
s 0
usemtl Material.005
f 550 551 549
f 550 552 551
o finish.139
v 7.321898 0.000000 -46.664448
v 7.426914 0.000000 -46.240356
v 7.194541 0.000000 -46.632912
v 7.299557 0.000000 -46.208820
s 0
usemtl Material.005
f 554 555 553
f 554 556 555
o finish.140
v 7.398025 0.000000 -47.049915
v 7.347117 0.000000 -46.615993
v 7.267715 0.000000 -47.065205
v 7.216808 0.000000 -46.631283
s 0
usemtl Material.005
f 558 559 557
f 558 560 559
o finish.141
v 7.600493 0.000000 -47.383316
v 7.395022 0.000000 -46.997749
v 7.484705 0.000000 -47.445023
v 7.279234 0.000000 -47.059456
s 0
usemtl Material.005
f 562 563 561
f 562 564 563
o finish.142
v 7.828966 0.000000 -47.701191
v 7.623494 0.000000 -47.315624
v 7.713178 0.000000 -47.762897
v 7.507706 0.000000 -47.377331
s 0
usemtl Material.005
f 566 567 565
f 566 568 567
o finish.143
v 8.190226 0.000000 -47.824318
v 7.784534 0.000000 -47.662163
v 8.141529 0.000000 -47.946152
v 7.735838 0.000000 -47.783997
s 0
usemtl Material.005
f 570 571 569
f 570 572 571
o finish.144
v 8.489201 0.000000 -48.124729
v 8.214327 0.000000 -47.785133
v 8.387218 0.000000 -48.207275
v 8.112345 0.000000 -47.867680
s 0
usemtl Material.005
f 574 575 573
f 574 576 575
o finish.145
v 8.836944 0.000000 -48.130966
v 8.400657 0.000000 -48.107891
v 8.830014 0.000000 -48.261990
v 8.393727 0.000000 -48.238914
s 0
usemtl Material.005
f 578 579 577
f 578 580 579
o finish.146
v 9.118665 0.000000 -47.894909
v 8.763895 0.000000 -48.149895
v 9.195238 0.000000 -48.001450
v 8.840468 0.000000 -48.256435
s 0
usemtl Material.005
f 582 583 581
f 582 584 583
o finish.147
v 9.343386 0.000000 -47.572456
v 9.085899 0.000000 -47.925415
v 9.449381 0.000000 -47.649780
v 9.191895 0.000000 -48.002739
s 0
usemtl Material.005
f 586 587 585
f 586 588 587
o finish.148
v 9.657022 0.000000 -47.271137
v 9.333213 0.000000 -47.564442
v 9.745103 0.000000 -47.368382
v 9.421293 0.000000 -47.661686
s 0
usemtl Material.005
f 590 591 589
f 590 592 591
o finish.149
v 9.935163 0.000000 -47.016174
v 9.611353 0.000000 -47.309479
v 10.023243 0.000000 -47.113419
v 9.699433 0.000000 -47.406723
s 0
usemtl Material.005
f 594 595 593
f 594 596 595
o finish.150
v 10.002207 0.000000 -46.642422
v 9.889708 0.000000 -47.064587
v 10.128986 0.000000 -46.676205
v 10.016487 0.000000 -47.098370
s 0
usemtl Material.005
f 598 599 597
f 598 600 599
o finish.151
v 10.169573 0.000000 -46.250885
v 9.982241 0.000000 -46.645584
v 10.288103 0.000000 -46.307144
v 10.100771 0.000000 -46.701843
s 0
usemtl Material.005
f 602 603 601
f 602 604 603
o finish.152
v 10.430714 0.000000 -45.966827
v 10.134036 0.000000 -46.287548
v 10.527028 0.000000 -46.055920
v 10.230350 0.000000 -46.376640
s 0
usemtl Material.005
f 606 607 605
f 606 608 607
o finish.153
v 10.631012 0.000000 -45.691547
v 10.374226 0.000000 -46.045013
v 10.737162 0.000000 -45.768661
v 10.480375 0.000000 -46.122128
s 0
usemtl Material.005
f 610 611 609
f 610 612 611
o finish.154
v 10.719771 0.000000 -45.344372
v 10.602931 0.000000 -45.765354
v 10.846196 0.000000 -45.379459
v 10.729356 0.000000 -45.800442
s 0
usemtl Material.005
f 614 615 613
f 614 616 615
o finish.155
v 10.852219 0.000000 -44.943718
v 10.735378 0.000000 -45.364700
v 10.978643 0.000000 -44.978806
v 10.861803 0.000000 -45.399788
s 0
usemtl Material.005
f 618 619 617
f 618 620 619
o finish.156
v 11.055545 0.000000 -44.563278
v 10.830737 0.000000 -44.937901
v 11.168046 0.000000 -44.630787
v 10.943238 0.000000 -45.005409
s 0
usemtl Material.005
f 622 623 621
f 622 624 623
o finish.157
v 11.324345 0.000000 -44.269726
v 11.033482 0.000000 -44.595730
v 11.422245 0.000000 -44.357075
v 11.131382 0.000000 -44.683079
s 0
usemtl Material.005
f 626 627 625
f 626 628 627
o finish.158
v 9.040218 0.000000 -44.617443
v 8.622581 0.000000 -44.766224
v 9.084899 0.000000 -44.742863
v 8.667261 0.000000 -44.891644
s 0
usemtl Material.005
f 630 631 629
f 630 632 631
o finish.159
v 9.391204 0.000000 -44.481686
v 8.973566 0.000000 -44.630466
v 9.435884 0.000000 -44.607105
v 9.018247 0.000000 -44.755886
s 0
usemtl Material.005
f 634 635 633
f 634 636 635
o finish.160
v 9.795542 0.000000 -44.448685
v 9.356650 0.000000 -44.511395
v 9.814374 0.000000 -44.580486
v 9.375483 0.000000 -44.643196
s 0
usemtl Material.005
f 638 639 637
f 638 640 639
o finish.161
v 10.152006 0.000000 -44.304119
v 9.738891 0.000000 -44.465031
v 10.200330 0.000000 -44.428181
v 9.787214 0.000000 -44.589092
s 0
usemtl Material.005
f 642 643 641
f 642 644 643
o finish.162
v 10.557061 0.000000 -44.318127
v 10.113856 0.000000 -44.329407
v 10.560449 0.000000 -44.451225
v 10.117244 0.000000 -44.462505
s 0
usemtl Material.005
f 646 647 645
f 646 648 647
o finish.163
v 10.782222 0.000000 -44.321438
v 10.339017 0.000000 -44.332718
v 10.785609 0.000000 -44.454536
v 10.342404 0.000000 -44.465816
s 0
usemtl Material.005
f 650 651 649
f 650 652 651
o finish.164
v 10.920315 0.000000 -44.225864
v 10.695992 0.000000 -44.374821
v 10.965048 0.000000 -44.293232
v 10.740725 0.000000 -44.442188
s 0
usemtl Material.005
f 654 655 653
f 654 656 655
o finish.165
v 11.144608 0.000000 -44.168522
v 10.926186 0.000000 -44.215401
v 11.158686 0.000000 -44.234116
v 10.940264 0.000000 -44.280994
s 0
usemtl Material.005
f 658 659 657
f 658 660 659
o finish.166
v 11.340371 0.000000 -44.201145
v 11.120356 0.000000 -44.162430
v 11.328745 0.000000 -44.267220
v 11.108729 0.000000 -44.228504
s 0
usemtl Material.005
f 662 663 661
f 662 664 663
o finish.167
v 11.463652 0.000000 -44.248253
v 11.248116 0.000000 -44.189514
v 11.446012 0.000000 -44.312981
v 11.230476 0.000000 -44.254242
s 0
usemtl Material.005
f 666 667 665
f 666 668 667
o finish.168
v 11.423518 0.000000 -44.250408
v 11.259542 0.000000 -44.402122
v 11.469079 0.000000 -44.299652
v 11.305102 0.000000 -44.451366
s 0
usemtl Material.005
f 670 671 669
f 670 672 671
o finish.169
v 11.838590 0.000000 -46.883671
v 12.167311 0.000000 -46.376343
v 11.686235 0.000000 -46.784950
v 12.014956 0.000000 -46.277622
s 0
usemtl Material.005
f 674 675 673
f 674 676 675
o finish.170
v 12.171660 0.000000 -46.446026
v 12.600739 0.000000 -46.020195
v 12.043781 0.000000 -46.317169
v 12.472859 0.000000 -45.891338
s 0
usemtl Material.005
f 678 679 677
f 678 680 679
o finish.171
v 12.558163 0.000000 -46.062717
v 12.975664 0.000000 -45.625534
v 12.426872 0.000000 -45.937340
v 12.844374 0.000000 -45.500156
s 0
usemtl Material.005
f 682 683 681
f 682 684 683
o finish.172
v 14.238979 0.000000 -48.394440
v 14.656481 0.000000 -47.957256
v 14.107689 0.000000 -48.269062
v 14.525190 0.000000 -47.831879
s 0
usemtl Material.005
f 686 687 685
f 686 688 687
o finish.173
v 14.635103 0.000000 -47.965366
v 14.872742 0.000000 -47.409519
v 14.468178 0.000000 -47.894001
v 14.705816 0.000000 -47.338154
s 0
usemtl Material.005
f 690 691 689
f 690 692 691
o finish.174
v 14.810883 0.000000 -47.604729
v 14.999163 0.000000 -47.030281
v 14.638372 0.000000 -47.548187
v 14.826653 0.000000 -46.973740
s 0
usemtl Material.005
f 694 695 693
f 694 696 695
o finish.175
v 14.985998 0.000000 -47.010544
v 14.879684 0.000000 -46.415451
v 14.807287 0.000000 -47.042473
v 14.700974 0.000000 -46.447380
s 0
usemtl Material.005
f 698 699 697
f 698 700 699
o finish.176
v 14.914207 0.000000 -46.395901
v 14.637567 0.000000 -45.858398
v 14.752791 0.000000 -46.478981
v 14.476151 0.000000 -45.941479
s 0
usemtl Material.005
f 702 703 701
f 702 704 703
o finish.177
v 14.672687 0.000000 -45.895451
v 14.149447 0.000000 -45.592697
v 14.581767 0.000000 -46.052582
v 14.058528 0.000000 -45.749828
s 0
usemtl Material.005
f 706 707 705
f 706 708 707
o finish.178
v 14.186568 0.000000 -45.656509
v 13.663329 0.000000 -45.353756
v 14.095649 0.000000 -45.813641
v 13.572410 0.000000 -45.510887
s 0
usemtl Material.005
f 710 711 709
f 710 712 711
o finish.179
v 13.302613 0.000000 -45.251011
v 12.778125 0.000000 -45.551594
v 13.392880 0.000000 -45.408520
v 12.868392 0.000000 -45.709103
s 0
usemtl Material.005
f 714 715 713
f 714 716 715
o finish.180
v 13.887094 0.000000 -45.471058
v 13.316940 0.000000 -45.270153
v 13.826761 0.000000 -45.642277
v 13.256607 0.000000 -45.441372
s 0
usemtl Material.005
f 718 719 717
f 718 720 719
o finish.181
v 11.970803 0.000000 -47.334244
v 11.881249 0.000000 -46.736397
v 11.791266 0.000000 -47.361137
v 11.701713 0.000000 -46.763290
s 0
usemtl Material.005
f 722 723 721
f 722 724 723
o finish.182
v 12.140326 0.000000 -47.826637
v 11.920653 0.000000 -47.263447
v 11.971196 0.000000 -47.892605
v 11.751523 0.000000 -47.329414
s 0
usemtl Material.005
f 726 727 725
f 726 728 727
o finish.183
v 12.262699 0.000000 -48.360577
v 12.120275 0.000000 -47.773079
v 12.086270 0.000000 -48.403351
v 11.943846 0.000000 -47.815853
s 0
usemtl Material.005
f 730 731 729
f 730 732 731
o finish.184
v 12.721289 0.000000 -48.611259
v 12.170183 0.000000 -48.362820
v 12.646681 0.000000 -48.776760
v 12.095575 0.000000 -48.528320
s 0
usemtl Material.005
f 734 735 733
f 734 736 735
o finish.185
v 13.149208 0.000000 -48.744835
v 12.647562 0.000000 -48.625553
v 13.113388 0.000000 -48.895481
v 12.611742 0.000000 -48.776199
s 0
usemtl Material.005
f 738 739 737
f 738 740 739
o finish.186
v 13.545782 0.000000 -48.571217
v 13.065084 0.000000 -48.757778
v 13.601809 0.000000 -48.715572
v 13.121111 0.000000 -48.902134
s 0
usemtl Material.005
f 742 743 741
f 742 744 743
o finish.187
v 13.965376 0.000000 -48.385262
v 13.484678 0.000000 -48.571823
v 14.021402 0.000000 -48.529617
v 13.540705 0.000000 -48.716179
s 0
usemtl Material.005
f 746 747 745
f 746 748 747
o finish.188
v 14.280582 0.000000 -48.141685
v 13.853812 0.000000 -48.431072
v 14.367486 0.000000 -48.269848
v 13.940716 0.000000 -48.559235
s 0
usemtl Material.005
f 750 751 749
f 750 752 751
o finish.189
v 17.590231 0.000000 -43.096920
v 16.872828 0.000000 -43.752865
v 17.787214 0.000000 -43.312359
v 17.069811 0.000000 -43.968304
s 0
usemtl Material.005
f 754 755 753
f 754 756 755
o finish.190
v 18.262558 0.000000 -42.533352
v 17.545155 0.000000 -43.189297
v 18.459541 0.000000 -42.748791
v 17.742138 0.000000 -43.404736
s 0
usemtl Material.005
f 758 759 757
f 758 760 759
o finish.191
v 18.905224 0.000000 -41.979671
v 18.187820 0.000000 -42.635616
v 19.102207 0.000000 -42.195110
v 18.384804 0.000000 -42.851055
s 0
usemtl Material.005
f 762 763 761
f 762 764 763
o finish.192
v 19.344435 0.000000 -41.196716
v 18.841318 0.000000 -42.028461
v 19.594213 0.000000 -41.347805
v 19.091097 0.000000 -42.179550
s 0
usemtl Material.005
f 766 767 765
f 766 768 767
o finish.193
v 18.791056 0.000000 -40.257156
v 19.340397 0.000000 -41.059124
v 19.031891 0.000000 -40.092182
v 19.581232 0.000000 -40.894150
s 0
usemtl Material.005
f 770 771 769
f 770 772 771
o finish.194
v 18.011671 0.000000 -39.841263
v 18.857813 0.000000 -40.319771
v 18.155371 0.000000 -39.587158
v 19.001513 0.000000 -40.065666
s 0
usemtl Material.005
f 774 775 773
f 774 776 775
o finish.195
v 17.546974 0.000000 -39.554535
v 18.393116 0.000000 -40.033043
v 17.690674 0.000000 -39.300430
v 18.536816 0.000000 -39.778938
s 0
usemtl Material.005
f 778 779 777
f 778 780 779
o finish.196
v 16.677120 0.000000 -39.572258
v 17.647020 0.000000 -39.637222
v 16.696630 0.000000 -39.280991
v 17.666531 0.000000 -39.345955
s 0
usemtl Material.005
f 782 783 781
f 782 784 783
o finish.197
v 15.904843 0.000000 -39.412930
v 16.856108 0.000000 -39.612984
v 15.964921 0.000000 -39.127258
v 16.916187 0.000000 -39.327312
s 0
usemtl Material.005
f 786 787 785
f 786 788 787
o finish.198
v 15.502793 0.000000 -40.245106
v 15.611131 0.000000 -39.279087
v 15.212691 0.000000 -40.212574
v 15.321029 0.000000 -39.246555
s 0
usemtl Material.005
f 790 791 789
f 790 792 791
o finish.199
v 14.693909 0.000000 -41.016094
v 15.400877 0.000000 -40.348915
v 14.493551 0.000000 -40.803787
v 15.200520 0.000000 -40.136608
s 0
usemtl Material.005
f 794 795 793
f 794 796 795
o finish.200
v 14.397294 0.000000 -41.312710
v 15.104262 0.000000 -40.645531
v 14.196937 0.000000 -41.100403
v 14.903905 0.000000 -40.433224
s 0
usemtl Material.005
f 798 799 797
f 798 800 799
o finish.201
v 14.402218 0.000000 -41.864590
v 14.383939 0.000000 -41.152645
v 14.188416 0.000000 -41.870075
v 14.170137 0.000000 -41.158131
s 0
usemtl Material.005
f 802 803 801
f 802 804 803
o finish.202
v 15.033217 0.000000 -42.524742
v 14.243299 0.000000 -41.958210
v 14.863085 0.000000 -42.761959
v 14.073167 0.000000 -42.195427
s 0
usemtl Material.005
f 806 807 805
f 806 808 807
o finish.203
v 14.177366 0.000000 -42.217815
v 14.166717 0.000000 -41.803009
v 14.052798 0.000000 -42.221016
v 14.042149 0.000000 -41.806210
s 0
usemtl Material.005
f 810 811 809
f 810 812 811
o finish.204
v 14.166096 0.000000 -41.886929
v 14.387648 0.000000 -41.536087
v 14.060736 0.000000 -41.820396
v 14.282288 0.000000 -41.469555
s 0
usemtl Material.005
f 814 815 813
f 814 816 815
o finish.205
v 15.122338 0.000000 -43.258083
v 15.048499 0.000000 -42.507957
v 14.897071 0.000000 -43.280258
v 14.823232 0.000000 -42.530132
s 0
usemtl Material.005
f 818 819 817
f 818 820 819
o finish.206
v 15.514705 0.000000 -43.747616
v 15.071750 0.000000 -43.137756
v 15.331559 0.000000 -43.880638
v 14.888604 0.000000 -43.270779
s 0
usemtl Material.005
f 822 823 821
f 822 824 823
o finish.207
v 16.091015 0.000000 -44.071083
v 15.411646 0.000000 -43.744587
v 15.992966 0.000000 -44.275105
v 15.313597 0.000000 -43.948608
s 0
usemtl Material.005
f 826 827 825
f 826 828 827
o finish.208
v 16.534706 0.000000 -44.201077
v 15.998086 0.000000 -44.096134
v 16.503191 0.000000 -44.362225
v 15.966572 0.000000 -44.257282
s 0
usemtl Material.005
f 830 831 829
f 830 832 831
o finish.209
v 16.879620 0.000000 -44.198257
v 16.437315 0.000000 -44.213097
v 16.884077 0.000000 -44.331085
v 16.441772 0.000000 -44.345924
s 0
usemtl Material.005
f 834 835 833
f 834 836 835
o finish.210
v 16.995667 0.000000 -43.860329
v 16.781584 0.000000 -44.247654
v 17.111982 0.000000 -43.924618
v 16.897900 0.000000 -44.311943
s 0
usemtl Material.005
f 838 839 837
f 838 840 839
o finish.211
v 19.425255 0.000000 -40.885166
v 19.427753 0.000000 -41.327713
v 19.558155 0.000000 -40.884415
v 19.560654 0.000000 -41.326962
s 0
usemtl Material.005
f 842 843 841
f 842 844 843
o finish.212
v 15.536697 0.000000 -39.220238
v 16.087086 0.000000 -39.337208
v 15.571824 0.000000 -39.054951
v 16.122213 0.000000 -39.171921
s 0
usemtl Material.005
f 846 847 845
f 846 848 847
o finish.213
v 15.377725 0.000000 -39.360451
v 15.654064 0.000000 -39.146484
v 15.313469 0.000000 -39.277466
v 15.589808 0.000000 -39.063499
s 0
usemtl Material.005
f 850 851 849
f 850 852 851
o finish.215
v 26.898050 0.000000 -41.735260
v 27.540695 0.000000 -41.005920
v 26.679024 0.000000 -41.542267
v 27.321669 0.000000 -40.812927
s 0
usemtl Material.005
f 854 855 853
f 854 856 855
o finish.216
v 27.549538 0.000000 -40.965755
v 27.808441 0.000000 -40.028797
v 27.268162 0.000000 -40.888004
v 27.527065 0.000000 -39.951046
s 0
usemtl Material.005
f 858 859 857
f 858 860 859
o finish.217
v 27.852526 0.000000 -40.004021
v 27.795630 0.000000 -39.033611
v 27.561106 0.000000 -40.021107
v 27.504210 0.000000 -39.050697
s 0
usemtl Material.005
f 862 863 861
f 862 864 863
o finish.218
v 27.726955 0.000000 -39.033588
v 27.466068 0.000000 -38.097179
v 27.445744 0.000000 -39.111935
v 27.184856 0.000000 -38.175526
s 0
usemtl Material.005
f 866 867 865
f 866 868 867
o finish.219
v 27.497917 0.000000 -38.117409
v 27.084929 0.000000 -37.237427
v 27.233652 0.000000 -38.241432
v 26.820663 0.000000 -37.361450
s 0
usemtl Material.005
f 870 871 869
f 870 872 871
o finish.220
v 27.106695 0.000000 -37.310852
v 26.740803 0.000000 -36.410271
v 26.836243 0.000000 -37.420731
v 26.470350 0.000000 -36.520149
s 0
usemtl Material.005
f 874 875 873
f 874 876 875
o finish.221
v 22.990875 0.000000 -38.822899
v 23.501581 0.000000 -37.995792
v 22.742491 0.000000 -38.669529
v 23.253197 0.000000 -37.842422
s 0
usemtl Material.005
f 878 879 877
f 878 880 879
o finish.222
v 23.518190 0.000000 -38.007210
v 24.028896 0.000000 -37.180103
v 23.269806 0.000000 -37.853840
v 23.780512 0.000000 -37.026733
s 0
usemtl Material.005
f 882 883 881
f 882 884 883
o finish.223
v 23.743235 0.000000 -37.692566
v 24.263464 0.000000 -36.871414
v 23.496637 0.000000 -37.536339
v 24.016867 0.000000 -36.715187
s 0
usemtl Material.005
f 886 887 885
f 886 888 887
o finish.224
v 24.157999 0.000000 -36.981743
v 24.943888 0.000000 -36.409637
v 23.986193 0.000000 -36.745735
v 24.772081 0.000000 -36.173630
s 0
usemtl Material.005
f 890 891 889
f 890 892 891
o finish.225
v 24.627893 0.000000 -36.512787
v 25.229221 0.000000 -36.114590
v 24.508312 0.000000 -36.332203
v 25.109640 0.000000 -35.934006
s 0
usemtl Material.005
f 894 895 893
f 894 896 895
o finish.226
v 26.058897 0.000000 -36.185036
v 26.626520 0.000000 -36.629963
v 26.192511 0.000000 -36.014576
v 26.760134 0.000000 -36.459503
s 0
usemtl Material.005
f 898 899 897
f 898 900 899
o finish.227
v 25.451509 0.000000 -36.125889
v 26.166758 0.000000 -36.218487
v 25.479319 0.000000 -35.911098
v 26.194567 0.000000 -36.003696
s 0
usemtl Material.005
f 902 903 901
f 902 904 903
o finish.228
v 25.067968 0.000000 -36.118969
v 25.645937 0.000000 -36.079285
v 25.056051 0.000000 -35.945404
v 25.634020 0.000000 -35.905720
s 0
usemtl Material.005
f 906 907 905
f 906 908 907
o finish.229
v 22.883074 0.000000 -39.676743
v 22.991411 0.000000 -38.710724
v 22.592974 0.000000 -39.644211
v 22.701311 0.000000 -38.678192
s 0
usemtl Material.005
f 910 911 909
f 910 912 911
o finish.230
v 23.116299 0.000000 -40.337833
v 22.845617 0.000000 -39.583679
v 22.889822 0.000000 -40.419121
v 22.619141 0.000000 -39.664967
s 0
usemtl Material.005
f 914 915 913
f 914 916 915
o finish.231
v 23.697123 0.000000 -40.696697
v 23.041977 0.000000 -40.235394
v 23.558590 0.000000 -40.893444
v 22.903444 0.000000 -40.432140
s 0
usemtl Material.005
f 918 919 917
f 918 920 919
o finish.232
v 24.186115 0.000000 -41.345406
v 23.740461 0.000000 -40.679516
v 23.986143 0.000000 -41.479237
v 23.540489 0.000000 -40.813347
s 0
usemtl Material.005
f 922 923 921
f 922 924 923
o finish.233
v 24.785387 0.000000 -41.682590
v 24.041761 0.000000 -41.310226
v 24.673563 0.000000 -41.905907
v 23.929937 0.000000 -41.533543
s 0
usemtl Material.005
f 926 927 925
f 926 928 927
o finish.234
v 25.475847 0.000000 -41.586658
v 24.647034 0.000000 -41.655220
v 25.496437 0.000000 -41.835556
v 24.667624 0.000000 -41.904118
s 0
usemtl Material.005
f 930 931 929
f 930 932 931
o finish.235
v 26.279179 0.000000 -41.517998
v 25.450365 0.000000 -41.586559
v 26.299768 0.000000 -41.766895
v 25.470955 0.000000 -41.835457
s 0
usemtl Material.005
f 934 935 933
f 934 936 935
o finish.236
v 26.876528 0.000000 -41.428738
v 26.047714 0.000000 -41.497299
v 26.897118 0.000000 -41.677635
v 26.068304 0.000000 -41.746197
s 0
usemtl Material.005
f 938 939 937
f 938 940 939
o finish.214
v 20.925556 0.000000 -38.393055
v 21.534761 0.000000 -37.635559
v 20.698076 0.000000 -38.210106
v 21.307281 0.000000 -37.452610
s 0
usemtl Material.005
f 942 943 941
f 942 944 943
o finish.237
v 21.503204 0.000000 -37.673683
v 22.201551 0.000000 -36.997490
v 21.300138 0.000000 -37.463966
v 21.998486 0.000000 -36.787773
s 0
usemtl Material.005
f 946 947 945
f 946 948 947
o finish.238
v 22.120602 0.000000 -37.010410
v 22.250189 0.000000 -36.488720
v 21.963934 0.000000 -36.971493
v 22.093521 0.000000 -36.449802
s 0
usemtl Material.005
f 950 951 949
f 950 952 951
o finish.239
v 20.003660 0.000000 -38.592789
v 19.059641 0.000000 -38.360939
v 19.934034 0.000000 -38.876282
v 18.990015 0.000000 -38.644432
s 0
usemtl Material.005
f 954 955 953
f 954 956 955
o finish.240
v 19.246792 0.000000 -38.375149
v 18.359331 0.000000 -37.978489
v 19.127672 0.000000 -38.641659
v 18.240211 0.000000 -38.244999
s 0
usemtl Material.005
f 958 959 957
f 958 960 959
o finish.241
v 17.620832 0.000000 -38.094700
v 17.291700 0.000000 -37.503799
v 17.443380 0.000000 -38.193542
v 17.114248 0.000000 -37.602642
s 0
usemtl Material.005
f 962 963 961
f 962 964 963
o finish.242
v 17.307198 0.000000 -37.552654
v 17.182606 0.000000 -36.887848
v 17.107552 0.000000 -37.590073
v 16.982960 0.000000 -36.925266
s 0
usemtl Material.005
f 966 967 965
f 966 968 967
o finish.243
v 17.167337 0.000000 -36.976616
v 17.242296 0.000000 -36.304401
v 16.965467 0.000000 -36.954105
v 17.040426 0.000000 -36.281891
s 0
usemtl Material.005
f 970 971 969
f 970 972 971
o finish.244
v 17.191168 0.000000 -36.403286
v 17.537178 0.000000 -35.822109
v 17.016636 0.000000 -36.299374
v 17.362646 0.000000 -35.718197
s 0
usemtl Material.005
f 974 975 973
f 974 976 975
o finish.245
v 20.925602 0.000000 -38.190445
v 20.268553 0.000000 -38.350994
v 20.973814 0.000000 -38.387760
v 20.316765 0.000000 -38.548309
s 0
usemtl Material.005
f 978 979 977
f 978 980 979
o finish.246
v 20.291458 0.000000 -38.288097
v 19.766058 0.000000 -38.714062
v 20.419378 0.000000 -38.445881
v 19.893978 0.000000 -38.871845
s 0
usemtl Material.005
f 982 983 981
f 982 984 983
o finish.247
v 18.448282 0.000000 -38.078274
v 17.805267 0.000000 -38.110371
v 18.457920 0.000000 -38.271374
v 17.814905 0.000000 -38.303471
s 0
usemtl Material.005
f 986 987 985
f 986 988 987
o finish.248
v 17.991880 0.000000 -38.183422
v 17.425526 0.000000 -37.877251
v 17.899937 0.000000 -38.353500
v 17.333582 0.000000 -38.047329
s 0
usemtl Material.005
f 990 991 989
f 990 992 991
o finish.249
v 17.405554 0.000000 -35.906345
v 18.058712 0.000000 -35.730637
v 17.352787 0.000000 -35.710197
v 18.005945 0.000000 -35.534489
s 0
usemtl Material.005
f 994 995 993
f 994 996 995
o finish.250
v 17.798923 0.000000 -35.795090
v 18.452082 0.000000 -35.619381
v 17.746157 0.000000 -35.598942
v 18.399315 0.000000 -35.423233
s 0
usemtl Material.005
f 998 999 997
f 998 1000 999
o finish.251
v 18.365402 0.000000 -35.614944
v 19.041338 0.000000 -35.639481
v 18.372770 0.000000 -35.411957
v 19.048706 0.000000 -35.436493
s 0
usemtl Material.005
f 1002 1003 1001
f 1002 1004 1003
o finish.252
v 18.948359 0.000000 -35.675812
v 19.621233 0.000000 -35.744579
v 18.969011 0.000000 -35.473743
v 19.641886 0.000000 -35.542511
s 0
usemtl Material.005
f 1006 1007 1005
f 1006 1008 1007
o finish.253
v 19.596815 0.000000 -35.778225
v 20.264883 0.000000 -35.672516
v 19.565069 0.000000 -35.577599
v 20.233137 0.000000 -35.471889
s 0
usemtl Material.005
f 1010 1011 1009
f 1010 1012 1011
o finish.254
v 20.118668 0.000000 -35.667950
v 20.752060 0.000000 -35.430664
v 20.047409 0.000000 -35.477737
v 20.680801 0.000000 -35.240452
s 0
usemtl Material.005
f 1014 1015 1013
f 1014 1016 1015
o finish.255
v 20.674791 0.000000 -35.445412
v 21.347048 0.000000 -35.370834
v 20.652395 0.000000 -35.243530
v 21.324652 0.000000 -35.168953
s 0
usemtl Material.005
f 1018 1019 1017
f 1018 1020 1019
o finish.256
v 21.216816 0.000000 -35.300385
v 21.784973 0.000000 -35.667381
v 21.327026 0.000000 -35.129761
v 21.895184 0.000000 -35.496758
s 0
usemtl Material.005
f 1022 1023 1021
f 1022 1024 1023
o finish.257
v 22.258673 0.000000 -36.484005
v 22.119305 0.000000 -35.964840
v 22.102764 0.000000 -36.525860
v 21.963396 0.000000 -36.006695
s 0
usemtl Material.005
f 1026 1027 1025
f 1026 1028 1027
o finish.258
v 22.131428 0.000000 -35.977882
v 21.893715 0.000000 -35.495754
v 21.986641 0.000000 -36.049267
v 21.748928 0.000000 -35.567139
s 0
usemtl Material.005
f 1030 1031 1029
f 1030 1032 1031
o finish.259
v 4.628222 0.000000 -38.149990
v 5.005100 0.000000 -37.253948
v 4.359136 0.000000 -38.036808
v 4.736013 0.000000 -37.140766
s 0
usemtl Material.005
f 1034 1035 1033
f 1034 1036 1035
o finish.260
v 4.974480 0.000000 -37.370220
v 5.614676 0.000000 -36.689034
v 4.769915 0.000000 -37.177963
v 5.410111 0.000000 -36.496777
s 0
usemtl Material.005
f 1038 1039 1037
f 1038 1040 1039
o finish.261
v 5.490298 0.000000 -36.776344
v 6.423268 0.000000 -36.834942
v 5.507895 0.000000 -36.496166
v 6.440865 0.000000 -36.554764
s 0
usemtl Material.005
f 1042 1043 1041
f 1042 1044 1043
o finish.262
v 6.403488 0.000000 -36.824406
v 7.336458 0.000000 -36.883003
v 6.421084 0.000000 -36.544228
v 7.354054 0.000000 -36.602825
s 0
usemtl Material.005
f 1046 1047 1045
f 1046 1048 1047
o finish.263
v 7.125421 0.000000 -36.917763
v 8.019711 0.000000 -37.189995
v 7.207174 0.000000 -36.649200
v 8.101464 0.000000 -36.921432
s 0
usemtl Material.005
f 1050 1051 1049
f 1050 1052 1051
o finish.264
v 8.024227 0.000000 -37.230198
v 8.958238 0.000000 -37.191593
v 8.012633 0.000000 -36.949711
v 8.946644 0.000000 -36.911106
s 0
usemtl Material.005
f 1054 1055 1053
f 1054 1056 1055
o finish.265
v 8.957926 0.000000 -37.257221
v 9.865454 0.000000 -37.033031
v 8.890600 0.000000 -36.984684
v 9.798128 0.000000 -36.760494
s 0
usemtl Material.005
f 1058 1059 1057
f 1058 1060 1059
o finish.266
v 9.589605 0.000000 -36.989445
v 10.497133 0.000000 -36.765255
v 9.522280 0.000000 -36.716908
v 10.429808 0.000000 -36.492718
s 0
usemtl Material.005
f 1062 1063 1061
f 1062 1064 1063
o finish.267
v 10.218371 0.000000 -36.765984
v 11.040814 0.000000 -37.210342
v 10.351815 0.000000 -36.518997
v 11.174258 0.000000 -36.963356
s 0
usemtl Material.005
f 1066 1067 1065
f 1066 1068 1067
o finish.268
v 10.893055 0.000000 -37.151409
v 11.569028 0.000000 -37.797112
v 11.086963 0.000000 -36.948410
v 11.762936 0.000000 -37.594112
s 0
usemtl Material.005
f 1070 1071 1069
f 1070 1072 1071
o finish.269
v 11.462940 0.000000 -37.714428
v 12.138913 0.000000 -38.360130
v 11.656848 0.000000 -37.511429
v 12.332821 0.000000 -38.157131
s 0
usemtl Material.005
f 1074 1075 1073
f 1074 1076 1075
o finish.270
v 12.046557 0.000000 -38.277447
v 12.722530 0.000000 -38.923149
v 12.240465 0.000000 -38.074448
v 12.916438 0.000000 -38.720150
s 0
usemtl Material.005
f 1078 1079 1077
f 1078 1080 1079
o finish.271
v 12.682637 0.000000 -38.725697
v 12.959768 0.000000 -39.618481
v 12.950747 0.000000 -38.642475
v 13.227878 0.000000 -39.535259
s 0
usemtl Material.005
f 1082 1083 1081
f 1082 1084 1083
o finish.272
v 12.896173 0.000000 -39.395599
v 12.926007 0.000000 -40.329929
v 13.176759 0.000000 -39.386639
v 13.206593 0.000000 -40.320969
s 0
usemtl Material.005
f 1086 1087 1085
f 1086 1088 1087
o finish.273
v 12.931184 0.000000 -40.222633
v 12.719620 0.000000 -41.133186
v 13.204628 0.000000 -40.286171
v 12.993064 0.000000 -41.196724
s 0
usemtl Material.005
f 1090 1091 1089
f 1090 1092 1091
o finish.274
v 12.759532 0.000000 -40.964172
v 12.547968 0.000000 -41.874725
v 13.032976 0.000000 -41.027710
v 12.821412 0.000000 -41.938263
s 0
usemtl Material.005
f 1094 1095 1093
f 1094 1096 1095
o finish.275
v 12.700226 0.000000 -41.638969
v 11.871798 0.000000 -42.072067
v 12.830288 0.000000 -41.887749
v 12.001860 0.000000 -42.320847
s 0
usemtl Material.005
f 1098 1099 1097
f 1098 1100 1099
o finish.276
v 12.104060 0.000000 -41.961514
v 11.663774 0.000000 -42.786140
v 12.351702 0.000000 -42.093735
v 11.911416 0.000000 -42.918362
s 0
usemtl Material.005
f 1102 1103 1101
f 1102 1104 1103
o finish.277
v 11.753890 0.000000 -42.586327
v 11.313604 0.000000 -43.410954
v 12.001532 0.000000 -42.718548
v 11.561246 0.000000 -43.543175
s 0
usemtl Material.005
f 1106 1107 1105
f 1106 1108 1107
o finish.278
v 10.363447 0.000000 -43.204288
v 11.217598 0.000000 -43.584148
v 10.477522 0.000000 -42.947781
v 11.331673 0.000000 -43.327641
s 0
usemtl Material.005
f 1110 1111 1109
f 1110 1112 1111
o finish.279
v 11.603691 0.000000 -43.365120
v 11.170265 0.000000 -43.456242
v 11.631056 0.000000 -43.495281
v 11.197630 0.000000 -43.586403
s 0
usemtl Material.005
f 1114 1113 1115
f 1114 1115 1116
o finish.280
v 9.692782 0.000000 -43.522717
v 10.555812 0.000000 -43.163486
v 9.584903 0.000000 -43.263546
v 10.447932 0.000000 -42.904316
s 0
usemtl Material.005
f 1118 1119 1117
f 1118 1120 1119
o finish.281
v 8.958967 0.000000 -43.636345
v 9.878366 0.000000 -43.467312
v 8.908205 0.000000 -43.360241
v 9.827604 0.000000 -43.191208
s 0
usemtl Material.005
f 1122 1123 1121
f 1122 1124 1123
o finish.282
v 8.151904 0.000000 -43.382698
v 9.048469 0.000000 -43.647346
v 8.231380 0.000000 -43.113457
v 9.127944 0.000000 -43.378105
s 0
usemtl Material.005
f 1126 1127 1125
f 1126 1128 1127
o finish.283
v 7.711931 0.000000 -42.580799
v 8.090617 0.000000 -43.435471
v 7.968595 0.000000 -42.467079
v 8.347281 0.000000 -43.321751
s 0
usemtl Material.005
f 1130 1131 1129
f 1130 1132 1131
o finish.284
v 7.156216 0.000000 -42.293522
v 7.938927 0.000000 -42.804630
v 7.309705 0.000000 -42.058468
v 8.092416 0.000000 -42.569576
s 0
usemtl Material.005
f 1134 1135 1133
f 1134 1136 1135
o finish.285
v 6.751291 0.000000 -41.463703
v 7.113234 0.000000 -42.325600
v 7.010123 0.000000 -41.355011
v 7.372066 0.000000 -42.216908
s 0
usemtl Material.005
f 1138 1139 1137
f 1138 1140 1139
o finish.286
v 6.102631 0.000000 -41.005562
v 6.884721 0.000000 -41.517620
v 6.256405 0.000000 -40.770695
v 7.038495 0.000000 -41.282753
s 0
usemtl Material.005
f 1142 1143 1141
f 1142 1144 1143
o finish.287
v 5.630588 0.000000 -40.690868
v 6.412678 0.000000 -41.202927
v 5.784362 0.000000 -40.456001
v 6.566452 0.000000 -40.968060
s 0
usemtl Material.005
f 1146 1147 1145
f 1146 1148 1147
o finish.288
v 5.138386 0.000000 -39.967205
v 5.650925 0.000000 -40.748978
v 5.373158 0.000000 -39.813286
v 5.885697 0.000000 -40.595058
s 0
usemtl Material.005
f 1150 1151 1149
f 1150 1152 1151
o finish.289
v 5.032377 0.000000 -39.336552
v 5.154387 0.000000 -39.965424
v 5.221232 0.000000 -39.299911
v 5.343243 0.000000 -39.928783
s 0
usemtl Material.005
f 1154 1155 1153
f 1154 1156 1155
o finish.290
v 4.963014 0.000000 -39.445763
v 5.152553 0.000000 -40.057682
v 5.146777 0.000000 -39.388844
v 5.336316 0.000000 -40.000763
s 0
usemtl Material.005
f 1158 1159 1157
f 1158 1160 1159
o finish.291
v 4.819970 0.000000 -38.964184
v 5.009509 0.000000 -39.576103
v 5.003734 0.000000 -38.907265
v 5.193273 0.000000 -39.519184
s 0
usemtl Material.005
f 1162 1163 1161
f 1162 1164 1163
o finish.292
v 4.596835 0.000000 -38.882610
v 4.975053 0.000000 -39.399643
v 4.752102 0.000000 -38.769028
v 5.130321 0.000000 -39.286060
s 0
usemtl Material.005
f 1166 1167 1165
f 1166 1168 1167
o finish.293
v 4.406176 0.000000 -38.387108
v 4.625245 0.000000 -38.989090
v 4.586955 0.000000 -38.321320
v 4.806023 0.000000 -38.923302
s 0
usemtl Material.005
f 1170 1171 1169
f 1170 1172 1171
o finish.294
v 4.385627 0.000000 -38.015308
v 4.463989 0.000000 -38.651100
v 4.576559 0.000000 -37.991776
v 4.654921 0.000000 -38.627567
s 0
usemtl Material.005
f 1174 1175 1173
f 1174 1176 1175
o finish.295
v 0.758015 0.000000 -34.073231
v 0.788519 0.000000 -32.228577
v 0.204053 0.000000 -34.064072
v 0.234558 0.000000 -32.219418
s 0
usemtl Material.005
f 1178 1179 1177
f 1178 1180 1179
o finish.296
v 0.715302 0.000000 -32.236591
v 0.745807 0.000000 -30.391937
v 0.161341 0.000000 -32.227428
v 0.191846 0.000000 -30.382776
s 0
usemtl Material.005
f 1182 1183 1181
f 1182 1184 1183
o finish.297
v 0.782189 0.000000 -30.423183
v 1.016221 0.000000 -28.593182
v 0.232628 0.000000 -30.352901
v 0.466660 0.000000 -28.522900
s 0
usemtl Material.005
f 1186 1187 1185
f 1186 1188 1187
o finish.298
v 1.383845 0.000000 -27.774916
v 2.405092 0.000000 -26.238449
v 0.922434 0.000000 -27.468227
v 1.943681 0.000000 -25.931761
s 0
usemtl Material.005
f 1190 1191 1189
f 1190 1192 1191
o finish.299
v 2.059052 0.000000 -26.696802
v 3.345597 0.000000 -25.374504
v 1.661957 0.000000 -26.310444
v 2.948503 0.000000 -24.988146
s 0
usemtl Material.005
f 1194 1195 1193
f 1194 1196 1195
o finish.300
v 3.480892 0.000000 -25.513166
v 5.192494 0.000000 -26.201710
v 3.687666 0.000000 -24.999161
v 5.399268 0.000000 -25.687704
s 0
usemtl Material.005
f 1198 1199 1197
f 1198 1200 1199
o finish.301
v 5.132445 0.000000 -26.210806
v 6.844047 0.000000 -26.899349
v 5.339219 0.000000 -25.696800
v 7.050821 0.000000 -26.385344
s 0
usemtl Material.005
f 1202 1203 1201
f 1202 1204 1203
o finish.302
v 7.258467 0.000000 -27.440258
v 9.098803 0.000000 -27.570028
v 7.297438 0.000000 -26.887594
v 9.137774 0.000000 -27.017365
s 0
usemtl Material.005
f 1206 1207 1205
f 1206 1208 1207
o finish.303
v 9.380524 0.000000 -27.819374
v 11.220860 0.000000 -27.949144
v 9.419495 0.000000 -27.266710
v 11.259830 0.000000 -27.396481
s 0
usemtl Material.005
f 1210 1211 1209
f 1210 1212 1211
o finish.304
v 10.632650 0.000000 -28.284391
v 12.214761 0.000000 -27.335392
v 10.347659 0.000000 -27.809273
v 11.929770 0.000000 -26.860273
s 0
usemtl Material.005
f 1214 1215 1213
f 1214 1216 1215
o finish.306
v 14.133385 0.000000 -25.996475
v 14.331728 0.000000 -26.258249
v 14.211998 0.000000 -25.936911
v 14.410341 0.000000 -26.198685
s 0
usemtl Material.005
f 1218 1219 1217
f 1218 1220 1219
o finish.307
v 14.225777 0.000000 -28.378712
v 14.512800 0.000000 -30.174234
v 14.764984 0.000000 -28.292517
v 15.052008 0.000000 -30.088039
s 0
usemtl Material.005
f 1222 1223 1221
f 1222 1224 1223
o finish.308
v 14.830170 0.000000 -31.463984
v 15.072420 0.000000 -33.229885
v 15.360481 0.000000 -31.391233
v 15.602732 0.000000 -33.157135
s 0
usemtl Material.005
f 1226 1227 1225
f 1226 1228 1227
o finish.309
v 14.803362 0.000000 -34.420616
v 14.020063 0.000000 -36.141258
v 15.320082 0.000000 -34.655846
v 14.536783 0.000000 -36.376488
s 0
usemtl Material.005
f 1230 1231 1229
f 1230 1232 1231
o finish.310
v 14.270349 0.000000 -36.201187
v 12.164286 0.000000 -35.870617
v 14.171076 0.000000 -36.833652
v 12.065013 0.000000 -36.503082
s 0
usemtl Material.005
f 1234 1235 1233
f 1234 1236 1235
o finish.311
v 12.811003 0.000000 -35.904572
v 10.704941 0.000000 -35.574001
v 12.711729 0.000000 -36.537037
v 10.605667 0.000000 -36.206467
s 0
usemtl Material.005
f 1238 1239 1237
f 1238 1240 1239
o finish.312
v 10.756332 0.000000 -35.745232
v 8.734121 0.000000 -35.070374
v 10.553667 0.000000 -36.352516
v 8.531456 0.000000 -35.677658
s 0
usemtl Material.005
f 1242 1243 1241
f 1242 1244 1243
o finish.313
v 8.715621 0.000000 -35.282516
v 6.693409 0.000000 -34.607655
v 8.512956 0.000000 -35.889797
v 6.490745 0.000000 -35.214935
s 0
usemtl Material.005
f 1246 1247 1245
f 1246 1248 1247
o finish.314
v 7.805274 0.000000 -34.892876
v 5.682159 0.000000 -35.085640
v 7.863163 0.000000 -35.530464
v 5.740047 0.000000 -35.723228
s 0
usemtl Material.005
f 1250 1251 1249
f 1250 1252 1251
o finish.315
v 9.254596 0.000000 -35.697250
v 8.491709 0.000000 -35.615189
v 9.229952 0.000000 -35.926353
v 8.467065 0.000000 -35.844292
s 0
usemtl Material.005
f 1254 1255 1253
f 1254 1256 1255
o finish.316
v 5.908943 0.000000 -35.023048
v 3.777649 0.000000 -35.071659
v 5.923541 0.000000 -35.663090
v 3.792247 0.000000 -35.711700
s 0
usemtl Material.005
f 1258 1259 1257
f 1258 1260 1259
o finish.317
v 3.990403 0.000000 -34.994297
v 1.912882 0.000000 -35.472500
v 4.134011 0.000000 -35.618191
v 2.056489 0.000000 -36.096394
s 0
usemtl Material.005
f 1262 1263 1261
f 1262 1264 1263
o finish.318
v 1.822740 0.000000 -35.918560
v 1.017184 0.000000 -35.568874
v 1.717727 0.000000 -36.160473
v 0.912171 0.000000 -35.810787
s 0
usemtl Material.005
f 1266 1267 1265
f 1266 1268 1267
o finish.319
v 2.553891 0.000000 -35.713333
v 1.689982 0.000000 -35.871010
v 2.601242 0.000000 -35.972771
v 1.737334 0.000000 -36.130447
s 0
usemtl Material.005
f 1270 1271 1269
f 1270 1272 1271
o finish.320
v 1.093124 0.000000 -35.653755
v 0.572497 0.000000 -34.946545
v 0.880744 0.000000 -35.810101
v 0.360117 0.000000 -35.102890
s 0
usemtl Material.005
f 1274 1275 1273
f 1274 1276 1275
o finish.321
v 0.673655 0.000000 -35.138981
v 0.619397 0.000000 -34.262478
v 0.410435 0.000000 -35.155277
v 0.356178 0.000000 -34.278774
s 0
usemtl Material.005
f 1278 1279 1277
f 1278 1280 1279
o finish.322
v 0.688698 0.000000 -34.726078
v 0.458297 0.000000 -33.878658
v 0.434213 0.000000 -34.795269
v 0.203812 0.000000 -33.947849
s 0
usemtl Material.005
f 1282 1283 1281
f 1282 1284 1283
o finish.323
v 0.392316 0.000000 -31.860970
v 0.374786 0.000000 -30.982964
v 0.128646 0.000000 -31.866234
v 0.111116 0.000000 -30.988228
s 0
usemtl Material.005
f 1286 1287 1285
f 1286 1288 1287
o finish.324
v 0.338776 0.000000 -31.141912
v 0.492945 0.000000 -30.277370
v 0.079149 0.000000 -31.095615
v 0.233317 0.000000 -30.231073
s 0
usemtl Material.005
f 1290 1291 1289
f 1290 1292 1291
o finish.325
v 0.458533 0.000000 -32.645546
v 0.411231 0.000000 -31.768641
v 0.195192 0.000000 -32.659752
v 0.147891 0.000000 -31.782845
s 0
usemtl Material.005
f 1294 1295 1293
f 1294 1296 1295
o finish.326
v 0.627391 0.000000 -28.927298
v 0.776757 0.000000 -28.061913
v 0.367510 0.000000 -28.882442
v 0.516876 0.000000 -28.017057
s 0
usemtl Material.005
f 1298 1299 1297
f 1298 1300 1299
o finish.327
v 0.585736 0.000000 -29.737936
v 0.649897 0.000000 -28.862104
v 0.322718 0.000000 -29.718668
v 0.386879 0.000000 -28.842836
s 0
usemtl Material.005
f 1302 1303 1301
f 1302 1304 1303
o finish.328
v 0.782174 0.000000 -27.971163
v 1.388300 0.000000 -27.335701
v 0.591341 0.000000 -27.789139
v 1.197467 0.000000 -27.153677
s 0
usemtl Material.005
f 1306 1307 1305
f 1306 1308 1307
o finish.329
v 0.641797 0.000000 -28.327419
v 0.761985 0.000000 -27.806208
v 0.485273 0.000000 -28.291327
v 0.605462 0.000000 -27.770115
s 0
usemtl Material.005
f 1310 1311 1309
f 1310 1312 1311
o finish.330
v 2.287109 0.000000 -25.811312
v 2.659002 0.000000 -25.426859
v 2.171655 0.000000 -25.699629
v 2.543548 0.000000 -25.315176
s 0
usemtl Material.005
f 1314 1315 1313
f 1314 1316 1315
o finish.331
v 1.956165 0.000000 -26.192184
v 2.317459 0.000000 -25.797754
v 1.837715 0.000000 -26.083685
v 2.199009 0.000000 -25.689255
s 0
usemtl Material.005
f 1318 1319 1317
f 1318 1320 1319
o finish.332
v 2.555939 0.000000 -25.496897
v 3.000011 0.000000 -25.198721
v 2.466395 0.000000 -25.363539
v 2.910467 0.000000 -25.065363
s 0
usemtl Material.005
f 1322 1323 1321
f 1322 1324 1323
o finish.333
v 2.915742 0.000000 -25.223492
v 3.433435 0.000000 -25.088947
v 2.875338 0.000000 -25.068024
v 3.393031 0.000000 -24.933479
s 0
usemtl Material.005
f 1326 1327 1325
f 1326 1328 1327
o finish.334
v 3.342002 0.000000 -25.111591
v 3.868917 0.000000 -25.203615
v 3.369638 0.000000 -24.953356
v 3.896553 0.000000 -25.045380
s 0
usemtl Material.005
f 1330 1331 1329
f 1330 1332 1331
o finish.335
v 4.914598 0.000000 -25.665997
v 5.441513 0.000000 -25.758020
v 4.942233 0.000000 -25.507761
v 5.469148 0.000000 -25.599785
s 0
usemtl Material.005
f 1334 1335 1333
f 1334 1336 1335
o finish.336
v 5.362044 0.000000 -25.732447
v 5.810934 0.000000 -26.023317
v 5.449395 0.000000 -25.597643
v 5.898284 0.000000 -25.888514
s 0
usemtl Material.005
f 1338 1339 1337
f 1338 1340 1339
o finish.337
v 7.071161 0.000000 -26.408371
v 7.409792 0.000000 -26.822420
v 7.195503 0.000000 -26.306677
v 7.534134 0.000000 -26.720726
s 0
usemtl Material.005
f 1342 1343 1341
f 1342 1344 1343
o finish.338
v 7.253939 0.000000 -26.646776
v 7.592570 0.000000 -27.060825
v 7.378281 0.000000 -26.545082
v 7.716912 0.000000 -26.959131
s 0
usemtl Material.005
f 1346 1347 1345
f 1346 1348 1347
o finish.339
v 6.666663 0.000000 -26.342829
v 7.184483 0.000000 -26.476881
v 6.706919 0.000000 -26.187323
v 7.224740 0.000000 -26.321375
s 0
usemtl Material.005
f 1350 1351 1349
f 1350 1352 1351
o finish.340
v 6.228930 0.000000 -26.241699
v 6.746844 0.000000 -26.375393
v 6.269080 0.000000 -26.086166
v 6.786993 0.000000 -26.219860
s 0
usemtl Material.005
f 1354 1355 1353
f 1354 1356 1355
o finish.341
v 4.462500 0.000000 -25.424736
v 4.921726 0.000000 -25.698997
v 4.544862 0.000000 -25.286827
v 5.004088 0.000000 -25.561089
s 0
usemtl Material.005
f 1358 1359 1357
f 1358 1360 1359
o finish.342
v 3.998904 0.000000 -25.303205
v 4.515869 0.000000 -25.440523
v 4.040142 0.000000 -25.147959
v 4.557106 0.000000 -25.285276
s 0
usemtl Material.005
f 1362 1363 1361
f 1362 1364 1363
o finish.343
v 7.598775 0.000000 -27.018356
v 8.128213 0.000000 -27.094534
v 7.621652 0.000000 -26.859362
v 8.151090 0.000000 -26.935539
s 0
usemtl Material.005
f 1366 1367 1365
f 1366 1368 1367
o finish.344
v 8.566436 0.000000 -27.140821
v 9.101292 0.000000 -27.146935
v 8.568272 0.000000 -26.980202
v 9.103127 0.000000 -26.986315
s 0
usemtl Material.005
f 1370 1371 1369
f 1370 1372 1371
o finish.345
v 8.989652 0.000000 -27.182070
v 9.626003 0.000000 -27.515574
v 9.089806 0.000000 -26.990969
v 9.726157 0.000000 -27.324472
s 0
usemtl Material.005
f 1374 1375 1373
f 1374 1376 1375
o finish.346
v 9.704914 0.000000 -27.523489
v 10.422167 0.000000 -27.482048
v 9.692469 0.000000 -27.308094
v 10.409721 0.000000 -27.266653
s 0
usemtl Material.005
f 1378 1379 1377
f 1378 1380 1379
o finish.347
v 10.339514 0.000000 -27.480482
v 11.029243 0.000000 -27.681585
v 10.399906 0.000000 -27.273352
v 11.089636 0.000000 -27.474455
s 0
usemtl Material.005
f 1382 1383 1381
f 1382 1384 1383
o finish.348
v 11.170001 0.000000 -27.587263
v 11.734102 0.000000 -27.142338
v 11.036386 0.000000 -27.417858
v 11.600488 0.000000 -26.972933
s 0
usemtl Material.005
f 1386 1387 1385
f 1386 1388 1387
o finish.349
v 11.643986 0.000000 -27.154160
v 12.246108 0.000000 -26.973675
v 11.589786 0.000000 -26.973339
v 12.191908 0.000000 -26.792854
s 0
usemtl Material.005
f 1390 1391 1389
f 1390 1392 1391
o finish.350
v 12.162172 0.000000 -27.081772
v 12.571869 0.000000 -26.605038
v 12.019007 0.000000 -26.958736
v 12.428703 0.000000 -26.482002
s 0
usemtl Material.005
f 1394 1395 1393
f 1394 1396 1395
o finish.351
v 12.322576 0.000000 -26.865582
v 12.392418 0.000000 -26.554371
v 12.229116 0.000000 -26.844608
v 12.298959 0.000000 -26.533398
s 0
usemtl Material.005
f 1398 1399 1397
f 1398 1400 1399
o finish.352
v 12.363732 0.000000 -26.602488
v 12.571831 0.000000 -26.360773
v 12.291143 0.000000 -26.539995
v 12.499242 0.000000 -26.298281
s 0
usemtl Material.005
f 1402 1403 1401
f 1402 1404 1403
o finish.353
v 12.557712 0.000000 -26.387478
v 12.822418 0.000000 -26.209543
v 12.504276 0.000000 -26.307985
v 12.768983 0.000000 -26.130051
s 0
usemtl Material.005
f 1406 1407 1405
f 1406 1408 1407
o finish.354
v 12.762745 0.000000 -26.232265
v 13.027452 0.000000 -26.054331
v 12.709310 0.000000 -26.152773
v 12.974016 0.000000 -25.974838
s 0
usemtl Material.005
f 1410 1411 1409
f 1410 1412 1411
o finish.355
v 12.940457 0.000000 -26.098486
v 13.228404 0.000000 -25.961309
v 12.899262 0.000000 -26.012014
v 13.187209 0.000000 -25.874838
s 0
usemtl Material.005
f 1414 1415 1413
f 1414 1416 1415
o finish.356
v 13.185188 0.000000 -25.987726
v 13.501714 0.000000 -26.026995
v 13.196980 0.000000 -25.892672
v 13.513506 0.000000 -25.931940
s 0
usemtl Material.005
f 1418 1419 1417
f 1418 1420 1419
o finish.357
v 13.496797 0.000000 -26.033754
v 13.801365 0.000000 -25.939053
v 13.468357 0.000000 -25.942291
v 13.772925 0.000000 -25.847589
s 0
usemtl Material.005
f 1422 1423 1421
f 1422 1424 1423
o finish.358
v 13.640870 0.000000 -25.971560
v 13.950621 0.000000 -25.895498
v 13.618029 0.000000 -25.878538
v 13.927779 0.000000 -25.802477
s 0
usemtl Material.005
f 1426 1427 1425
f 1426 1428 1427
o finish.359
v 14.221739 0.000000 -25.945282
v 13.929447 0.000000 -25.817625
v 14.183403 0.000000 -26.033060
v 13.891111 0.000000 -25.905403
s 0
usemtl Material.005
f 1430 1431 1429
f 1430 1432 1431
o finish.360
v 14.220224 0.000000 -25.940655
v 14.082500 0.000000 -25.818848
v 14.183645 0.000000 -25.982014
v 14.045921 0.000000 -25.860207
s 0
usemtl Material.005
f 1434 1435 1433
f 1434 1436 1435
o finish.361
v 14.089370 0.000000 -25.822514
v 13.905531 0.000000 -25.819666
v 14.088514 0.000000 -25.877722
v 13.904675 0.000000 -25.874874
s 0
usemtl Material.005
f 1438 1439 1437
f 1438 1440 1439
o finish.305
v 14.323167 0.000000 -26.243742
v 14.486074 0.000000 -26.528921
v 14.408808 0.000000 -26.194818
v 14.571715 0.000000 -26.479998
s 0
usemtl Material.005
f 1442 1443 1441
f 1442 1444 1443
o finish.362
v 14.478415 0.000000 -26.523743
v 14.641322 0.000000 -26.808922
v 14.564055 0.000000 -26.474819
v 14.726963 0.000000 -26.759998
s 0
usemtl Material.005
f 1446 1447 1445
f 1446 1448 1447
o finish.363
v 14.633662 0.000000 -26.800047
v 14.796570 0.000000 -27.085226
v 14.719303 0.000000 -26.751123
v 14.882211 0.000000 -27.036303
s 0
usemtl Material.005
f 1450 1451 1449
f 1450 1452 1451
o finish.364
v 14.785307 0.000000 -27.062449
v 14.894438 0.000000 -27.372217
v 14.878332 0.000000 -27.029676
v 14.987463 0.000000 -27.339445
s 0
usemtl Material.005
f 1454 1455 1453
f 1454 1456 1455
o finish.365
v 14.890654 0.000000 -27.366476
v 14.999784 0.000000 -27.676245
v 14.983679 0.000000 -27.333704
v 15.092810 0.000000 -27.643473
s 0
usemtl Material.005
f 1458 1459 1457
f 1458 1460 1459
o finish.366
v 15.003732 0.000000 -27.615452
v 14.899172 0.000000 -27.926794
v 15.097229 0.000000 -27.646852
v 14.992669 0.000000 -27.958195
s 0
usemtl Material.005
f 1462 1463 1461
f 1462 1464 1463
o finish.367
v 14.907877 0.000000 -27.906199
v 14.771476 0.000000 -28.204966
v 14.997598 0.000000 -27.947161
v 14.861197 0.000000 -28.245928
s 0
usemtl Material.005
f 1466 1467 1465
f 1466 1468 1467
o finish.368
v 14.836721 0.000000 -28.071611
v 14.700320 0.000000 -28.370378
v 14.926442 0.000000 -28.112574
v 14.790041 0.000000 -28.411341
s 0
usemtl Material.005
f 1470 1471 1469
f 1470 1472 1471
o finish.369
v 14.994441 0.000000 -30.066622
v 14.966846 0.000000 -30.393890
v 15.092722 0.000000 -30.074909
v 15.065127 0.000000 -30.402178
s 0
usemtl Material.005
f 1474 1475 1473
f 1474 1476 1475
o finish.370
v 14.956117 0.000000 -30.350859
v 14.928522 0.000000 -30.678127
v 15.054398 0.000000 -30.359146
v 15.026803 0.000000 -30.686415
s 0
usemtl Material.005
f 1478 1479 1477
f 1478 1480 1479
o finish.371
v 14.934918 0.000000 -30.655506
v 15.077286 0.000000 -30.951475
v 15.023800 0.000000 -30.612753
v 15.166167 0.000000 -30.908722
s 0
usemtl Material.005
f 1482 1483 1481
f 1482 1484 1483
o finish.372
v 15.067259 0.000000 -30.935696
v 15.198969 0.000000 -31.236559
v 15.157610 0.000000 -30.896143
v 15.289320 0.000000 -31.197006
s 0
usemtl Material.005
f 1486 1487 1485
f 1486 1488 1487
o finish.373
v 15.151891 0.000000 -31.165640
v 15.283601 0.000000 -31.466503
v 15.242242 0.000000 -31.126087
v 15.373952 0.000000 -31.426950
s 0
usemtl Material.005
f 1490 1491 1489
f 1490 1492 1491
o finish.374
v 15.430287 0.000000 -33.445530
v 15.593939 0.000000 -33.160774
v 15.344774 0.000000 -33.396385
v 15.508426 0.000000 -33.111629
s 0
usemtl Material.005
f 1494 1495 1493
f 1494 1496 1495
o finish.375
v 15.329153 0.000000 -33.746292
v 15.427015 0.000000 -33.432781
v 15.235004 0.000000 -33.716900
v 15.332867 0.000000 -33.403389
s 0
usemtl Material.005
f 1498 1499 1497
f 1498 1500 1499
o finish.376
v 15.294823 0.000000 -33.982059
v 15.342160 0.000000 -33.657059
v 15.197223 0.000000 -33.967842
v 15.244560 0.000000 -33.642841
s 0
usemtl Material.005
f 1502 1503 1501
f 1502 1504 1503
o finish.377
v 15.371408 0.000000 -34.126705
v 15.314959 0.000000 -33.803165
v 15.274246 0.000000 -34.143658
v 15.217797 0.000000 -33.820118
s 0
usemtl Material.005
f 1506 1507 1505
f 1506 1508 1507
o finish.378
v 15.346287 0.000000 -34.421143
v 15.375646 0.000000 -34.094028
v 15.248052 0.000000 -34.412327
v 15.277411 0.000000 -34.085213
s 0
usemtl Material.005
f 1510 1511 1509
f 1510 1512 1511
o finish.379
v 15.334789 0.000000 -34.585938
v 15.364148 0.000000 -34.258823
v 15.236554 0.000000 -34.577122
v 15.265913 0.000000 -34.250008
s 0
usemtl Material.005
f 1514 1515 1513
f 1514 1516 1515
o finish.380
v 15.293856 0.000000 -34.761269
v 15.361223 0.000000 -34.439823
v 15.197323 0.000000 -34.741039
v 15.264690 0.000000 -34.419594
s 0
usemtl Material.005
f 1518 1519 1517
f 1518 1520 1519
o finish.381
v 14.192585 0.000000 -36.762489
v 14.407896 0.000000 -36.514481
v 14.118107 0.000000 -36.697830
v 14.333418 0.000000 -36.449821
s 0
usemtl Material.005
f 1522 1523 1521
f 1522 1524 1523
o finish.382
v 14.348211 0.000000 -36.590305
v 14.563522 0.000000 -36.342297
v 14.273733 0.000000 -36.525646
v 14.489044 0.000000 -36.277637
s 0
usemtl Material.005
f 1526 1527 1525
f 1526 1528 1527
o finish.383
v 15.507450 0.000000 -22.151083
v 14.880033 0.000000 -23.362434
v 15.871227 0.000000 -22.339500
v 15.243811 0.000000 -23.550852
s 0
usemtl Material.005
f 1530 1531 1529
f 1530 1532 1531
o finish.384
v 16.108133 0.000000 -21.274803
v 15.522298 0.000000 -21.993340
v 16.323914 0.000000 -21.450733
v 15.738079 0.000000 -22.169270
s 0
usemtl Material.005
f 1534 1535 1533
f 1534 1536 1535
o finish.385
v 15.600074 0.000000 -21.901266
v 15.325002 0.000000 -22.545044
v 15.793405 0.000000 -21.983871
v 15.518332 0.000000 -22.627649
s 0
usemtl Material.005
f 1538 1539 1537
f 1538 1540 1539
o finish.386
v 16.775230 0.000000 -21.112318
v 16.106930 0.000000 -21.320860
v 16.837856 0.000000 -21.313013
v 16.169556 0.000000 -21.521555
s 0
usemtl Material.005
f 1542 1543 1541
f 1542 1544 1543
o finish.387
v 16.786860 0.000000 -20.805000
v 16.285755 0.000000 -21.293886
v 16.933674 0.000000 -20.955484
v 16.432570 0.000000 -21.444370
s 0
usemtl Material.005
f 1546 1547 1545
f 1546 1548 1547
o finish.388
v 17.046537 0.000000 -20.217091
v 16.579336 0.000000 -20.738472
v 17.203112 0.000000 -20.357395
v 16.735910 0.000000 -20.878777
s 0
usemtl Material.005
f 1550 1551 1549
f 1550 1552 1551
o finish.389
v 16.607374 0.000000 -20.664600
v 16.553493 0.000000 -21.362606
v 16.816990 0.000000 -20.680782
v 16.763109 0.000000 -21.378788
s 0
usemtl Material.005
f 1554 1555 1553
f 1554 1556 1555
o finish.390
v 17.533091 0.000000 -19.760157
v 17.035315 0.000000 -20.252432
v 17.680925 0.000000 -19.909643
v 17.183149 0.000000 -20.401918
s 0
usemtl Material.005
f 1558 1559 1557
f 1558 1560 1559
o finish.391
v 18.006851 0.000000 -19.300129
v 17.509075 0.000000 -19.792404
v 18.154686 0.000000 -19.449615
v 17.656910 0.000000 -19.941891
s 0
usemtl Material.005
f 1562 1563 1561
f 1562 1564 1563
o finish.392
v 18.297558 0.000000 -18.752489
v 17.987850 0.000000 -19.380341
v 18.486107 0.000000 -18.845497
v 18.176399 0.000000 -19.473349
s 0
usemtl Material.005
f 1566 1567 1565
f 1566 1568 1567
o finish.393
v 18.599667 0.000000 -18.162004
v 18.289959 0.000000 -18.789856
v 18.788216 0.000000 -18.255013
v 18.478508 0.000000 -18.882864
s 0
usemtl Material.005
f 1570 1571 1569
f 1570 1572 1571
o finish.394
v 18.921303 0.000000 -17.589085
v 18.577883 0.000000 -18.199148
v 19.104509 0.000000 -17.692217
v 18.761089 0.000000 -18.302280
s 0
usemtl Material.005
f 1574 1575 1573
f 1574 1576 1575
o finish.395
v 19.316778 0.000000 -17.035576
v 18.954681 0.000000 -17.634741
v 19.496712 0.000000 -17.144316
v 19.134615 0.000000 -17.743481
s 0
usemtl Material.005
f 1578 1579 1577
f 1578 1580 1579
o finish.396
v 19.771793 0.000000 -16.592066
v 19.262997 0.000000 -17.072941
v 19.916203 0.000000 -16.744862
v 19.407406 0.000000 -17.225737
s 0
usemtl Material.005
f 1582 1583 1581
f 1582 1584 1583
o finish.397
v 20.273018 0.000000 -16.125172
v 19.764221 0.000000 -16.606049
v 20.417427 0.000000 -16.277966
v 19.908630 0.000000 -16.758842
s 0
usemtl Material.005
f 1586 1587 1585
f 1586 1588 1587
o finish.398
v 20.794842 0.000000 -15.672009
v 20.286045 0.000000 -16.152885
v 20.939251 0.000000 -15.824804
v 20.430454 0.000000 -16.305679
s 0
usemtl Material.005
f 1590 1591 1589
f 1590 1592 1591
o finish.399
v 21.337263 0.000000 -15.211981
v 20.828466 0.000000 -15.692857
v 21.481672 0.000000 -15.364776
v 20.972876 0.000000 -15.845652
s 0
usemtl Material.005
f 1594 1595 1593
f 1594 1596 1595
o finish.400
v 21.410851 0.000000 -14.883415
v 21.025812 0.000000 -15.468103
v 21.586435 0.000000 -14.999044
v 21.201397 0.000000 -15.583733
s 0
usemtl Material.005
f 1598 1599 1597
f 1598 1600 1599
o finish.401
v 21.788486 0.000000 -14.286065
v 21.403448 0.000000 -14.870753
v 21.964071 0.000000 -14.401694
v 21.579033 0.000000 -14.986382
s 0
usemtl Material.005
f 1602 1603 1601
f 1602 1604 1603
o finish.402
v 22.200453 0.000000 -13.674983
v 21.815414 0.000000 -14.259671
v 22.376038 0.000000 -13.790612
v 21.990999 0.000000 -14.375300
s 0
usemtl Material.005
f 1606 1607 1605
f 1606 1608 1607
o finish.403
v 22.557489 0.000000 -13.070766
v 22.172451 0.000000 -13.655455
v 22.733074 0.000000 -13.186396
v 22.348036 0.000000 -13.771084
s 0
usemtl Material.005
f 1610 1611 1609
f 1610 1612 1611
o finish.404
v 22.948856 0.000000 -12.500881
v 22.563818 0.000000 -13.085569
v 23.124441 0.000000 -12.616510
v 22.739403 0.000000 -13.201199
s 0
usemtl Material.005
f 1614 1615 1613
f 1614 1616 1615
o finish.405
v 23.319626 0.000000 -11.924129
v 22.934587 0.000000 -12.508818
v 23.495211 0.000000 -12.039759
v 23.110172 0.000000 -12.624447
s 0
usemtl Material.005
f 1618 1619 1617
f 1618 1620 1619
o finish.406
v 23.443762 0.000000 -11.400742
v 23.250834 0.000000 -12.073715
v 23.645861 0.000000 -11.458679
v 23.452932 0.000000 -12.131653
s 0
usemtl Material.005
f 1622 1623 1621
f 1622 1624 1623
o finish.407
v 23.227087 0.000000 -11.039256
v 23.367516 0.000000 -11.725110
v 23.433052 0.000000 -10.997085
v 23.573481 0.000000 -11.682939
s 0
usemtl Material.005
f 1626 1627 1625
f 1626 1628 1627
o finish.408
v 22.784464 0.000000 -10.858171
v 23.361504 0.000000 -11.254579
v 22.903507 0.000000 -10.684882
v 23.480547 0.000000 -11.081289
s 0
usemtl Material.005
f 1630 1631 1629
f 1630 1632 1631
o finish.409
v 22.282743 0.000000 -10.438650
v 22.816206 0.000000 -10.892010
v 22.418890 0.000000 -10.278448
v 22.952353 0.000000 -10.731808
s 0
usemtl Material.005
f 1634 1635 1633
f 1634 1636 1635
o finish.410
v 21.987501 0.000000 -10.109077
v 22.520964 0.000000 -10.562437
v 22.123648 0.000000 -9.948875
v 22.657110 0.000000 -10.402235
s 0
usemtl Material.005
f 1638 1639 1637
f 1638 1640 1639
o finish.411
v 22.510735 0.000000 -10.539513
v 23.084543 0.000000 -10.940583
v 22.631178 0.000000 -10.367194
v 23.204987 0.000000 -10.768265
s 0
usemtl Material.005
f 1642 1643 1641
f 1642 1644 1643
o finish.412
v 22.908968 0.000000 -10.834755
v 23.482777 0.000000 -11.235826
v 23.029411 0.000000 -10.662436
v 23.603220 0.000000 -11.063507
s 0
usemtl Material.005
f 1646 1647 1645
f 1646 1648 1647
o finish.413
v 23.568113 0.000000 -11.123131
v 24.141922 0.000000 -11.524201
v 23.688557 0.000000 -10.950812
v 24.262365 0.000000 -11.351883
s 0
usemtl Material.005
f 1650 1651 1649
f 1650 1652 1651
o finish.414
v 23.296171 0.000000 -11.009147
v 23.784716 0.000000 -11.173149
v 23.345423 0.000000 -10.862434
v 23.833967 0.000000 -11.026437
s 0
usemtl Material.005
f 1654 1655 1653
f 1654 1656 1655
o finish.415
v 21.768217 0.000000 -9.861092
v 22.115408 0.000000 -10.097119
v 21.839098 0.000000 -9.756827
v 22.186289 0.000000 -9.992855
s 0
usemtl Material.005
f 1658 1659 1657
f 1658 1660 1659
o finish.416
v 21.696877 0.000000 -9.834747
v 22.005163 0.000000 -10.119725
v 21.782457 0.000000 -9.742167
v 22.090744 0.000000 -10.027145
s 0
usemtl Material.005
f 1662 1663 1661
f 1662 1664 1663
o finish.417
v 21.465509 0.000000 -9.613378
v 21.743853 0.000000 -9.829905
v 21.530535 0.000000 -9.529789
v 21.808878 0.000000 -9.746316
s 0
usemtl Material.005
f 1666 1667 1665
f 1666 1668 1667
o finish.418
v 21.216311 0.000000 -9.435975
v 21.506929 0.000000 -9.635724
v 21.276297 0.000000 -9.348701
v 21.566916 0.000000 -9.548450
s 0
usemtl Material.005
f 1670 1671 1669
f 1670 1672 1671
o finish.419
v 21.171242 0.000000 -9.425570
v 21.237558 0.000000 -9.771923
v 21.275255 0.000000 -9.405655
v 21.341572 0.000000 -9.752008
s 0
usemtl Material.005
f 1674 1675 1673
f 1674 1676 1675
o finish.420
v 21.236034 0.000000 -9.728962
v 21.248203 0.000000 -10.081397
v 21.341873 0.000000 -9.725308
v 21.354042 0.000000 -10.077744
s 0
usemtl Material.005
f 1678 1679 1677
f 1678 1680 1679
o finish.421
v 21.250528 0.000000 -10.023322
v 21.175375 0.000000 -10.367867
v 21.353998 0.000000 -10.045891
v 21.278845 0.000000 -10.390435
s 0
usemtl Material.005
f 1682 1683 1681
f 1682 1684 1683
o finish.422
v 21.198040 0.000000 -10.294163
v 21.062490 0.000000 -10.619717
v 21.295805 0.000000 -10.334869
v 21.160255 0.000000 -10.660423
s 0
usemtl Material.005
f 1686 1687 1685
f 1686 1688 1687
o finish.423
v 21.062832 0.000000 -10.594930
v 20.927282 0.000000 -10.920484
v 21.160597 0.000000 -10.635636
v 21.025047 0.000000 -10.961190
s 0
usemtl Material.005
f 1690 1691 1689
f 1690 1692 1691
o finish.424
v 20.921930 0.000000 -10.905623
v 20.878731 0.000000 -11.255612
v 21.027035 0.000000 -10.918597
v 20.983835 0.000000 -11.268586
s 0
usemtl Material.005
f 1694 1695 1693
f 1694 1696 1695
o finish.425
v 20.883102 0.000000 -11.226614
v 20.872662 0.000000 -11.579105
v 20.988956 0.000000 -11.229750
v 20.978516 0.000000 -11.582241
s 0
usemtl Material.005
f 1698 1699 1697
f 1698 1700 1699
o finish.426
v 20.877584 0.000000 -11.532900
v 20.867144 0.000000 -11.885391
v 20.983438 0.000000 -11.536036
v 20.972998 0.000000 -11.888527
s 0
usemtl Material.005
f 1702 1703 1701
f 1702 1704 1703
o finish.427
v 20.875570 0.000000 -11.827567
v 20.789532 0.000000 -12.169556
v 20.978271 0.000000 -11.853405
v 20.892233 0.000000 -12.195394
s 0
usemtl Material.005
f 1706 1707 1705
f 1706 1708 1707
o finish.428
v 20.795549 0.000000 -12.164206
v 20.709511 0.000000 -12.506194
v 20.898251 0.000000 -12.190043
v 20.812212 0.000000 -12.532032
s 0
usemtl Material.005
f 1710 1711 1709
f 1710 1712 1711
o finish.429
v 20.753876 0.000000 -12.449815
v 20.507658 0.000000 -12.702272
v 20.829691 0.000000 -12.523756
v 20.583473 0.000000 -12.776214
s 0
usemtl Material.005
f 1714 1715 1713
f 1714 1716 1715
o finish.430
v 20.533129 0.000000 -12.667802
v 20.286911 0.000000 -12.920259
v 20.608944 0.000000 -12.741743
v 20.362726 0.000000 -12.994201
s 0
usemtl Material.005
f 1718 1719 1717
f 1718 1720 1719
o finish.431
v 20.298586 0.000000 -12.888548
v 20.052368 0.000000 -13.141006
v 20.374401 0.000000 -12.962489
v 20.128183 0.000000 -13.214947
s 0
usemtl Material.005
f 1722 1723 1721
f 1722 1724 1723
o finish.432
v 20.152342 0.000000 -13.037552
v 19.906124 0.000000 -13.290009
v 20.228157 0.000000 -13.111493
v 19.981939 0.000000 -13.363951
s 0
usemtl Material.005
f 1726 1727 1725
f 1726 1728 1727
o finish.433
v 19.905514 0.000000 -13.135583
v 19.760496 0.000000 -13.757678
v 20.092333 0.000000 -13.179133
v 19.947315 0.000000 -13.801229
s 0
usemtl Material.005
f 1730 1731 1729
f 1730 1732 1731
o finish.434
v 19.810169 0.000000 -13.643926
v 19.340477 0.000000 -14.076848
v 19.940178 0.000000 -13.784978
v 19.470486 0.000000 -14.217900
s 0
usemtl Material.005
f 1734 1735 1733
f 1734 1736 1735
o finish.435
v 19.389547 0.000000 -14.036838
v 18.909248 0.000000 -14.457961
v 19.516014 0.000000 -14.181075
v 19.035715 0.000000 -14.602199
s 0
usemtl Material.005
f 1738 1739 1737
f 1738 1740 1739
o finish.436
v 18.928886 0.000000 -14.426341
v 18.463572 0.000000 -14.863966
v 19.060308 0.000000 -14.566078
v 18.594994 0.000000 -15.003703
s 0
usemtl Material.005
f 1742 1743 1741
f 1742 1744 1743
o finish.437
v 18.490042 0.000000 -14.839913
v 18.066925 0.000000 -15.318459
v 18.633751 0.000000 -14.966978
v 18.210634 0.000000 -15.445523
s 0
usemtl Material.005
f 1746 1747 1745
f 1746 1748 1747
o finish.438
v 18.127823 0.000000 -15.242707
v 17.695747 0.000000 -15.713179
v 18.269108 0.000000 -15.372463
v 17.837032 0.000000 -15.842935
s 0
usemtl Material.005
f 1750 1751 1749
f 1750 1752 1751
o finish.439
v 17.721849 0.000000 -15.612827
v 17.489462 0.000000 -16.207830
v 17.900534 0.000000 -15.682615
v 17.668146 0.000000 -16.277618
s 0
usemtl Material.005
f 1754 1755 1753
f 1754 1756 1755
o finish.440
v 17.517199 0.000000 -16.143997
v 17.284811 0.000000 -16.739000
v 17.695883 0.000000 -16.213785
v 17.463495 0.000000 -16.808788
s 0
usemtl Material.005
f 1758 1759 1757
f 1758 1760 1759
o finish.441
v 17.343876 0.000000 -16.659307
v 17.072289 0.000000 -17.237471
v 17.517502 0.000000 -16.740866
v 17.245914 0.000000 -17.319029
s 0
usemtl Material.005
f 1762 1763 1761
f 1762 1764 1763
o finish.442
v 17.143108 0.000000 -17.224863
v 16.907425 0.000000 -17.611670
v 17.259270 0.000000 -17.295641
v 17.023586 0.000000 -17.682447
s 0
usemtl Material.005
f 1766 1767 1765
f 1766 1768 1767
o finish.443
v 16.939863 0.000000 -17.550884
v 16.659990 0.000000 -17.907024
v 17.046816 0.000000 -17.634933
v 16.766943 0.000000 -17.991074
s 0
usemtl Material.005
f 1770 1771 1769
f 1770 1772 1771
o finish.444
v 16.694992 0.000000 -17.867737
v 16.384037 0.000000 -18.197088
v 16.793900 0.000000 -17.961119
v 16.482944 0.000000 -18.290470
s 0
usemtl Material.005
f 1774 1775 1773
f 1774 1776 1775
o finish.445
v 16.396065 0.000000 -18.180460
v 16.085110 0.000000 -18.509811
v 16.494972 0.000000 -18.273842
v 16.184017 0.000000 -18.603193
s 0
usemtl Material.005
f 1778 1779 1777
f 1778 1780 1779
o finish.446
v 16.121462 0.000000 -18.486715
v 15.719743 0.000000 -18.695971
v 16.184301 0.000000 -18.607355
v 15.782583 0.000000 -18.816610
s 0
usemtl Material.005
f 1782 1783 1781
f 1782 1784 1783
o finish.447
v 15.737455 0.000000 -18.686766
v 15.335736 0.000000 -18.896021
v 15.800296 0.000000 -18.807405
v 15.398577 0.000000 -19.016661
s 1
usemtl Material.005
f 1786 1787 1785
f 1786 1788 1787
o finish.448
v 15.425488 0.000000 -18.847460
v 15.047112 0.000000 -19.096453
v 15.500262 0.000000 -18.961088
v 15.121887 0.000000 -19.210081
s 1
usemtl Material.005
f 1790 1791 1789
f 1790 1792 1791
o finish.449
v 15.161700 0.000000 -19.011278
v 14.944403 0.000000 -19.408703
v 15.281050 0.000000 -19.076534
v 15.063752 0.000000 -19.473959
s 1
usemtl Material.005
f 1794 1795 1793
f 1794 1796 1795
o finish.450
v 14.938655 0.000000 -19.390686
v 14.721357 0.000000 -19.788111
v 15.058004 0.000000 -19.455942
v 14.840707 0.000000 -19.853367
s 1
usemtl Material.005
f 1798 1799 1797
f 1798 1800 1799
o finish.451
v 14.718804 0.000000 -19.792921
v 14.835627 0.000000 -20.051876
v 14.796570 0.000000 -19.757839
v 14.913392 0.000000 -20.016794
s 1
usemtl Material.005
f 1802 1803 1801
f 1802 1804 1803
o finish.452
v 14.829369 0.000000 -19.988136
v 14.836878 0.000000 -20.196346
v 14.891895 0.000000 -19.985882
v 14.899405 0.000000 -20.194092
s 1
usemtl Material.005
f 1806 1807 1805
f 1806 1808 1807
o finish.453
v 14.847562 0.000000 -20.127998
v 14.764098 0.000000 -20.318895
v 14.904889 0.000000 -20.153063
v 14.821425 0.000000 -20.343960
s 1
usemtl Material.005
f 1810 1811 1809
f 1810 1812 1811
o finish.454
v 14.797097 0.000000 -20.286591
v 14.607083 0.000000 -20.372046
v 14.822761 0.000000 -20.343653
v 14.632747 0.000000 -20.429108
s 1
usemtl Material.005
f 1814 1815 1813
f 1814 1816 1815
o finish.455
v 14.626939 0.000000 -20.353273
v 14.436925 0.000000 -20.438728
v 14.652602 0.000000 -20.410336
v 14.462588 0.000000 -20.495790
s 1
usemtl Material.005
f 1818 1819 1817
f 1818 1820 1819
o finish.456
v 14.514312 0.000000 -20.417856
v 14.362277 0.000000 -20.560310
v 14.557092 0.000000 -20.463512
v 14.405057 0.000000 -20.605967
s 1
usemtl Material.005
f 1822 1823 1821
f 1822 1824 1823
o finish.457
v 14.383244 0.000000 -20.535128
v 14.231209 0.000000 -20.677582
v 14.426023 0.000000 -20.580784
v 14.273989 0.000000 -20.723238
s 1
usemtl Material.005
f 1826 1827 1825
f 1826 1828 1827
o finish.458
v 14.251484 0.000000 -20.635391
v 14.189638 0.000000 -20.834345
v 14.311232 0.000000 -20.653963
v 14.249386 0.000000 -20.852917
s 1
usemtl Material.005
f 1830 1831 1829
f 1830 1832 1831
o finish.459
v 14.209460 0.000000 -20.790382
v 14.123978 0.000000 -20.980383
v 14.266520 0.000000 -20.816053
v 14.181037 0.000000 -21.006054
s 1
usemtl Material.005
f 1834 1835 1833
f 1834 1836 1835
o finish.460
v 14.158612 0.000000 -20.951744
v 14.005498 0.000000 -21.093037
v 14.201043 0.000000 -20.997726
v 14.047929 0.000000 -21.139019
s 1
usemtl Material.005
f 1838 1839 1837
f 1838 1840 1839
o finish.461
v 14.034443 0.000000 -21.075914
v 13.881329 0.000000 -21.217207
v 14.076874 0.000000 -21.121897
v 13.923759 0.000000 -21.263189
s 1
usemtl Material.005
f 1842 1843 1841
f 1842 1844 1843
o finish.462
v 13.923457 0.000000 -21.190296
v 13.778312 0.000000 -21.339764
v 13.968343 0.000000 -21.233883
v 13.823197 0.000000 -21.383350
s 1
usemtl Material.005
f 1846 1847 1845
f 1846 1848 1847
o finish.463
v 13.797625 0.000000 -21.316458
v 13.669701 0.000000 -21.480906
v 13.847010 0.000000 -21.354876
v 13.719086 0.000000 -21.519323
s 1
usemtl Material.005
f 1850 1851 1849
f 1850 1852 1851
o finish.464
v 13.630615 0.000000 -21.338449
v 13.407335 0.000000 -21.821262
v 13.775606 0.000000 -21.405502
v 13.552326 0.000000 -21.888315
s 1
usemtl Material.005
f 1854 1855 1853
f 1854 1856 1855
o finish.465
v 13.417070 0.000000 -21.554611
v 13.503342 0.000000 -22.079512
v 13.574701 0.000000 -21.528704
v 13.660973 0.000000 -22.053604
s 1
usemtl Material.005
f 1858 1859 1857
f 1858 1860 1859
o finish.466
v 13.534870 0.000000 -21.978838
v 13.295600 0.000000 -22.453930
v 13.677543 0.000000 -22.050694
v 13.438272 0.000000 -22.525785
s 1
usemtl Material.005
f 1862 1863 1861
f 1862 1864 1863
o finish.467
v 13.338053 0.000000 -22.367970
v 13.098783 0.000000 -22.843061
v 13.480725 0.000000 -22.439825
v 13.241455 0.000000 -22.914917
s 1
usemtl Material.005
f 1866 1867 1865
f 1866 1868 1867
o finish.468
v 13.170571 0.000000 -22.698334
v 13.055099 0.000000 -23.217592
v 13.326508 0.000000 -22.733011
v 13.211036 0.000000 -23.252270
s 1
usemtl Material.005
f 1870 1871 1869
f 1870 1872 1871
o finish.469
v 13.054439 0.000000 -23.218771
v 13.009823 0.000000 -23.748838
v 13.213621 0.000000 -23.232168
v 13.169005 0.000000 -23.762236
s 1
usemtl Material.005
f 1874 1875 1873
f 1874 1876 1875
o finish.470
v 13.097001 0.000000 -23.931158
v 12.667830 0.000000 -24.245441
v 13.191382 0.000000 -24.060040
v 12.762212 0.000000 -24.374323
s 1
usemtl Material.005
f 1878 1879 1877
f 1878 1880 1879
o finish.471
v 12.994001 0.000000 -23.508532
v 13.010170 0.000000 -24.040228
v 13.153673 0.000000 -23.503675
v 13.169842 0.000000 -24.035372
s 1
usemtl Material.005
f 1882 1883 1881
f 1882 1884 1883
o finish.472
v 12.654133 0.000000 -24.000229
v 11.909098 0.000000 -24.733791
v 12.874426 0.000000 -24.223969
v 12.129391 0.000000 -24.957531
s 1
usemtl Material.005
f 1886 1887 1885
f 1886 1888 1887
o finish.473
v 12.223553 0.000000 -24.438272
v 11.561643 0.000000 -25.247633
v 12.466609 0.000000 -24.637049
v 11.804699 0.000000 -25.446409
s 1
usemtl Material.005
f 1890 1891 1889
f 1890 1892 1891
o finish.474
v 11.693573 0.000000 -25.267384
v 11.217113 0.000000 -25.699358
v 11.823298 0.000000 -25.410467
v 11.346838 0.000000 -25.842442
s 1
usemtl Material.005
f 1894 1895 1893
f 1894 1896 1895
o finish.475
v 11.274499 0.000000 -25.663002
v 10.691204 0.000000 -25.933895
v 11.355850 0.000000 -25.838169
v 10.772555 0.000000 -26.109062
s 1
usemtl Material.005
f 1898 1899 1897
f 1898 1900 1899
o finish.476
v 10.137171 0.000000 -26.140202
v 10.779896 0.000000 -26.117369
v 10.130314 0.000000 -25.947187
v 10.773039 0.000000 -25.924355
s 1
usemtl Material.005
f 1902 1903 1901
f 1902 1904 1903
o finish.477
v 9.537966 0.000000 -26.006216
v 10.165401 0.000000 -26.147429
v 9.580372 0.000000 -25.817793
v 10.207808 0.000000 -25.959005
s 1
usemtl Material.005
f 1906 1907 1905
f 1906 1908 1907
o finish.478
v 8.971577 0.000000 -25.797634
v 9.582724 0.000000 -25.997923
v 9.031725 0.000000 -25.614103
v 9.642872 0.000000 -25.814392
s 1
usemtl Material.005
f 1910 1911 1909
f 1910 1912 1911
o finish.479
v 8.392118 0.000000 -25.593443
v 9.003264 0.000000 -25.793732
v 8.452266 0.000000 -25.409912
v 9.063413 0.000000 -25.610201
s 1
usemtl Material.005
f 1914 1915 1913
f 1914 1916 1915
o finish.480
v 7.785066 0.000000 -25.397532
v 8.396213 0.000000 -25.597820
v 7.845214 0.000000 -25.214001
v 8.456361 0.000000 -25.414289
s 1
usemtl Material.005
f 1918 1919 1917
f 1918 1920 1919
o finish.481
v 7.208366 0.000000 -25.204378
v 7.819513 0.000000 -25.404667
v 7.268514 0.000000 -25.020847
v 7.879661 0.000000 -25.221136
s 1
usemtl Material.005
f 1922 1923 1921
f 1922 1924 1923
o finish.482
v 7.497302 0.000000 -24.487488
v 5.116990 0.000000 -23.683495
v 7.255857 0.000000 -25.202312
v 4.875546 0.000000 -24.398319
s 1
usemtl Material.005
f 1926 1925 1927
f 1926 1927 1928
o finish.483
v 7.303949 0.000000 -22.784630
v 5.089336 0.000000 -23.495005
v 7.517280 0.000000 -23.449694
v 5.302667 0.000000 -24.160069
s 1
usemtl Material.005
f 1930 1929 1931
f 1930 1931 1932
o finish.484
v 6.186632 0.000000 -21.034554
v 3.959081 0.000000 -21.703251
v 6.387446 0.000000 -21.703503
v 4.159895 0.000000 -22.372200
s 1
usemtl Material.005
f 1934 1933 1935
f 1934 1935 1936
o finish.485
v 4.167045 0.000000 -21.612247
v 2.817705 0.000000 -22.867411
v 4.543979 0.000000 -22.017462
v 3.194639 0.000000 -23.272625
s 1
usemtl Material.005
f 1938 1937 1939
f 1938 1939 1940
o finish.486
v 8.400655 0.000000 -21.756344
v 7.073764 0.000000 -23.035215
v 8.784709 0.000000 -22.154818
v 7.457818 0.000000 -23.433689
s 1
usemtl Material.005
f 1942 1941 1943
f 1942 1943 1944
o finish.487
v 8.660899 0.000000 -20.770981
v 8.215000 0.000000 -22.559088
v 9.197880 0.000000 -20.904886
v 8.751981 0.000000 -22.692993
s 1
usemtl Material.005
f 1946 1945 1947
f 1946 1947 1948
o finish.488
v 8.813263 0.000000 -19.832989
v 8.502331 0.000000 -21.649435
v 9.358753 0.000000 -19.926363
v 9.047821 0.000000 -21.742809
s 1
usemtl Material.005
f 1950 1949 1951
f 1950 1951 1952
o finish.489
v 8.677796 0.000000 -19.101545
v 8.754313 0.000000 -20.942822
v 9.230743 0.000000 -19.078568
v 9.307260 0.000000 -20.919844
s 1
usemtl Material.005
f 1954 1953 1955
f 1954 1955 1956
o finish.490
v 8.117127 0.000000 -17.831867
v 8.866429 0.000000 -19.515524
v 8.622741 0.000000 -17.606848
v 9.372043 0.000000 -19.290504
s 1
usemtl Material.005
f 1958 1957 1959
f 1958 1959 1960
o finish.491
v 7.225615 0.000000 -17.930885
v 8.919594 0.000000 -18.656551
v 7.443537 0.000000 -17.422173
v 9.137516 0.000000 -18.147839
s 1
usemtl Material.005
f 1962 1961 1963
f 1962 1963 1964
o finish.492
v 5.944054 0.000000 -17.874376
v 7.781575 0.000000 -18.014629
v 5.986173 0.000000 -17.322556
v 7.823694 0.000000 -17.462809
s 1
usemtl Material.005
f 1966 1965 1967
f 1966 1967 1968
o finish.493
v 5.135453 0.000000 -18.067898
v 6.977099 0.000000 -18.000864
v 5.115323 0.000000 -17.514841
v 6.956968 0.000000 -17.447807
s 1
usemtl Material.005
f 1970 1969 1971
f 1970 1971 1972
o finish.494
v 3.978997 0.000000 -18.349037
v 5.787786 0.000000 -17.996284
v 3.873063 0.000000 -17.805847
v 5.681852 0.000000 -17.453094
s 1
usemtl Material.005
f 1974 1973 1975
f 1974 1975 1976
o finish.495
v 2.299620 0.000000 -18.341757
v 4.142337 0.000000 -18.365145
v 2.306643 0.000000 -17.788378
v 4.149361 0.000000 -17.811766
s 1
usemtl Material.005
f 1978 1977 1979
f 1978 1979 1980
o finish.496
v 0.487946 0.000000 -18.331091
v 2.330663 0.000000 -18.354479
v 0.494970 0.000000 -17.777712
v 2.337687 0.000000 -17.801100
s 1
usemtl Material.005
f 1982 1981 1983
f 1982 1983 1984
o finish.497
v -1.012751 0.000000 -18.446819
v 0.824180 0.000000 -18.299053
v -1.057127 0.000000 -17.895176
v 0.779805 0.000000 -17.747410
s 1
usemtl Material.005
f 1986 1985 1987
f 1986 1987 1988
o finish.498
v -1.998951 0.000000 -18.476891
v -0.908493 0.000000 -18.488024
v -1.995607 0.000000 -18.149420
v -0.905149 0.000000 -18.160553
s 1
usemtl Material.005
f 1990 1989 1991
f 1990 1991 1992
o finish.499
v -3.037776 0.000000 -18.288456
v -1.965238 0.000000 -18.485649
v -2.978558 0.000000 -17.966366
v -1.906020 0.000000 -18.163559
s 1
usemtl Material.005
f 1994 1993 1995
f 1994 1995 1996
o finish.500
v -3.674659 0.000000 -18.158022
v -2.991973 0.000000 -18.293716
v -3.633909 0.000000 -17.953007
v -2.951223 0.000000 -18.088701
s 1
usemtl Material.005
f 1998 1997 1999
f 1998 1999 2000
o finish.501
v -3.976934 0.000000 -17.925962
v -3.655352 0.000000 -18.145819
v -3.910910 0.000000 -17.829390
v -3.589328 0.000000 -18.049246
s 1
usemtl Material.005
f 2002 2001 2003
f 2002 2003 2004
o finish.502
v -4.216191 0.000000 -17.693699
v -3.934029 0.000000 -17.962280
v -4.135535 0.000000 -17.608963
v -3.853372 0.000000 -17.877544
s 1
usemtl Material.005
f 2006 2005 2007
f 2006 2007 2008
o finish.503
v -4.313289 0.000000 -17.303484
v -4.242147 0.000000 -17.686485
v -4.198271 0.000000 -17.282120
v -4.127130 0.000000 -17.665121
s 1
usemtl Material.005
f 2010 2009 2011
f 2010 2011 2012
o finish.504
v -4.345328 0.000000 -16.917442
v -4.297273 0.000000 -17.304020
v -4.229237 0.000000 -16.903011
v -4.181181 0.000000 -17.289589
s 1
usemtl Material.005
f 2014 2013 2015
f 2014 2015 2016
o finish.505
v -4.371818 0.000000 -16.563145
v -4.323762 0.000000 -16.949722
v -4.255726 0.000000 -16.548714
v -4.207671 0.000000 -16.935291
s 1
usemtl Material.005
f 2018 2017 2019
f 2018 2019 2020
o finish.506
v -4.258348 0.000000 -16.194868
v -4.373314 0.000000 -16.567070
v -4.146574 0.000000 -16.229393
v -4.261539 0.000000 -16.601595
s 1
usemtl Material.005
f 2022 2021 2023
f 2022 2023 2024
o finish.507
v -3.908899 0.000000 -16.031757
v -4.262640 0.000000 -16.194908
v -3.859904 0.000000 -16.137989
v -4.213645 0.000000 -16.301140
s 1
usemtl Material.005
f 2026 2025 2027
f 2026 2027 2028
o finish.508
v -3.512989 0.000000 -16.019293
v -3.902508 0.000000 -16.024448
v -3.511441 0.000000 -16.136269
v -3.900959 0.000000 -16.141424
s 1
usemtl Material.005
f 2030 2029 2031
f 2030 2031 2032
o finish.509
v -3.155380 0.000000 -16.029226
v -3.544899 0.000000 -16.034382
v -3.153832 0.000000 -16.146202
v -3.543350 0.000000 -16.151358
s 1
usemtl Material.005
f 2034 2033 2035
f 2034 2035 2036
o finish.510
v -2.866234 0.000000 -15.982922
v -3.252237 0.000000 -16.035387
v -2.850478 0.000000 -16.098841
v -3.236481 0.000000 -16.151306
s 1
usemtl Material.005
f 2038 2037 2039
f 2038 2039 2040
o finish.511
v -2.528492 0.000000 -15.959743
v -2.914495 0.000000 -16.012209
v -2.512736 0.000000 -16.075663
v -2.898740 0.000000 -16.128128
s 1
usemtl Material.005
f 2042 2041 2043
f 2042 2043 2044
o finish.512
v -2.529823 0.000000 -15.964126
v 2.634304 0.000000 -15.842710
v -2.519051 0.000000 -16.422297
v 2.645076 0.000000 -16.300882
s 1
usemtl Material.005
f 2046 2047 2045
f 2046 2048 2047
o finish.513
v 3.554756 0.000000 -15.818394
v 2.404487 0.000000 -15.860595
v 3.567430 0.000000 -16.163828
v 2.417160 0.000000 -16.206028
s 1
usemtl Material.005
f 2050 2049 2051
f 2050 2051 2052
o finish.515
v 4.323094 0.000000 -16.010649
v 3.518587 0.000000 -15.818161
v 4.265289 0.000000 -16.252247
v 3.460782 0.000000 -16.059759
s 1
usemtl Material.005
f 2054 2053 2055
f 2054 2055 2056
o finish.516
v 5.483408 0.000000 -15.883719
v 4.147789 0.000000 -16.056929
v 5.535424 0.000000 -16.284815
v 4.199805 0.000000 -16.458023
s 1
usemtl Material.005
f 2058 2057 2059
f 2058 2059 2060
o finish.514
v 6.557823 0.000000 -15.599771
v 5.250021 0.000000 -15.921536
v 6.654451 0.000000 -15.992513
v 5.346649 0.000000 -16.314278
s 1
usemtl Material.005
f 2062 2061 2063
f 2062 2063 2064
o finish.517
v 7.201867 0.000000 -15.390139
v 5.918352 0.000000 -15.798146
v 7.324394 0.000000 -15.775586
v 6.040880 0.000000 -16.183594
s 1
usemtl Material.005
f 2066 2065 2067
f 2066 2067 2068
o finish.518
v 8.027231 0.000000 -14.624543
v 6.846946 0.000000 -15.556805
v 8.307196 0.000000 -14.978991
v 7.126910 0.000000 -15.911252
s 1
usemtl Material.005
f 2070 2069 2071
f 2070 2071 2072
o finish.519
v 8.603540 0.000000 -13.557890
v 7.911822 0.000000 -14.893446
v 9.004617 0.000000 -13.765617
v 8.312899 0.000000 -15.101173
s 1
usemtl Material.005
f 2074 2073 2075
f 2074 2075 2076
o finish.520
v 8.787949 0.000000 -12.640884
v 8.541193 0.000000 -14.124561
v 9.233507 0.000000 -12.714987
v 8.986752 0.000000 -14.198664
s 1
usemtl Material.005
f 2078 2077 2079
f 2078 2079 2080
o finish.521
v 9.258941 0.000000 -11.359935
v 8.743692 0.000000 -12.772984
v 9.683289 0.000000 -11.514668
v 9.168040 0.000000 -12.927716
s 1
usemtl Material.005
f 2082 2081 2083
f 2082 2083 2084
o finish.522
v 9.285386 0.000000 -10.295479
v 9.116195 0.000000 -11.789989
v 9.734197 0.000000 -10.346288
v 9.565005 0.000000 -11.840797
s 1
usemtl Material.005
f 2086 2085 2087
f 2086 2087 2088
o finish.523
v 8.718293 0.000000 -9.932961
v 9.479302 0.000000 -11.230286
v 9.107888 0.000000 -9.704424
v 9.868897 0.000000 -11.001749
s 1
usemtl Material.005
f 2090 2089 2091
f 2090 2091 2092
o finish.524
v 8.137014 0.000000 -10.129267
v 9.560488 0.000000 -10.614973
v 8.282875 0.000000 -9.701788
v 9.706348 0.000000 -10.187494
s 1
usemtl Material.005
f 2094 2093 2095
f 2094 2095 2096
o finish.525
v 7.594219 0.000000 -10.372808
v 9.093808 0.000000 -10.256968
v 7.559432 0.000000 -9.922472
v 9.059021 0.000000 -9.806631
s 1
usemtl Material.005
f 2098 2097 2099
f 2098 2099 2100
o finish.526
v 6.230845 0.000000 -10.096100
v 7.712181 0.000000 -10.356543
v 6.309058 0.000000 -9.651245
v 7.790393 0.000000 -9.911688
s 1
usemtl Material.005
f 2102 2101 2103
f 2102 2103 2104
o finish.527
v 5.376072 0.000000 -10.029345
v 6.420647 0.000000 -10.120484
v 5.403442 0.000000 -9.715652
v 6.448017 0.000000 -9.806791
s 1
usemtl Material.005
f 2106 2105 2107
f 2106 2107 2108
o finish.528
v 4.673280 0.000000 -9.807568
v 5.693670 0.000000 -10.048911
v 4.745757 0.000000 -9.501138
v 5.766147 0.000000 -9.742481
s 1
usemtl Material.005
f 2110 2109 2111
f 2110 2111 2112
o finish.529
v 3.946187 0.000000 -9.932439
v 4.986865 0.000000 -9.804253
v 3.907691 0.000000 -9.619917
v 4.948369 0.000000 -9.491731
s 1
usemtl Material.005
f 2114 2113 2115
f 2114 2115 2116
o finish.530
v 2.995636 0.000000 -9.772438
v 4.032459 0.000000 -9.928766
v 3.042582 0.000000 -9.461073
v 4.079406 0.000000 -9.617401
s 1
usemtl Material.005
f 2118 2117 2119
f 2118 2119 2120
o finish.531
v 2.268974 0.000000 -9.617951
v 3.305798 0.000000 -9.774280
v 2.315921 0.000000 -9.306586
v 3.352744 0.000000 -9.462914
s 1
usemtl Material.005
f 2122 2121 2123
f 2122 2123 2124
o finish.532
v 1.320178 0.000000 -9.677411
v 2.367980 0.000000 -9.638012
v 1.308346 0.000000 -9.362749
v 2.356148 0.000000 -9.323350
s 1
usemtl Material.005
f 2126 2125 2127
f 2126 2127 2128
o finish.533
v 0.278112 0.000000 -9.384911
v 1.287901 0.000000 -9.667340
v 0.362927 0.000000 -9.081664
v 1.372717 0.000000 -9.364094
s 1
usemtl Material.005
f 2130 2129 2131
f 2130 2131 2132
o finish.534
v -0.408498 0.000000 -9.218980
v 0.601292 0.000000 -9.501410
v -0.323682 0.000000 -8.915733
v 0.686107 0.000000 -9.198163
s 1
usemtl Material.005
f 2134 2133 2135
f 2134 2135 2136
o finish.535
v -1.303103 0.000000 -8.657489
v -0.416944 0.000000 -9.217992
v -1.134780 0.000000 -8.391370
v -0.248621 0.000000 -8.951873
s 1
usemtl Material.005
f 2138 2137 2139
f 2138 2139 2140
o finish.536
v -1.595558 0.000000 -8.267037
v -1.304071 0.000000 -8.648692
v -1.480945 0.000000 -8.179502
v -1.189457 0.000000 -8.561156
s 1
usemtl Material.005
f 2142 2141 2143
f 2142 2143 2144
o finish.537
v -1.711569 0.000000 -7.884137
v -1.594676 0.000000 -8.278293
v -1.593202 0.000000 -7.849033
v -1.476308 0.000000 -8.243189
s 1
usemtl Material.005
f 2146 2145 2147
f 2146 2147 2148
o finish.538
v -1.631146 0.000000 -7.485795
v -1.710958 0.000000 -7.889098
v -1.510031 0.000000 -7.509764
v -1.589844 0.000000 -7.913066
s 1
usemtl Material.005
f 2150 2149 2151
f 2150 2151 2152
o finish.539
v -1.359157 0.000000 -7.158214
v -1.616065 0.000000 -7.479183
v -1.262768 0.000000 -7.235365
v -1.519676 0.000000 -7.556334
s 1
usemtl Material.005
f 2154 2153 2155
f 2154 2155 2156
o finish.540
v -1.066539 0.000000 -6.879296
v -1.366829 0.000000 -7.160096
v -0.982213 0.000000 -6.969475
v -1.282503 0.000000 -7.250275
s 1
usemtl Material.005
f 2158 2157 2159
f 2158 2159 2160
o finish.541
v -0.787847 0.000000 -6.608881
v -1.088137 0.000000 -6.889681
v -0.703521 0.000000 -6.699061
v -1.003811 0.000000 -6.979861
s 1
usemtl Material.005
f 2162 2161 2163
f 2162 2163 2164
o finish.542
v -0.666740 0.000000 -6.350426
v -0.887008 0.000000 -6.697564
v -0.562492 0.000000 -6.416574
v -0.782761 0.000000 -6.763712
s 1
usemtl Material.005
f 2166 2165 2167
f 2166 2167 2168
o finish.543
v 0.533409 0.000000 -5.353289
v -0.704898 0.000000 -6.390100
v 0.844770 0.000000 -5.725161
v -0.393536 0.000000 -6.761972
s 1
usemtl Material.005
f 2170 2169 2171
f 2170 2171 2172
o finish.544
v 5.009773 0.000000 -2.079864
v 0.675513 0.000000 -5.144894
v 5.930221 0.000000 -3.381471
v 1.595962 0.000000 -6.446500
s 1
usemtl Material.005
f 2174 2173 2175
f 2174 2175 2176
o finish.545
v 0.690226 0.000000 -5.136476
v 0.436774 0.000000 -5.460181
v 0.787437 0.000000 -5.212590
v 0.533984 0.000000 -5.536294
s 1
usemtl Material.005
f 2178 2177 2179
f 2178 2179 2180
o finish.546
v 4.818735 0.000000 -1.702667
v 4.183475 0.000000 -2.844151
v 5.161530 0.000000 -1.893440
v 4.526271 0.000000 -3.034924
s 1
usemtl Material.005
f 2182 2181 2183
f 2182 2183 2184
o finish.547
v 4.792505 0.000000 -0.717475
v 4.732780 0.000000 -2.022456
v 5.184400 0.000000 -0.735411
v 5.124675 0.000000 -2.040391
s 1
usemtl Material.005
f 2186 2185 2187
f 2186 2187 2188
o finish.548
v 4.643729 0.000000 -0.010377
v 4.827845 0.000000 -1.303684
v 5.032118 0.000000 0.044914
v 5.216233 0.000000 -1.248393
s 1
usemtl Material.005
f 2190 2189 2191
f 2190 2191 2192
o finish.549
v 4.360272 0.000000 0.868974
v 4.747370 0.000000 -0.378703
v 4.734958 0.000000 0.985221
v 5.122055 0.000000 -0.262455
s 1
usemtl Material.005
f 2194 2193 2195
f 2194 2195 2196
o finish.550
v 3.777328 0.000000 1.425633
v 4.629502 0.000000 0.435512
v 4.074668 0.000000 1.681547
v 4.926842 0.000000 0.691426
s 1
usemtl Material.005
f 2198 2197 2199
f 2198 2199 2200
o finish.551
v 3.094692 0.000000 1.649096
v 4.197729 0.000000 0.949202
v 3.304875 0.000000 1.980345
v 4.407912 0.000000 1.280451
s 1
usemtl Material.005
f 2202 2201 2203
f 2202 2203 2204
o finish.552
v 2.118737 0.000000 2.122829
v 3.284067 0.000000 1.532450
v 2.296031 0.000000 2.472785
v 3.461361 0.000000 1.882406
s 1
usemtl Material.005
f 2206 2205 2207
f 2206 2207 2208
o finish.553
v 1.164351 0.000000 2.391808
v 2.427348 0.000000 2.058072
v 1.264575 0.000000 2.771094
v 2.527571 0.000000 2.437358
s 1
usemtl Material.005
f 2210 2209 2211
f 2210 2211 2212
o finish.554
v 0.660499 0.000000 2.382513
v 1.963946 0.000000 2.295533
v 0.686619 0.000000 2.773947
v 1.990066 0.000000 2.686967
s 1
usemtl Material.005
f 2214 2213 2215
f 2214 2215 2216
o finish.555
v -0.367224 0.000000 2.354487
v 0.938219 0.000000 2.403064
v -0.381812 0.000000 2.746521
v 0.923631 0.000000 2.795097
s 1
usemtl Material.005
f 2218 2217 2219
f 2218 2219 2220
o finish.556
v -1.452005 0.000000 2.280625
v -0.149049 0.000000 2.374681
v -1.480251 0.000000 2.671911
v -0.177295 0.000000 2.765967
s 1
usemtl Material.005
f 2222 2221 2223
f 2222 2223 2224
o finish.557
v -2.146527 0.000000 2.101993
v -0.872397 0.000000 2.390318
v -2.233113 0.000000 2.484622
v -0.958983 0.000000 2.772948
s 1
usemtl Material.005
f 2226 2225 2227
f 2226 2227 2228
o finish.558
v -2.915872 0.000000 1.693531
v -1.730100 0.000000 2.241696
v -3.080490 0.000000 2.049626
v -1.894718 0.000000 2.597791
s 1
usemtl Material.005
f 2230 2229 2231
f 2230 2231 2232
o finish.559
v -3.980116 0.000000 1.195739
v -2.794344 0.000000 1.743904
v -4.144734 0.000000 1.551834
v -2.958962 0.000000 2.100000
s 1
usemtl Material.005
f 2234 2233 2235
f 2234 2235 2236
o finish.560
v -4.608185 0.000000 0.749633
v -3.552954 0.000000 1.519716
v -4.839447 0.000000 1.066526
v -3.784215 0.000000 1.836609
s 1
usemtl Material.005
f 2238 2237 2239
f 2238 2239 2240
o finish.561
v -4.654976 0.000000 0.087897
v -4.082804 0.000000 1.262274
v -5.007649 0.000000 0.259725
v -4.435477 0.000000 1.434101
s 1
usemtl Material.005
f 2242 2241 2243
f 2242 2243 2244
o finish.562
v -4.685679 0.000000 -0.538653
v -4.346353 0.000000 0.722853
v -5.064517 0.000000 -0.436752
v -4.725192 0.000000 0.824755
s 1
usemtl Material.005
f 2246 2245 2247
f 2246 2247 2248
o finish.563
v -4.825634 0.000000 -1.597017
v -4.621176 0.000000 -0.306770
v -5.213104 0.000000 -1.535617
v -5.008646 0.000000 -0.245370
s 1
usemtl Material.005
f 2250 2249 2251
f 2250 2251 2252
o finish.564
v -4.885141 0.000000 -2.534468
v -4.809254 0.000000 -1.230328
v -5.276783 0.000000 -2.511679
v -5.200896 0.000000 -1.207539
s 1
usemtl Material.005
f 2254 2253 2255
f 2254 2255 2256
o finish.565
v -4.189855 0.000000 -3.148632
v -5.132517 0.000000 -2.244237
v -4.461451 0.000000 -3.431719
v -5.404112 0.000000 -2.527324
s 1
usemtl Material.005
f 2258 2257 2259
f 2258 2259 2260
o finish.566
v -3.358132 0.000000 -3.663147
v -4.455008 0.000000 -2.953637
v -3.571202 0.000000 -3.992546
v -4.668078 0.000000 -3.283036
s 1
usemtl Material.005
f 2262 2261 2263
f 2262 2263 2264
o finish.567
v -2.234664 0.000000 -4.292359
v -3.540023 0.000000 -3.577817
v -2.449246 0.000000 -4.684367
v -3.754605 0.000000 -3.969825
s 1
usemtl Material.005
f 2266 2265 2267
f 2266 2267 2268
o finish.568
v -1.483380 0.000000 -4.367267
v -2.872554 0.000000 -3.958366
v -1.606175 0.000000 -4.784445
v -2.995349 0.000000 -4.375545
s 1
usemtl Material.005
f 2270 2269 2271
f 2270 2271 2272
o finish.569
v -1.456332 0.000000 -4.466194
v -2.674102 0.000000 -5.249802
v -1.221009 0.000000 -4.831898
v -2.438779 0.000000 -5.615506
s 1
usemtl Material.005
f 2274 2273 2275
f 2274 2275 2276
o finish.570
v -2.551122 0.000000 -4.757737
v -4.240309 0.000000 -6.704864
v -1.966387 0.000000 -5.265011
v -3.655574 0.000000 -7.212138
s 1
usemtl Material.005
f 2278 2277 2279
f 2278 2279 2280
o finish.571
v -4.403608 0.000000 -6.489208
v -4.510479 0.000000 -9.064714
v -3.630166 0.000000 -6.521302
v -3.737037 0.000000 -9.096809
s 1
usemtl Material.005
f 2282 2281 2283
f 2282 2283 2284
o finish.572
v -2.496451 0.000000 -10.933528
v -0.065483 0.000000 -11.790879
v -2.238983 0.000000 -10.203492
v 0.191985 0.000000 -11.060843
s 1
usemtl Material.005
f 2286 2285 2287
f 2286 2287 2288
o finish.573
v -3.796445 0.000000 -9.502417
v -2.053719 0.000000 -11.401775
v -3.226055 0.000000 -8.979065
v -1.483329 0.000000 -10.878424
s 1
usemtl Material.005
f 2290 2289 2291
f 2290 2291 2292
o finish.574
v -5.012211 0.000000 -8.376645
v -3.041169 0.000000 -10.524840
v -4.367094 0.000000 -7.784728
v -2.396051 0.000000 -9.932923
s 1
usemtl Material.005
f 2294 2293 2295
f 2294 2295 2296
o finish.575
v -0.303988 0.000000 -11.820579
v 2.604973 0.000000 -12.014730
v -0.245682 0.000000 -10.946999
v 2.663278 0.000000 -11.141150
s 1
usemtl Material.005
f 2298 2297 2299
f 2298 2299 2300
o finish.576
v 2.573954 0.000000 -11.273294
v 3.013823 0.000000 -11.382286
v 2.606685 0.000000 -11.141199
v 3.046554 0.000000 -11.250191
s 1
usemtl Material.005
f 2302 2301 2303
f 2302 2303 2304
o finish.577
v -1.611197 0.000000 -4.418214
v -1.318308 0.000000 -4.518312
v -1.581136 0.000000 -4.330257
v -1.288248 0.000000 -4.430355
s 1
usemtl Material.005
f 2306 2305 2307
f 2306 2307 2308
o finish.578
v -1.325133 0.000000 -4.457988
v -1.234700 0.000000 -4.575203
v -1.289932 0.000000 -4.430830
v -1.199500 0.000000 -4.548046
s 1
usemtl Material.005
f 2310 2309 2311
f 2310 2311 2312
o finish.579
v -1.245147 0.000000 -4.551199
v -1.211919 0.000000 -4.695467
v -1.201822 0.000000 -4.541220
v -1.168594 0.000000 -4.685489
s 1
usemtl Material.005
f 2314 2313 2315
f 2314 2315 2316
o finish.580
v -1.210548 0.000000 -4.669183
v -1.270462 0.000000 -4.804563
v -1.169893 0.000000 -4.687175
v -1.229807 0.000000 -4.822556
s 1
usemtl Material.005
f 2318 2317 2319
f 2318 2319 2320
o finish.581
v 2.981431 0.000000 -11.384841
v 3.434602 0.000000 -11.385106
v 2.981511 0.000000 -11.248752
v 3.434682 0.000000 -11.249017
s 1
usemtl Material.005
f 2322 2321 2323
f 2322 2323 2324
o finish.582
v 3.350323 0.000000 -11.388982
v 3.800491 0.000000 -11.441064
v 3.365964 0.000000 -11.253793
v 3.816132 0.000000 -11.305875
s 1
usemtl Material.005
f 2326 2325 2327
f 2326 2327 2328
o finish.583
v 3.765491 0.000000 -11.440561
v 4.210419 0.000000 -11.526601
v 3.791329 0.000000 -11.306947
v 4.236257 0.000000 -11.392986
s 1
usemtl Material.005
f 2330 2329 2331
f 2330 2331 2332
o finish.584
v 4.208808 0.000000 -11.536385
v 4.661955 0.000000 -11.531716
v 4.207406 0.000000 -11.400302
v 4.660553 0.000000 -11.395634
s 1
usemtl Material.005
f 2334 2333 2335
f 2334 2335 2336
o finish.585
v 4.347519 0.000000 -11.547769
v 4.798545 0.000000 -11.503727
v 4.334293 0.000000 -11.412323
v 4.785319 0.000000 -11.368281
s 1
usemtl Material.005
f 2338 2337 2339
f 2338 2339 2340
o finish.586
v 4.675487 0.000000 -11.555192
v 5.311725 0.000000 -11.927180
v 4.787198 0.000000 -11.364125
v 5.423436 0.000000 -11.736114
s 1
usemtl Material.005
f 2342 2341 2343
f 2342 2343 2344
o finish.587
v 5.218237 0.000000 -11.896679
v 5.955211 0.000000 -11.890067
v 5.216252 0.000000 -11.675361
v 5.953226 0.000000 -11.668749
s 1
usemtl Material.005
f 2346 2345 2347
f 2346 2347 2348
o finish.588
v 5.920454 0.000000 -11.883836
v 6.651046 0.000000 -11.980836
v 5.949583 0.000000 -11.664433
v 6.680175 0.000000 -11.761434
s 1
usemtl Material.005
f 2350 2349 2351
f 2350 2351 2352
o finish.589
v 6.604683 0.000000 -11.878924
v 6.987848 0.000000 -12.041096
v 6.653384 0.000000 -11.763857
v 7.036550 0.000000 -11.926028
s 1
usemtl Material.005
f 2354 2353 2355
f 2354 2355 2356
o finish.590
v 6.964119 0.000000 -11.981767
v 7.142362 0.000000 -12.222694
v 7.036471 0.000000 -11.928240
v 7.214714 0.000000 -12.169168
s 1
usemtl Material.005
f 2358 2357 2359
f 2358 2359 2360
o finish.591
v 7.125420 0.000000 -12.149779
v 7.155128 0.000000 -12.395979
v 7.199355 0.000000 -12.140858
v 7.229064 0.000000 -12.387057
s 1
usemtl Material.005
f 2362 2361 2363
f 2362 2363 2364
o finish.592
v 7.157166 0.000000 -12.359085
v 7.108336 0.000000 -12.602217
v 7.230179 0.000000 -12.373749
v 7.181350 0.000000 -12.616880
s 1
usemtl Material.005
f 2366 2365 2367
f 2366 2367 2368
o finish.593
v 7.112830 0.000000 -12.554901
v 7.016064 0.000000 -12.783229
v 7.181398 0.000000 -12.583961
v 7.084632 0.000000 -12.812288
s 1
usemtl Material.005
f 2370 2369 2371
f 2370 2371 2372
o finish.594
v 7.026334 0.000000 -12.747852
v 6.929569 0.000000 -12.976180
v 7.094903 0.000000 -12.776912
v 6.998137 0.000000 -13.005239
s 1
usemtl Material.005
f 2374 2373 2375
f 2374 2375 2376
o finish.595
v 6.933545 0.000000 -12.947392
v 6.887351 0.000000 -13.191037
v 7.006713 0.000000 -12.961265
v 6.960519 0.000000 -13.204909
s 1
usemtl Material.005
f 2378 2377 2379
f 2378 2379 2380
o finish.596
v 6.905546 0.000000 -13.141150
v 6.798866 0.000000 -13.365016
v 6.972775 0.000000 -13.173186
v 6.866095 0.000000 -13.397053
s 1
usemtl Material.005
f 2382 2381 2383
f 2382 2383 2384
o finish.597
v 6.816707 0.000000 -13.332097
v 6.653909 0.000000 -13.519164
v 6.872884 0.000000 -13.380986
v 6.710087 0.000000 -13.568053
s 1
usemtl Material.005
f 2386 2385 2387
f 2386 2387 2388
o finish.598
v 6.684720 0.000000 -13.477576
v 6.516026 0.000000 -13.659344
v 6.739305 0.000000 -13.528236
v 6.570612 0.000000 -13.710004
s 1
usemtl Material.005
f 2390 2389 2391
f 2390 2391 2392
o finish.599
v 6.542162 0.000000 -13.635941
v 6.365494 0.000000 -13.809967
v 6.594424 0.000000 -13.688995
v 6.417756 0.000000 -13.863022
s 1
usemtl Material.005
f 2394 2393 2395
f 2394 2395 2396
o finish.600
v 6.372901 0.000000 -13.803359
v 6.186572 0.000000 -13.967000
v 6.422043 0.000000 -13.859315
v 6.235714 0.000000 -14.022956
s 1
usemtl Material.005
f 2398 2397 2399
f 2398 2399 2400
o finish.601
v 6.153244 0.000000 -13.800007
v 5.509237 0.000000 -14.198463
v 6.272904 0.000000 -13.993406
v 5.628896 0.000000 -14.391863
s 1
usemtl Material.005
f 2402 2401 2403
f 2402 2403 2404
o finish.602
v 5.588358 0.000000 -14.158163
v 4.873609 0.000000 -14.408457
v 5.663523 0.000000 -14.372807
v 4.948773 0.000000 -14.623100
s 1
usemtl Material.005
f 2406 2405 2407
f 2406 2407 2408
o finish.603
v 4.941534 0.000000 -14.401418
v 4.185435 0.000000 -14.444170
v 4.954373 0.000000 -14.628479
v 4.198274 0.000000 -14.671231
s 1
usemtl Material.005
f 2410 2409 2411
f 2410 2411 2412
o finish.604
v 4.283284 0.000000 -14.426850
v 3.525980 0.000000 -14.424997
v 4.282728 0.000000 -14.654274
v 3.525423 0.000000 -14.652421
s 1
usemtl Material.005
f 2414 2413 2415
f 2414 2415 2416
o finish.605
v 3.581311 0.000000 -14.403672
v 2.824006 0.000000 -14.401819
v 3.580755 0.000000 -14.631096
v 2.823450 0.000000 -14.629243
s 1
usemtl Material.005
f 2418 2417 2419
f 2418 2419 2420
o finish.606
v 2.876648 0.000000 -14.395310
v 2.121514 0.000000 -14.337986
v 2.859433 0.000000 -14.622082
v 2.104299 0.000000 -14.564757
s 1
usemtl Material.005
f 2422 2421 2423
f 2422 2423 2424
o finish.607
v 2.154808 0.000000 -14.339020
v 1.399674 0.000000 -14.281695
v 2.137593 0.000000 -14.565791
v 1.382459 0.000000 -14.508467
s 1
usemtl Material.005
f 2426 2425 2427
f 2426 2427 2428
o finish.608
v 1.408376 0.000000 -14.268600
v 0.651077 0.000000 -14.271996
v 1.409396 0.000000 -14.496021
v 0.652097 0.000000 -14.499417
s 1
usemtl Material.005
f 2430 2429 2431
f 2430 2431 2432
o finish.609
v 0.709714 0.000000 -14.271911
v -0.047585 0.000000 -14.275307
v 0.710734 0.000000 -14.499332
v -0.046565 0.000000 -14.502728
s 1
usemtl Material.005
f 2434 2433 2435
f 2434 2435 2436
o finish.610
v -0.025857 0.000000 -14.265056
v -0.782995 0.000000 -14.249098
v -0.030649 0.000000 -14.492430
v -0.787787 0.000000 -14.476472
s 1
usemtl Material.005
f 2438 2437 2439
f 2438 2439 2440
o finish.611
v -0.730295 0.000000 -14.256707
v -1.435265 0.000000 -14.259869
v -0.729346 0.000000 -14.468414
v -1.434316 0.000000 -14.471576
s 1
usemtl Material.005
f 2442 2441 2443
f 2442 2443 2444
o finish.612
v -1.115020 0.000000 -14.248632
v -1.815410 0.000000 -14.328921
v -1.090909 0.000000 -14.458964
v -1.791299 0.000000 -14.539253
s 1
usemtl Material.005
f 2446 2445 2447
f 2446 2447 2448
o finish.613
v -1.728196 0.000000 -14.319815
v -2.431422 0.000000 -14.369470
v -1.713284 0.000000 -14.530997
v -2.416510 0.000000 -14.580652
s 1
usemtl Material.005
f 2450 2449 2451
f 2450 2451 2452
o finish.614
v -2.327224 0.000000 -14.379436
v -3.031587 0.000000 -14.408841
v -2.318393 0.000000 -14.590961
v -3.022757 0.000000 -14.620366
s 1
usemtl Material.005
f 2454 2453 2455
f 2454 2455 2456
o finish.615
v -2.992032 0.000000 -14.403282
v -3.696769 0.000000 -14.384882
v -2.997557 0.000000 -14.614920
v -3.702294 0.000000 -14.596519
s 1
usemtl Material.005
f 2458 2457 2459
f 2458 2459 2460
o finish.616
v -3.649872 0.000000 -14.359778
v -4.352624 0.000000 -14.415737
v -3.633067 0.000000 -14.570820
v -4.335820 0.000000 -14.626779
s 1
usemtl Material.005
f 2462 2461 2463
f 2462 2463 2464
o finish.617
v -4.272415 0.000000 -14.411876
v -4.977388 0.000000 -14.409329
v -4.273180 0.000000 -14.623584
v -4.978152 0.000000 -14.621037
s 1
usemtl Material.005
f 2466 2465 2467
f 2466 2467 2468
o finish.618
v -4.987633 0.000000 -14.405253
v -5.692606 0.000000 -14.402707
v -4.988398 0.000000 -14.616961
v -5.693370 0.000000 -14.614415
s 1
usemtl Material.005
f 2470 2469 2471
f 2470 2471 2472
o finish.619
v -5.610145 0.000000 -14.369410
v -6.291144 0.000000 -14.551707
v -5.555400 0.000000 -14.573918
v -6.236400 0.000000 -14.756216
s 1
usemtl Material.005
f 2474 2473 2475
f 2474 2475 2476
o finish.620
v -6.249004 0.000000 -14.542225
v -6.626630 0.000000 -15.137532
v -6.070229 0.000000 -14.655629
v -6.447855 0.000000 -15.250937
s 1
usemtl Material.005
f 2478 2477 2479
f 2478 2479 2480
o finish.621
v -6.070189 0.000000 -16.043999
v -6.402263 0.000000 -14.952726
v -6.397906 0.000000 -16.143723
v -6.729980 0.000000 -15.052450
s 1
usemtl Material.005
f 2482 2483 2481
f 2482 2484 2483
o finish.622
v -5.947031 0.000000 -17.106541
v -6.067475 0.000000 -15.972240
v -6.287669 0.000000 -17.142712
v -6.408113 0.000000 -16.008411
s 1
usemtl Material.005
f 2486 2487 2485
f 2486 2488 2487
o finish.623
v -5.483916 0.000000 -17.945196
v -6.058817 0.000000 -16.959988
v -5.779781 0.000000 -18.117844
v -6.354682 0.000000 -17.132635
s 1
usemtl Material.005
f 2490 2491 2489
f 2490 2492 2491
o finish.624
v -5.138717 0.000000 -18.985739
v -5.492077 0.000000 -17.901173
v -5.464419 0.000000 -19.091854
v -5.817780 0.000000 -18.007288
s 1
usemtl Material.005
f 2494 2495 2493
f 2494 2496 2495
o finish.625
v -4.476734 0.000000 -19.316362
v -5.355371 0.000000 -18.588940
v -4.695183 0.000000 -19.580223
v -5.573821 0.000000 -18.852800
s 1
usemtl Material.005
f 2498 2499 2497
f 2498 2500 2499
o finish.626
v -3.889990 0.000000 -19.436396
v -4.933487 0.000000 -18.975679
v -4.028346 0.000000 -19.749765
v -5.071843 0.000000 -19.289049
s 1
usemtl Material.005
f 2502 2503 2501
f 2502 2504 2503
o finish.627
v -2.955914 0.000000 -19.540794
v -4.092083 0.000000 -19.439466
v -2.986343 0.000000 -19.881994
v -4.122512 0.000000 -19.780666
s 1
usemtl Material.005
f 2506 2507 2505
f 2506 2508 2507
o finish.628
v -2.284241 0.000000 -19.672131
v -3.091796 0.000000 -19.533962
v -2.325734 0.000000 -19.914646
v -3.133289 0.000000 -19.776478
s 1
usemtl Material.005
f 2510 2511 2509
f 2510 2512 2511
o finish.629
v -1.619418 0.000000 -20.009714
v -2.354220 0.000000 -19.647360
v -1.728236 0.000000 -20.230379
v -2.463038 0.000000 -19.868025
s 1
usemtl Material.005
f 2514 2515 2513
f 2514 2516 2515
o finish.630
v -0.474393 0.000000 -19.963598
v -1.747684 0.000000 -19.960897
v -0.475205 0.000000 -20.345976
v -1.748495 0.000000 -20.343275
s 1
usemtl Material.005
f 2518 2519 2517
f 2518 2520 2519
o finish.631
v 0.703378 0.000000 -19.745745
v -0.551455 0.000000 -19.961779
v 0.768254 0.000000 -20.122580
v -0.486579 0.000000 -20.338614
s 1
usemtl Material.005
f 2522 2523 2521
f 2522 2524 2523
o finish.632
v 1.907329 0.000000 -19.543100
v 0.652496 0.000000 -19.759134
v 1.972205 0.000000 -19.919935
v 0.717372 0.000000 -20.135969
s 1
usemtl Material.005
f 2526 2527 2525
f 2526 2528 2527
o finish.633
v 3.098658 0.000000 -19.463863
v 1.829961 0.000000 -19.571960
v 3.131120 0.000000 -19.844860
v 1.862423 0.000000 -19.952957
s 1
usemtl Material.005
f 2530 2531 2529
f 2530 2532 2531
o finish.634
v 4.346082 0.000000 -19.432188
v 3.073520 0.000000 -19.475325
v 4.359036 0.000000 -19.814348
v 3.086474 0.000000 -19.857485
s 1
usemtl Material.005
f 2534 2535 2533
f 2534 2536 2535
o finish.635
v 5.526696 0.000000 -19.602173
v 4.261529 0.000000 -19.458551
v 5.483566 0.000000 -19.982111
v 4.218399 0.000000 -19.838490
s 1
usemtl Material.005
f 2538 2539 2537
f 2538 2540 2539
o finish.636
v 6.019918 0.000000 -19.544853
v 5.308316 0.000000 -19.618534
v 6.042046 0.000000 -19.758553
v 5.330443 0.000000 -19.832233
s 1
usemtl Material.005
f 2542 2543 2541
f 2542 2544 2543
o finish.637
v 6.611741 0.000000 -19.698959
v 5.912526 0.000000 -19.547617
v 6.566291 0.000000 -19.908937
v 5.867076 0.000000 -19.757595
s 1
usemtl Material.005
f 2546 2547 2545
f 2546 2548 2547
o finish.638
v 7.160909 0.000000 -19.906588
v 6.484798 0.000000 -19.672750
v 7.090686 0.000000 -20.109629
v 6.414575 0.000000 -19.875792
s 1
usemtl Material.005
f 2550 2551 2549
f 2550 2552 2551
o finish.639
v 7.003970 0.000000 -19.964415
v 7.075342 0.000000 -20.483093
v 7.159732 0.000000 -19.942982
v 7.231104 0.000000 -20.461660
s 1
usemtl Material.005
f 2554 2555 2553
f 2554 2556 2555
o finish.640
v 7.101858 0.000000 -20.381817
v 6.907725 0.000000 -20.868061
v 7.247880 0.000000 -20.440117
v 7.053747 0.000000 -20.926361
s 1
usemtl Material.005
f 2558 2559 2557
f 2558 2560 2559
o finish.641
v 6.961827 0.000000 -20.775621
v 6.672832 0.000000 -21.212204
v 7.092935 0.000000 -20.862408
v 6.803940 0.000000 -21.298990
s 1
usemtl Material.005
f 2562 2563 2561
f 2562 2564 2563
o finish.642
v 6.691013 0.000000 -21.130627
v 6.243266 0.000000 -21.565578
v 6.821631 0.000000 -21.265087
v 6.373885 0.000000 -21.700039
s 1
usemtl Material.005
f 2566 2567 2565
f 2566 2568 2567
o finish.643
v 3.188916 0.000000 -23.035574
v 3.016433 0.000000 -23.635498
v 3.369077 0.000000 -23.087372
v 3.196594 0.000000 -23.687296
s 1
usemtl Material.005
f 2570 2571 2569
f 2570 2572 2571
o finish.644
v 2.909716 0.000000 -23.533358
v 3.148510 0.000000 -23.747047
v 2.973888 0.000000 -23.461647
v 3.212682 0.000000 -23.675337
s 1
usemtl Material.005
f 2574 2575 2573
f 2574 2576 2575
o finish.645
v 2.419345 0.000000 -23.477478
v 3.003566 0.000000 -23.552166
v 2.441774 0.000000 -23.302032
v 3.025995 0.000000 -23.376720
s 1
usemtl Material.005
f 2578 2579 2577
f 2578 2580 2579
o finish.646
v 1.949820 0.000000 -24.050896
v 2.624857 0.000000 -23.335081
v 1.734856 0.000000 -23.848177
v 2.409893 0.000000 -23.132362
s 1
usemtl Material.005
f 2582 2583 2581
f 2582 2584 2583
o finish.647
v 0.659257 0.000000 -24.906696
v 1.963074 0.000000 -24.032318
v 0.396676 0.000000 -24.515152
v 1.700493 0.000000 -23.640774
s 1
usemtl Material.005
f 2586 2587 2585
f 2586 2588 2587
o finish.648
v -0.090700 0.000000 -25.693018
v 1.031739 0.000000 -24.595472
v -0.420300 0.000000 -25.355944
v 0.702139 0.000000 -24.258398
s 1
usemtl Material.005
f 2590 2591 2589
f 2590 2592 2591
o finish.649
v -0.954382 0.000000 -26.665745
v 0.100444 0.000000 -25.503069
v -1.303541 0.000000 -26.348974
v -0.248715 0.000000 -25.186298
s 1
usemtl Material.005
f 2594 2595 2593
f 2594 2596 2595
o finish.650
v -1.481463 0.000000 -27.555777
v -0.680402 0.000000 -26.205673
v -1.886907 0.000000 -27.315212
v -1.085847 0.000000 -25.965109
s 1
usemtl Material.005
f 2598 2599 2597
f 2598 2600 2599
o finish.651
v -1.580020 0.000000 -28.750492
v -1.345090 0.000000 -27.198305
v -2.046152 0.000000 -28.679941
v -1.811222 0.000000 -27.127754
s 1
usemtl Material.005
f 2602 2603 2601
f 2602 2604 2603
o finish.652
v -1.782554 0.000000 -29.855110
v -1.543278 0.000000 -28.303587
v -2.248486 0.000000 -29.783255
v -2.009211 0.000000 -28.231731
s 1
usemtl Material.005
f 2606 2607 2605
f 2606 2608 2607
o finish.653
v -1.859641 0.000000 -31.293804
v -1.770419 0.000000 -29.726477
v -2.330320 0.000000 -31.267012
v -2.241098 0.000000 -29.699684
s 1
usemtl Material.005
f 2610 2611 2609
f 2610 2612 2611
o finish.654
v -1.674327 0.000000 -32.291782
v -1.877012 0.000000 -30.735056
v -2.141822 0.000000 -32.352650
v -2.344507 0.000000 -30.795923
s 1
usemtl Material.005
f 2614 2615 2613
f 2614 2616 2615
o finish.655
v -1.694271 0.000000 -33.458611
v -1.668087 0.000000 -32.143032
v -2.089348 0.000000 -33.450748
v -2.063163 0.000000 -32.135170
s 1
usemtl Material.005
f 2618 2619 2617
f 2618 2620 2619
o finish.656
v -1.898989 0.000000 -34.478245
v -1.677764 0.000000 -33.415257
v -2.218211 0.000000 -34.411808
v -1.996985 0.000000 -33.348820
s 1
usemtl Material.005
f 2622 2623 2621
f 2622 2624 2623
o finish.657
v -1.836847 0.000000 -35.194221
v -1.869315 0.000000 -34.108948
v -2.162763 0.000000 -35.203972
v -2.195231 0.000000 -34.118698
s 1
usemtl Material.005
f 2626 2627 2625
f 2626 2628 2627
o finish.658
v -1.808238 0.000000 -36.235580
v -1.840706 0.000000 -35.150307
v -2.134154 0.000000 -36.245331
v -2.166622 0.000000 -35.160057
s 1
usemtl Material.005
f 2630 2631 2629
f 2630 2632 2631
o finish.659
v -2.060206 0.000000 -36.615082
v -1.799621 0.000000 -36.232033
v -2.175240 0.000000 -36.536827
v -1.914654 0.000000 -36.153778
s 1
usemtl Material.005
f 2634 2635 2633
f 2634 2636 2635
o finish.660
v -2.673656 0.000000 -36.836124
v -2.052400 0.000000 -36.614338
v -2.740260 0.000000 -36.649555
v -2.119003 0.000000 -36.427769
s 1
usemtl Material.005
f 2638 2639 2637
f 2638 2640 2639
o finish.661
v -3.126283 0.000000 -36.946869
v -2.483781 0.000000 -36.797401
v -3.171169 0.000000 -36.753922
v -2.528667 0.000000 -36.604454
s 1
usemtl Material.005
f 2642 2643 2641
f 2642 2644 2643
o finish.662
v -3.497870 0.000000 -37.090641
v -2.876345 0.000000 -36.869610
v -3.564248 0.000000 -36.903996
v -2.942722 0.000000 -36.682964
s 1
usemtl Material.005
f 2646 2647 2645
f 2646 2648 2647
o finish.663
v -4.123795 0.000000 -36.936241
v -3.483477 0.000000 -37.094803
v -4.076178 0.000000 -36.743950
v -3.435860 0.000000 -36.902512
s 1
usemtl Material.005
f 2650 2651 2649
f 2650 2652 2651
o finish.664
v -4.594987 0.000000 -36.834602
v -3.953063 0.000000 -36.986530
v -4.549363 0.000000 -36.641827
v -3.907439 0.000000 -36.793755
s 1
usemtl Material.005
f 2654 2655 2653
f 2654 2656 2655
o finish.665
v -5.051580 0.000000 -37.069618
v -4.459544 0.000000 -36.778690
v -5.138949 0.000000 -36.891827
v -4.546912 0.000000 -36.600899
s 1
usemtl Material.005
f 2658 2659 2657
f 2658 2660 2659
o finish.666
v -5.477705 0.000000 -37.323944
v -4.904303 0.000000 -36.997818
v -5.575643 0.000000 -37.151749
v -5.002241 0.000000 -36.825623
s 1
usemtl Material.005
f 2662 2663 2661
f 2662 2664 2663
o finish.667
v -5.627802 0.000000 -37.586796
v -5.184496 0.000000 -37.098301
v -5.774500 0.000000 -37.453671
v -5.331195 0.000000 -36.965176
s 1
usemtl Material.005
f 2666 2667 2665
f 2666 2668 2667
o finish.668
v -5.886756 0.000000 -37.948421
v -5.501604 0.000000 -37.412880
v -6.047583 0.000000 -37.832756
v -5.662430 0.000000 -37.297215
s 1
usemtl Material.005
f 2670 2671 2669
f 2670 2672 2671
o finish.669
v -6.135390 0.000000 -38.446377
v -5.855292 0.000000 -37.849140
v -6.314744 0.000000 -38.362263
v -6.034646 0.000000 -37.765026
s 1
usemtl Material.005
f 2674 2675 2673
f 2674 2676 2675
o finish.670
v -6.238174 0.000000 -38.875473
v -6.052221 0.000000 -38.242565
v -6.428240 0.000000 -38.819630
v -6.242287 0.000000 -38.186722
s 1
usemtl Material.005
f 2678 2679 2677
f 2678 2680 2679
o finish.671
v -6.373598 0.000000 -39.445927
v -6.220748 0.000000 -38.804222
v -6.566306 0.000000 -39.400024
v -6.413456 0.000000 -38.758320
s 1
usemtl Material.005
f 2682 2683 2681
f 2682 2684 2683
o finish.672
v -6.528811 0.000000 -40.082108
v -6.375960 0.000000 -39.440403
v -6.721519 0.000000 -40.036205
v -6.568668 0.000000 -39.394501
s 1
usemtl Material.005
f 2686 2687 2685
f 2686 2688 2687
o finish.673
v -6.618058 0.000000 -40.529396
v -6.490681 0.000000 -39.882153
v -6.812429 0.000000 -40.491146
v -6.685052 0.000000 -39.843903
s 1
usemtl Material.005
f 2690 2691 2689
f 2690 2692 2691
o finish.674
v -4.691264 0.000000 -40.715881
v -4.538414 0.000000 -40.074177
v -4.883972 0.000000 -40.669979
v -4.731122 0.000000 -40.028275
s 1
usemtl Material.005
f 2694 2695 2693
f 2694 2696 2695
o finish.675
v -4.827024 0.000000 -41.328453
v -4.674173 0.000000 -40.686749
v -5.019732 0.000000 -41.282551
v -4.866881 0.000000 -40.640846
s 1
usemtl Material.005
f 2698 2699 2697
f 2698 2700 2699
o finish.676
v -4.651635 0.000000 -40.095615
v -4.407555 0.000000 -39.834435
v -4.730069 0.000000 -40.022316
v -4.485989 0.000000 -39.761135
s 1
usemtl Material.005
f 2702 2703 2701
f 2702 2704 2703
o finish.065
v -6.508554 0.000000 -40.928116
v -6.577679 0.000000 -40.272087
v -6.705564 0.000000 -40.948875
v -6.774688 0.000000 -40.292847
s 1
usemtl Material.005
f 2706 2707 2705
f 2706 2708 2707
o finish.677
v -6.381389 0.000000 -41.496983
v -6.537176 0.000000 -40.855984
v -6.573884 0.000000 -41.543766
v -6.729671 0.000000 -40.902767
s 1
usemtl Material.005
f 2710 2711 2709
f 2710 2712 2711
o finish.678
v -6.393418 0.000000 -41.905777
v -6.398170 0.000000 -41.459412
v -6.527464 0.000000 -41.907204
v -6.532215 0.000000 -41.460838
s 1
usemtl Material.005
f 2714 2715 2713
f 2714 2716 2715
o finish.679
v -6.599567 0.000000 -42.270931
v -6.375658 0.000000 -41.884762
v -6.715537 0.000000 -42.203693
v -6.491627 0.000000 -41.817524
s 1
usemtl Material.005
f 2718 2719 2717
f 2718 2720 2719
o finish.680
v -6.416069 0.000000 -42.470127
v -6.496934 0.000000 -42.031124
v -6.547904 0.000000 -42.494411
v -6.628769 0.000000 -42.055408
s 1
usemtl Material.005
f 2722 2723 2721
f 2722 2724 2723
o finish.681
v -5.998993 0.000000 -43.267902
v -6.459290 0.000000 -42.351166
v -6.274295 0.000000 -43.406136
v -6.734592 0.000000 -42.489399
s 1
usemtl Material.005
f 2726 2727 2725
f 2726 2728 2727
o finish.682
v -5.568537 0.000000 -44.145370
v -6.028834 0.000000 -43.228634
v -5.843840 0.000000 -44.283604
v -6.304137 0.000000 -43.366867
s 1
usemtl Material.005
f 2730 2731 2729
f 2730 2732 2731
o finish.683
v -5.114486 0.000000 -45.055099
v -5.560220 0.000000 -44.131195
v -5.391941 0.000000 -45.188957
v -5.837675 0.000000 -44.265053
s 1
usemtl Material.005
f 2734 2735 2733
f 2734 2736 2735
o finish.684
v -4.619606 0.000000 -45.917133
v -5.147190 0.000000 -45.037399
v -4.883796 0.000000 -46.075569
v -5.411380 0.000000 -45.195835
s 1
usemtl Material.005
f 2738 2739 2737
f 2738 2740 2739
o finish.685
v -3.343103 0.000000 -46.968304
v -5.051996 0.000000 -45.636368
v -3.743092 0.000000 -47.481499
v -5.451985 0.000000 -46.149563
s 1
usemtl Material.005
f 2742 2743 2741
f 2742 2744 2743
o finish.686
v -1.958853 0.000000 -47.503895
v -3.928691 0.000000 -46.601616
v -2.229814 0.000000 -48.095451
v -4.199652 0.000000 -47.193172
s 1
usemtl Material.005
f 2746 2747 2745
f 2746 2748 2747
o finish.687
v -0.444699 0.000000 -47.888149
v -2.532248 0.000000 -47.308056
v -0.618905 0.000000 -48.515057
v -2.706454 0.000000 -47.934963
s 1
usemtl Material.005
f 2750 2751 2749
f 2750 2752 2751
o finish.688
v 1.616184 0.000000 -48.254696
v -0.512203 0.000000 -47.849308
v 1.494444 0.000000 -48.893864
v -0.633943 0.000000 -48.488476
s 1
usemtl Material.005
f 2754 2755 2753
f 2754 2756 2755
o finish.689
v 3.581218 0.000000 -48.512161
v 1.438395 0.000000 -48.191723
v 3.484988 0.000000 -49.155666
v 1.342166 0.000000 -48.835228
s 1
usemtl Material.005
f 2758 2759 2757
f 2758 2760 2759
o finish.690
v 5.654056 0.000000 -48.947269
v 3.527848 0.000000 -48.530602
v 5.528928 0.000000 -49.585785
v 3.402720 0.000000 -49.169117
s 1
usemtl Material.005
f 2762 2763 2761
f 2762 2764 2763
o finish.691
v 7.709043 0.000000 -49.386143
v 5.584770 0.000000 -48.959724
v 7.580986 0.000000 -50.024078
v 5.456714 0.000000 -49.597660
s 1
usemtl Material.005
f 2766 2767 2765
f 2766 2768 2767
o finish.692
v 9.797840 0.000000 -49.838356
v 7.676729 0.000000 -49.396481
v 9.665142 0.000000 -50.475338
v 7.544031 0.000000 -50.033463
s 1
usemtl Material.005
f 2770 2771 2769
f 2770 2772 2771
o finish.693
v 11.854694 0.000000 -50.229858
v 9.728487 0.000000 -49.813190
v 11.729567 0.000000 -50.868374
v 9.603359 0.000000 -50.451706
s 1
usemtl Material.005
f 2774 2775 2773
f 2774 2776 2775
o finish.694
v 12.985064 0.000000 -50.019855
v 10.836957 0.000000 -50.302708
v 13.070006 0.000000 -50.664944
v 10.921900 0.000000 -50.947796
s 1
usemtl Material.005
f 2778 2779 2777
f 2778 2780 2779
o finish.695
v 14.298036 0.000000 -49.124130
v 12.427529 0.000000 -50.217556
v 14.626397 0.000000 -49.685856
v 12.755891 0.000000 -50.779282
s 1
usemtl Material.005
f 2782 2783 2781
f 2782 2784 2783
o finish.696
v 15.127933 0.000000 -48.201294
v 13.577195 0.000000 -49.714432
v 15.582337 0.000000 -48.666992
v 14.031600 0.000000 -50.180130
s 1
usemtl Material.005
f 2786 2787 2785
f 2786 2788 2787
o finish.697
v 16.031681 0.000000 -46.878410
v 14.772598 0.000000 -48.641666
v 16.561199 0.000000 -47.256519
v 15.302116 0.000000 -49.019775
s 1
usemtl Material.005
f 2790 2791 2789
f 2790 2792 2791
o finish.698
v 17.176031 0.000000 -45.247711
v 15.916948 0.000000 -47.010967
v 17.705549 0.000000 -45.625820
v 16.446466 0.000000 -47.389076
s 1
usemtl Material.005
f 2794 2795 2793
f 2794 2796 2795
o finish.699
v 18.365637 0.000000 -43.802914
v 16.995697 0.000000 -45.481495
v 18.869724 0.000000 -44.214314
v 17.499784 0.000000 -45.892895
s 1
usemtl Material.005
f 2798 2799 2797
f 2798 2800 2799
o finish.700
v 19.933834 0.000000 -42.472832
v 18.271990 0.000000 -43.863026
v 20.351320 0.000000 -42.971897
v 18.689476 0.000000 -44.362091
s 1
usemtl Material.005
f 2802 2803 2801
f 2802 2804 2803
o finish.701
v 22.118221 0.000000 -42.481617
v 19.951591 0.000000 -42.490776
v 22.120972 0.000000 -43.132271
v 19.954342 0.000000 -43.141430
s 1
usemtl Material.005
f 2806 2807 2805
f 2806 2808 2807
o finish.702
v 24.240992 0.000000 -42.453011
v 22.074362 0.000000 -42.462170
v 24.243742 0.000000 -43.103664
v 22.077112 0.000000 -43.112823
s 1
usemtl Material.005
f 2810 2811 2809
f 2810 2812 2811
o finish.703
v 26.277935 0.000000 -42.430122
v 24.111305 0.000000 -42.439281
v 26.280685 0.000000 -43.080776
v 24.114056 0.000000 -43.089935
s 1
usemtl Material.005
f 2814 2815 2813
f 2814 2816 2815
o finish.704
v 28.343487 0.000000 -42.390072
v 26.176857 0.000000 -42.399231
v 28.346237 0.000000 -43.040726
v 26.179607 0.000000 -43.049885
s 1
usemtl Material.005
f 2818 2819 2817
f 2818 2820 2819
o finish.705
v 29.983931 0.000000 -42.232586
v 27.837582 0.000000 -42.528477
v 30.072788 0.000000 -42.877148
v 27.926439 0.000000 -43.173038
s 1
usemtl Material.005
f 2822 2823 2821
f 2822 2824 2823
o finish.706
v 29.704084 0.000000 -41.070580
v 28.946978 0.000000 -43.100643
v 30.313726 0.000000 -41.297947
v 29.556620 0.000000 -43.328011
s 1
usemtl Material.005
f 2826 2827 2825
f 2826 2828 2827
o finish.707
v 29.328798 0.000000 -40.223999
v 29.500725 0.000000 -42.383816
v 29.977406 0.000000 -40.172367
v 30.149332 0.000000 -42.332184
s 1
usemtl Material.005
f 2830 2831 2829
f 2830 2832 2831
o finish.708
v 28.765730 0.000000 -38.703327
v 29.480183 0.000000 -40.748791
v 29.379997 0.000000 -38.488773
v 30.094450 0.000000 -40.534237
s 1
usemtl Material.005
f 2834 2835 2833
f 2834 2836 2835
o finish.709
v 28.153597 0.000000 -36.956577
v 28.880638 0.000000 -38.997604
v 28.766529 0.000000 -36.738243
v 29.493570 0.000000 -38.779270
s 1
usemtl Material.005
f 2838 2839 2837
f 2838 2840 2839
o finish.710
v 27.432657 0.000000 -35.085564
v 28.159698 0.000000 -37.126591
v 28.045589 0.000000 -34.867229
v 28.772631 0.000000 -36.908257
s 1
usemtl Material.005
f 2842 2843 2841
f 2842 2844 2843
o finish.711
v 27.009155 0.000000 -33.243652
v 27.485722 0.000000 -35.357243
v 27.643879 0.000000 -33.100536
v 28.120445 0.000000 -35.214127
s 1
usemtl Material.005
f 2846 2847 2845
f 2846 2848 2847
o finish.712
v 26.924120 0.000000 -31.294264
v 27.075788 0.000000 -33.455597
v 27.573183 0.000000 -31.248716
v 27.724852 0.000000 -33.410049
s 1
usemtl Material.005
f 2850 2851 2849
f 2850 2852 2851
o finish.713
v 26.510811 0.000000 -30.185003
v 27.175581 0.000000 -32.247150
v 27.130087 0.000000 -29.985367
v 27.794857 0.000000 -32.047516
s 1
usemtl Material.005
f 2854 2855 2853
f 2854 2856 2855
o finish.714
v 26.222893 0.000000 -28.222740
v 26.546837 0.000000 -30.365036
v 26.866238 0.000000 -28.125458
v 27.190182 0.000000 -30.267754
s 1
usemtl Material.005
f 2858 2859 2857
f 2858 2860 2859
o finish.715
v 25.712402 0.000000 -26.536627
v 26.308397 0.000000 -28.619692
v 26.337961 0.000000 -26.357645
v 26.933956 0.000000 -28.440710
s 1
usemtl Material.005
f 2862 2863 2861
f 2862 2864 2863
o finish.716
v 25.734877 0.000000 -24.433624
v 25.711575 0.000000 -26.600149
v 26.385498 0.000000 -24.440622
v 26.362196 0.000000 -26.607147
s 1
usemtl Material.005
f 2866 2867 2865
f 2866 2868 2867
o finish.717
v 25.477608 0.000000 -23.700550
v 25.792624 0.000000 -25.844177
v 26.121351 0.000000 -23.605949
v 26.436367 0.000000 -25.749577
s 1
usemtl Material.005
f 2870 2871 2869
f 2870 2872 2871
o finish.718
v 25.174355 0.000000 -21.863869
v 25.489370 0.000000 -24.007496
v 25.818098 0.000000 -21.769268
v 26.133114 0.000000 -23.912895
s 1
usemtl Material.005
f 2874 2875 2873
f 2874 2876 2875
o finish.719
v 25.353035 0.000000 -21.114395
v 25.162197 0.000000 -21.847174
v 25.573093 0.000000 -21.171705
v 25.382256 0.000000 -21.904484
s 1
usemtl Material.005
f 2878 2879 2877
f 2878 2880 2879
o finish.720
v 25.170279 0.000000 -20.224932
v 25.327847 0.000000 -21.548151
v 25.567650 0.000000 -20.177614
v 25.725218 0.000000 -21.500834
s 1
usemtl Material.005
f 2882 2883 2881
f 2882 2884 2883
o finish.721
v 25.421846 0.000000 -18.748264
v 25.161652 0.000000 -20.244467
v 25.871166 0.000000 -18.826403
v 25.610971 0.000000 -20.322605
s 1
usemtl Material.005
f 2886 2887 2885
f 2886 2888 2887
o finish.722
v 25.986811 0.000000 -17.492626
v 25.423521 0.000000 -18.902958
v 26.410341 0.000000 -17.661785
v 25.847052 0.000000 -19.072117
s 1
usemtl Material.005
f 2890 2891 2889
f 2890 2892 2891
o finish.723
v 26.354794 0.000000 -16.059723
v 25.975801 0.000000 -17.530333
v 26.796427 0.000000 -16.173536
v 26.417435 0.000000 -17.644146
s 1
usemtl Material.005
f 2894 2895 2893
f 2894 2896 2895
o finish.724
v 26.905584 0.000000 -14.630647
v 26.367134 0.000000 -16.050646
v 27.332020 0.000000 -14.792347
v 26.793570 0.000000 -16.212347
s 1
usemtl Material.005
f 2898 2899 2897
f 2898 2900 2899
o finish.725
v 27.460535 0.000000 -13.385253
v 26.881281 0.000000 -14.789103
v 27.882120 0.000000 -13.559206
v 27.302866 0.000000 -14.963056
s 1
usemtl Material.005
f 2902 2903 2901
f 2902 2904 2903
o finish.726
v 28.049875 0.000000 -12.029198
v 27.470621 0.000000 -13.433047
v 28.471460 0.000000 -12.203151
v 27.892206 0.000000 -13.607000
s 1
usemtl Material.005
f 2906 2907 2905
f 2906 2908 2907
o finish.727
v 27.574215 0.000000 -11.440634
v 27.838667 0.000000 -12.936090
v 28.023310 0.000000 -11.361217
v 28.287762 0.000000 -12.856674
s 1
usemtl Material.005
f 2910 2911 2909
f 2910 2912 2911
o finish.728
v 27.135546 0.000000 -10.363813
v 27.657293 0.000000 -11.790034
v 27.563848 0.000000 -10.207129
v 28.085596 0.000000 -11.633350
s 1
usemtl Material.005
f 2914 2915 2913
f 2914 2916 2915
o finish.729
v 26.642912 0.000000 -9.546371
v 27.337248 0.000000 -10.897009
v 27.048517 0.000000 -9.337856
v 27.742853 0.000000 -10.688495
s 1
usemtl Material.005
f 2918 2919 2917
f 2918 2920 2919
o finish.730
v 26.032219 0.000000 -8.870789
v 27.039553 0.000000 -10.007277
v 26.373514 0.000000 -8.568280
v 27.380848 0.000000 -9.704769
s 1
usemtl Material.005
f 2922 2923 2921
f 2922 2924 2923
o finish.731
v 25.752365 0.000000 -8.883368
v 27.020863 0.000000 -9.718378
v 26.003124 0.000000 -8.502430
v 27.271622 0.000000 -9.337440
s 1
usemtl Material.005
f 2926 2927 2925
f 2926 2928 2927
o finish.732
v 24.867371 0.000000 -7.837034
v 25.868206 0.000000 -8.979249
v 25.210384 0.000000 -7.536477
v 26.211220 0.000000 -8.678692
s 1
usemtl Material.005
f 2930 2931 2929
f 2930 2932 2931
o finish.733
v 23.969055 0.000000 -6.852893
v 24.969891 0.000000 -7.995108
v 24.312069 0.000000 -6.552335
v 25.312904 0.000000 -7.694551
s 1
usemtl Material.005
f 2934 2935 2933
f 2934 2936 2935
o finish.734
v 23.054453 0.000000 -6.133526
v 24.165852 0.000000 -7.168475
v 23.365253 0.000000 -5.799766
v 24.476652 0.000000 -6.834715
s 1
usemtl Material.005
f 2938 2939 2937
f 2938 2940 2939
o finish.735
v 22.499891 0.000000 -4.730026
v 23.061459 0.000000 -6.141043
v 22.923630 0.000000 -4.561384
v 23.485197 0.000000 -5.972401
s 1
usemtl Material.005
f 2942 2943 2941
f 2942 2944 2943
o finish.736
v 23.187923 0.000000 -3.036073
v 22.348452 0.000000 -4.301621
v 23.567976 0.000000 -3.288173
v 22.728504 0.000000 -4.553721
s 1
usemtl Material.005
f 2946 2947 2945
f 2946 2948 2947
o finish.737
v 22.363167 0.000000 -4.317293
v 22.679810 0.000000 -5.244326
v 22.641560 0.000000 -4.222203
v 22.958202 0.000000 -5.149236
s 1
usemtl Material.005
f 2950 2951 2949
f 2950 2952 2951
o finish.738
v 23.926029 0.000000 -1.988993
v 23.086557 0.000000 -3.254541
v 24.306082 0.000000 -2.241092
v 23.466610 0.000000 -3.506640
s 1
usemtl Material.005
f 2954 2955 2953
f 2954 2956 2955
o finish.739
v 26.248985 0.000000 -0.100716
v 23.813753 0.000000 -2.031595
v 26.828840 0.000000 -0.832032
v 24.393608 0.000000 -2.762911
s 1
usemtl Material.005
f 2958 2959 2957
f 2958 2960 2959
o finish.740
v 27.249449 0.000000 1.041580
v 25.028879 0.000000 -1.132751
v 27.902414 0.000000 0.374728
v 25.681845 0.000000 -1.799603
s 1
usemtl Material.005
f 2962 2963 2961
f 2962 2964 2963
o finish.741
v 26.699448 0.000000 3.283633
v 26.856045 0.000000 0.179744
v 27.631565 0.000000 3.330660
v 27.788162 0.000000 0.226771
s 1
usemtl Material.005
f 2966 2967 2965
f 2966 2968 2967
o finish.742
v 26.493252 0.000000 4.472796
v 26.592300 0.000000 2.509575
v 27.082821 0.000000 4.502541
v 27.181870 0.000000 2.539320
s 1
usemtl Material.005
f 2970 2971 2969
f 2970 2972 2971
o finish.743
v 26.278137 0.000000 5.109704
v 25.933449 0.000000 3.808475
v 26.668903 0.000000 5.006192
v 26.324215 0.000000 3.704962
s 1
usemtl Material.005
f 2974 2975 2973
f 2974 2976 2975
o finish.744
v 26.258934 0.000000 4.006932
v 25.993231 0.000000 3.557530
v 26.393892 0.000000 3.927139
v 26.128189 0.000000 3.477737
s 1
usemtl Material.005
f 2978 2979 2977
f 2978 2980 2979
o finish.745
v 29.125315 0.000000 11.740400
v 28.611551 0.000000 8.675323
v 30.045778 0.000000 11.586113
v 29.532015 0.000000 8.521036
s 1
usemtl Material.005
f 2982 2983 2981
f 2982 2984 2983
o finish.746
v 29.262774 0.000000 13.942610
v 29.121368 0.000000 10.837992
v 30.195110 0.000000 13.900145
v 30.053705 0.000000 10.795527
s 1
usemtl Material.005
f 2986 2987 2985
f 2986 2988 2987
o finish.747
v 27.877441 0.000000 14.603698
v 29.853575 0.000000 12.205043
v 28.597773 0.000000 15.197143
v 30.573906 0.000000 12.798488
s 1
usemtl Material.005
f 2990 2991 2989
f 2990 2992 2991
o finish.748
v 28.096897 0.000000 15.549906
v 27.855803 0.000000 14.639590
v 28.370272 0.000000 15.477504
v 28.129177 0.000000 14.567188
s 1
usemtl Material.005
f 2994 2993 2995
f 2994 2995 2996
o finish.749
v 28.557234 0.000000 16.387968
v 28.086201 0.000000 15.572536
v 28.802113 0.000000 16.246513
v 28.331079 0.000000 15.431082
s 1
usemtl Material.005
f 2998 2997 2999
f 2998 2999 3000
o finish.750
v 29.258615 0.000000 17.047136
v 28.564419 0.000000 16.410824
v 29.449703 0.000000 16.838665
v 28.755507 0.000000 16.202353
s 1
usemtl Material.005
f 3002 3001 3003
f 3002 3003 3004
o finish.751
v 29.889029 0.000000 17.701801
v 29.228226 0.000000 17.030876
v 30.090511 0.000000 17.503357
v 29.429708 0.000000 16.832432
s 1
usemtl Material.005
f 3006 3005 3007
f 3006 3007 3008
o finish.752
v 30.336700 0.000000 18.433012
v 29.835342 0.000000 17.635866
v 30.576088 0.000000 18.282450
v 30.074730 0.000000 17.485304
s 1
usemtl Material.005
f 3010 3009 3011
f 3010 3011 3012
o finish.753
v 30.666918 0.000000 19.163229
v 30.257969 0.000000 18.314959
v 30.921658 0.000000 19.040419
v 30.512709 0.000000 18.192148
s 1
usemtl Material.005
f 3014 3013 3015
f 3014 3015 3016
o finish.754
v 30.519669 0.000000 19.775143
v 30.556179 0.000000 18.834150
v 30.802254 0.000000 19.786108
v 30.838764 0.000000 18.845116
s 1
usemtl Material.005
f 3018 3017 3019
f 3018 3019 3020
o finish.755
v 30.523314 0.000000 20.628267
v 30.525831 0.000000 19.686569
v 30.806112 0.000000 20.629025
v 30.808630 0.000000 19.687326
s 1
usemtl Material.005
f 3022 3021 3023
f 3022 3023 3024
o finish.756
v 30.658987 0.000000 21.444738
v 30.531816 0.000000 20.511663
v 30.939196 0.000000 21.406549
v 30.812025 0.000000 20.473475
s 1
usemtl Material.005
f 3026 3025 3027
f 3026 3027 3028
o finish.757
v 30.483839 0.000000 21.915527
v 30.684372 0.000000 20.995426
v 30.760151 0.000000 21.975750
v 30.960684 0.000000 21.055649
s 1
usemtl Material.005
f 3030 3029 3031
f 3030 3031 3032
o finish.758
v 30.070356 0.000000 22.294418
v 30.621742 0.000000 21.531021
v 30.299610 0.000000 22.460003
v 30.850996 0.000000 21.696606
s 1
usemtl Material.005
f 3034 3033 3035
f 3034 3035 3036
o finish.759
v 29.550499 0.000000 23.003016
v 30.101885 0.000000 22.239618
v 29.779753 0.000000 23.168600
v 30.331139 0.000000 22.405203
s 1
usemtl Material.005
f 3038 3037 3039
f 3038 3039 3040
o finish.760
v 29.236006 0.000000 22.980421
v 30.030018 0.000000 22.474113
v 29.388054 0.000000 23.218868
v 30.182066 0.000000 22.712561
s 1
usemtl Material.005
f 3042 3041 3043
f 3042 3043 3044
o finish.761
v 28.839006 0.000000 23.040524
v 29.709913 0.000000 22.682304
v 28.946581 0.000000 23.302063
v 29.817488 0.000000 22.943844
s 1
usemtl Material.005
f 3046 3045 3047
f 3046 3047 3048
o finish.762
v 28.036371 0.000000 23.354425
v 28.907278 0.000000 22.996206
v 28.143946 0.000000 23.615965
v 29.014853 0.000000 23.257746
s 1
usemtl Material.005
f 3050 3049 3051
f 3050 3051 3052
o finish.763
v 27.368864 0.000000 23.393986
v 28.302572 0.000000 23.271559
v 27.405630 0.000000 23.674383
v 28.339338 0.000000 23.551956
s 1
usemtl Material.005
f 3054 3053 3055
f 3054 3055 3056
o finish.764
v 26.821218 0.000000 23.601942
v 27.418287 0.000000 23.395153
v 26.883318 0.000000 23.781246
v 27.480387 0.000000 23.574457
s 1
usemtl Material.005
f 3058 3057 3059
f 3058 3059 3060
o finish.765
v 26.657627 0.000000 23.794687
v 26.842091 0.000000 23.598557
v 26.716526 0.000000 23.850082
v 26.900990 0.000000 23.653952
s 1
usemtl Material.005
f 3062 3061 3063
f 3062 3063 3064
o finish.766
v 26.594301 0.000000 23.984270
v 26.651031 0.000000 23.796083
v 26.650814 0.000000 24.001307
v 26.707544 0.000000 23.813120
s 1
usemtl Material.005
f 3066 3065 3067
f 3066 3067 3068
o finish.767
v 26.671181 0.000000 24.169157
v 26.591972 0.000000 23.989273
v 26.725201 0.000000 24.145370
v 26.645992 0.000000 23.965487
s 1
usemtl Material.005
f 3070 3069 3071
f 3070 3071 3072
o finish.768
v 26.824661 0.000000 24.284288
v 26.676132 0.000000 24.155560
v 26.863319 0.000000 24.239685
v 26.714790 0.000000 24.110956
s 1
usemtl Material.005
f 3074 3073 3075
f 3074 3075 3076
o finish.769
v 26.924007 0.000000 24.422976
v 26.809015 0.000000 24.263575
v 26.971876 0.000000 24.388441
v 26.856884 0.000000 24.229040
s 1
usemtl Material.005
f 3078 3077 3079
f 3078 3079 3080
o finish.770
v 27.039888 0.000000 24.561085
v 26.917173 0.000000 24.407551
v 27.085997 0.000000 24.524231
v 26.963282 0.000000 24.370697
s 1
usemtl Material.005
f 3082 3081 3083
f 3082 3083 3084
o finish.771
v 27.182327 0.000000 24.696186
v 27.043495 0.000000 24.557055
v 27.224110 0.000000 24.654493
v 27.085278 0.000000 24.515362
s 1
usemtl Material.005
f 3086 3085 3087
f 3086 3087 3088
o finish.772
v 28.188107 0.000000 25.095036
v 27.158571 0.000000 24.714275
v 28.302450 0.000000 24.785858
v 27.272915 0.000000 24.405098
s 1
usemtl Material.005
f 3090 3091 3089
f 3090 3092 3091
o finish.773
v 28.747919 0.000000 25.595087
v 27.879177 0.000000 24.924110
v 28.949417 0.000000 25.334198
v 28.080675 0.000000 24.663221
s 1
usemtl Material.005
f 3094 3095 3093
f 3094 3096 3095
o finish.774
v 29.091114 0.000000 26.280439
v 28.506104 0.000000 25.351631
v 29.370041 0.000000 26.104755
v 28.785030 0.000000 25.175947
s 1
usemtl Material.005
f 3098 3099 3097
f 3098 3100 3099
o finish.775
v 29.503786 0.000000 27.177608
v 29.042725 0.000000 26.181444
v 29.802940 0.000000 27.039148
v 29.341879 0.000000 26.042984
s 1
usemtl Material.005
f 3102 3103 3101
f 3102 3104 3103
o finish.776
v 29.855631 0.000000 27.522617
v 29.488070 0.000000 27.143431
v 29.969503 0.000000 27.412237
v 29.601942 0.000000 27.033051
s 1
usemtl Material.005
f 3106 3107 3105
f 3106 3108 3107
o finish.777
v 30.229134 0.000000 27.868307
v 29.861572 0.000000 27.489120
v 30.343006 0.000000 27.757927
v 29.975445 0.000000 27.378740
s 1
usemtl Material.005
f 3110 3111 3109
f 3110 3112 3111
o finish.778
v 30.175304 0.000000 28.249546
v 30.172668 0.000000 27.721458
v 30.333893 0.000000 28.248756
v 30.331257 0.000000 27.720669
s 1
usemtl Material.005
f 3114 3115 3113
f 3114 3116 3115
o finish.779
v 29.512877 0.000000 28.718094
v 30.350279 0.000000 27.978111
v 29.735098 0.000000 28.969570
v 30.572500 0.000000 28.229588
s 1
usemtl Material.005
f 3118 3119 3117
f 3118 3120 3119
o finish.780
v 28.856037 0.000000 28.901297
v 29.877052 0.000000 28.447042
v 28.992451 0.000000 29.207914
v 30.013466 0.000000 28.753660
s 1
usemtl Material.005
f 3122 3123 3121
f 3122 3124 3123
o finish.781
v 28.097076 0.000000 29.049604
v 29.181648 0.000000 28.780304
v 28.177948 0.000000 29.375309
v 29.262520 0.000000 29.106009
s 1
usemtl Material.005
f 3126 3127 3125
f 3126 3128 3127
o finish.782
v 27.107866 0.000000 29.391581
v 28.159132 0.000000 29.012558
v 27.221689 0.000000 29.707283
v 28.272955 0.000000 29.328260
s 1
usemtl Material.005
f 3130 3131 3129
f 3130 3132 3131
o finish.783
v 26.505518 0.000000 29.520802
v 27.600840 0.000000 29.299238
v 26.572054 0.000000 29.849733
v 27.667376 0.000000 29.628170
s 1
usemtl Material.005
f 3134 3135 3133
f 3134 3136 3135
o finish.784
v 25.534595 0.000000 29.855663
v 26.590685 0.000000 29.490295
v 25.644320 0.000000 30.172813
v 26.700409 0.000000 29.807446
s 1
usemtl Material.005
f 3138 3139 3137
f 3138 3140 3139
o finish.785
v 24.596386 0.000000 30.248274
v 25.650242 0.000000 29.876514
v 24.708027 0.000000 30.564754
v 25.761883 0.000000 30.192995
s 1
usemtl Material.005
f 3142 3143 3141
f 3142 3144 3143
o finish.786
v 23.749567 0.000000 30.557249
v 24.803423 0.000000 30.185490
v 23.861208 0.000000 30.873730
v 24.915064 0.000000 30.501970
s 1
usemtl Material.005
f 3146 3147 3145
f 3146 3148 3147
o finish.787
v 21.715740 0.000000 30.400326
v 23.996868 0.000000 30.449650
v 21.700928 0.000000 31.085361
v 23.982056 0.000000 31.134686
s 1
usemtl Material.005
f 3150 3151 3149
f 3150 3152 3151
o finish.788
v 19.583952 0.000000 30.273430
v 21.862885 0.000000 30.384954
v 19.550461 0.000000 30.957808
v 21.829393 0.000000 31.069332
s 1
usemtl Material.005
f 3154 3155 3153
f 3154 3156 3155
o finish.789
v 18.560902 0.000000 30.239100
v 20.839834 0.000000 30.350624
v 18.527411 0.000000 30.923477
v 20.806343 0.000000 31.035002
s 1
usemtl Material.005
f 3158 3159 3157
f 3158 3160 3159
o finish.790
v 17.619444 0.000000 29.541368
v 19.663095 0.000000 30.555992
v 17.314745 0.000000 30.155090
v 19.358397 0.000000 31.169714
s 1
usemtl Material.005
f 3162 3163 3161
f 3162 3164 3163
o finish.791
v 17.413187 0.000000 28.758335
v 18.967649 0.000000 30.428551
v 16.911612 0.000000 29.225151
v 18.466074 0.000000 30.895367
s 1
usemtl Material.005
f 3166 3167 3165
f 3166 3168 3167
o finish.792
v 17.085354 0.000000 27.544598
v 17.982084 0.000000 29.642656
v 16.455294 0.000000 27.813890
v 17.352024 0.000000 29.911949
s 1
usemtl Material.005
f 3170 3171 3169
f 3170 3172 3171
o finish.793
v 16.497156 0.000000 26.614828
v 17.185667 0.000000 27.806122
v 16.139402 0.000000 26.821590
v 16.827913 0.000000 28.012884
s 1
usemtl Material.005
f 3174 3175 3173
f 3174 3176 3175
o finish.794
v 17.002707 0.000000 25.884945
v 16.516682 0.000000 27.172194
v 16.616138 0.000000 25.738989
v 16.130114 0.000000 27.026237
s 1
usemtl Material.005
f 3178 3179 3177
f 3178 3180 3179
o finish.795
v 17.502319 0.000000 24.764875
v 16.941637 0.000000 26.021402
v 17.124975 0.000000 24.596498
v 16.564293 0.000000 25.853025
s 1
usemtl Material.005
f 3182 3183 3181
f 3182 3184 3183
o finish.796
v 19.534340 0.000000 23.523870
v 17.255167 0.000000 25.183090
v 19.036066 0.000000 22.839420
v 16.756893 0.000000 24.498640
s 1
usemtl Material.005
f 3186 3187 3185
f 3186 3188 3187
o finish.797
v 22.206345 0.000000 22.768564
v 19.442406 0.000000 23.323801
v 22.039604 0.000000 21.938536
v 19.275665 0.000000 22.493773
s 1
usemtl Material.005
f 3190 3191 3189
f 3190 3192 3191
o finish.798
v 20.426659 0.000000 22.847921
v 19.195057 0.000000 23.786726
v 20.144730 0.000000 22.478064
v 18.913128 0.000000 23.416868
s 1
usemtl Material.005
f 3194 3195 3193
f 3194 3196 3195
o finish.799
v 24.121799 0.000000 22.380238
v 21.347723 0.000000 22.946167
v 23.951845 0.000000 21.547165
v 21.177769 0.000000 22.113094
s 1
usemtl Material.005
f 3198 3199 3197
f 3198 3200 3199
o finish.800
v 26.155066 0.000000 22.035376
v 24.503838 0.000000 22.459469
v 26.027706 0.000000 21.539501
v 24.376478 0.000000 21.963594
s 1
usemtl Material.005
f 3202 3203 3201
f 3202 3204 3203
o finish.801
v 24.585722 0.000000 22.440535
v 23.539783 0.000000 22.339430
v 24.616085 0.000000 22.126432
v 23.570147 0.000000 22.025328
s 1
usemtl Material.005
f 3206 3207 3205
f 3206 3208 3207
o finish.802
v 26.999062 0.000000 21.548664
v 26.097952 0.000000 22.089231
v 26.836725 0.000000 21.278055
v 25.935616 0.000000 21.818623
s 1
usemtl Material.005
f 3210 3211 3209
f 3210 3212 3211
o finish.803
v 27.850725 0.000000 21.745783
v 26.306379 0.000000 21.838104
v 27.823000 0.000000 21.282005
v 26.278654 0.000000 21.374327
s 1
usemtl Material.005
f 3214 3215 3213
f 3214 3216 3215
o finish.804
v 28.508274 0.000000 20.658216
v 28.129322 0.000000 18.950390
v 29.021145 0.000000 20.544415
v 28.642193 0.000000 18.836588
s 1
usemtl Material.005
f 3218 3219 3217
f 3218 3220 3219
o finish.805
v 28.397835 0.000000 19.343166
v 27.436319 0.000000 18.160839
v 28.752893 0.000000 19.054417
v 27.791378 0.000000 17.872089
s 1
usemtl Material.005
f 3222 3223 3221
f 3222 3224 3223
o finish.806
v 27.668755 0.000000 18.318420
v 26.335232 0.000000 17.580774
v 27.890274 0.000000 17.917955
v 26.556751 0.000000 17.180309
s 1
usemtl Material.005
f 3226 3227 3225
f 3226 3228 3227
o finish.807
v 26.519772 0.000000 17.698483
v 25.631149 0.000000 16.460436
v 26.891563 0.000000 17.431623
v 26.002941 0.000000 16.193577
s 1
usemtl Material.005
f 3230 3231 3229
f 3230 3232 3231
o finish.808
v 25.597269 0.000000 16.544113
v 25.282932 0.000000 15.052939
v 26.045078 0.000000 16.449717
v 25.730742 0.000000 14.958542
s 1
usemtl Material.005
f 3234 3235 3233
f 3234 3236 3235
o finish.809
v 25.455765 0.000000 16.090965
v 25.595032 0.000000 14.573398
v 25.911499 0.000000 16.132788
v 26.050766 0.000000 14.615221
s 1
usemtl Material.005
f 3238 3239 3237
f 3238 3240 3239
o finish.810
v 25.710615 0.000000 14.885370
v 25.733591 0.000000 13.809012
v 26.033854 0.000000 14.892270
v 26.056829 0.000000 13.815912
s 1
usemtl Material.005
f 3242 3243 3241
f 3242 3244 3243
o finish.811
v 28.435480 0.000000 20.970333
v 28.881521 0.000000 20.381691
v 28.612253 0.000000 21.104282
v 29.058294 0.000000 20.515640
s 1
usemtl Material.005
f 3246 3247 3245
f 3246 3248 3247
o finish.812
v 28.287489 0.000000 21.330080
v 28.640741 0.000000 20.681494
v 28.482264 0.000000 21.436163
v 28.835516 0.000000 20.787577
s 1
usemtl Material.005
f 3250 3251 3249
f 3250 3252 3251
o finish.813
v 27.743233 0.000000 21.547691
v 28.416954 0.000000 21.245111
v 27.834099 0.000000 21.750013
v 28.507820 0.000000 21.447433
s 1
usemtl Material.005
f 3254 3255 3253
f 3254 3256 3255
o finish.814
v 4.779620 0.000000 -23.978548
v 4.793088 0.000000 -24.330959
v 4.885452 0.000000 -23.974503
v 4.898920 0.000000 -24.326914
s 1
usemtl Material.005
f 3258 3259 3257
f 3258 3260 3259
o finish.815
v 4.921745 0.000000 -23.632746
v 4.773305 0.000000 -23.952654
v 5.017816 0.000000 -23.677324
v 4.869375 0.000000 -23.997232
s 1
usemtl Material.005
f 3262 3263 3261
f 3262 3264 3263
o finish.816
v 5.092946 0.000000 -23.475536
v 4.926645 0.000000 -23.640936
v 5.142617 0.000000 -23.525476
v 4.976315 0.000000 -23.690876
s 1
usemtl Material.005
f 3266 3267 3265
f 3266 3268 3267
o finish.817
v 4.820288 0.000000 -24.334927
v 4.986349 0.000000 -24.437622
v 4.851129 0.000000 -24.285057
v 5.017190 0.000000 -24.387753
s 1
usemtl Material.005
f 3270 3271 3269
f 3270 3272 3271
o finish.818
v 24.040129 0.000000 13.307736
v 26.011919 0.000000 13.796206
v 23.893438 0.000000 13.899878
v 25.865229 0.000000 14.388347
s 1
usemtl Material.005
f 3274 3275 3273
f 3274 3276 3275
o finish.819
v 23.322916 0.000000 13.229035
v 24.883678 0.000000 13.553417
v 23.225502 0.000000 13.697742
v 24.786264 0.000000 14.022124
s 1
usemtl Material.005
f 3278 3279 3277
f 3278 3280 3279
o finish.820
v 21.766087 0.000000 13.542042
v 23.321430 0.000000 13.192602
v 21.871025 0.000000 14.009121
v 23.426369 0.000000 13.659681
s 1
usemtl Material.005
f 3282 3283 3281
f 3282 3284 3283
o finish.821
v 20.313503 0.000000 14.327105
v 21.454744 0.000000 13.570053
v 20.540850 0.000000 14.669827
v 21.682091 0.000000 13.912775
s 1
usemtl Material.005
f 3286 3287 3285
f 3286 3288 3287
o finish.822
v 21.328157 0.000000 13.594871
v 22.392685 0.000000 13.468435
v 21.366127 0.000000 13.914555
v 22.430655 0.000000 13.788119
s 1
usemtl Material.005
f 3290 3291 3289
f 3290 3292 3291
o finish.823
v 19.596807 0.000000 15.507825
v 20.319105 0.000000 14.344276
v 19.946230 0.000000 15.724735
v 20.668528 0.000000 14.561187
s 1
usemtl Material.005
f 3294 3295 3293
f 3294 3296 3295
o finish.824
v 18.971003 0.000000 16.729511
v 19.632383 0.000000 15.530291
v 19.331137 0.000000 16.928129
v 19.992517 0.000000 15.728908
s 1
usemtl Material.005
f 3298 3299 3297
f 3298 3300 3299
o finish.825
v 18.229799 0.000000 16.331924
v 19.598024 0.000000 16.391233
v 18.211988 0.000000 16.742811
v 19.580214 0.000000 16.802120
s 1
usemtl Material.005
f 3302 3303 3301
f 3302 3304 3303
o finish.826
v 16.620249 0.000000 15.318111
v 18.449299 0.000000 16.508638
v 16.262726 0.000000 15.867387
v 18.091776 0.000000 17.057915
s 1
usemtl Material.005
f 3306 3307 3305
f 3306 3308 3307
o finish.827
v 16.150572 0.000000 14.343082
v 17.614004 0.000000 15.962076
v 15.664378 0.000000 14.782560
v 17.127810 0.000000 16.401554
s 1
usemtl Material.005
f 3310 3311 3309
f 3310 3312 3311
o finish.828
v 15.629034 0.000000 13.754959
v 17.134972 0.000000 15.334493
v 15.154690 0.000000 14.207202
v 16.660627 0.000000 15.786736
s 1
usemtl Material.005
f 3314 3315 3313
f 3314 3316 3315
o finish.829
v 17.376200 0.000000 12.741967
v 15.816923 0.000000 14.268869
v 16.917662 0.000000 12.273706
v 15.358385 0.000000 13.800609
s 1
usemtl Material.005
f 3318 3319 3317
f 3318 3320 3319
o finish.830
v 17.267248 0.000000 12.856641
v 16.736343 0.000000 13.981395
v 16.929478 0.000000 12.697206
v 16.398573 0.000000 13.821959
s 1
usemtl Material.005
f 3322 3323 3321
f 3322 3324 3323
o finish.831
v 16.774942 0.000000 13.942036
v 16.530668 0.000000 14.224468
v 16.690126 0.000000 13.868679
v 16.445852 0.000000 14.151112
s 1
usemtl Material.005
f 3326 3327 3325
f 3326 3328 3327
o finish.832
v 16.532297 0.000000 14.216556
v 16.169384 0.000000 14.128622
v 16.558704 0.000000 14.107571
v 16.195791 0.000000 14.019637
s 1
usemtl Material.005
f 3330 3331 3329
f 3330 3332 3331
o finish.833
v 16.204954 0.000000 14.128546
v 15.924576 0.000000 13.881918
v 16.279018 0.000000 14.044346
v 15.998639 0.000000 13.797718
s 1
usemtl Material.005
f 3334 3335 3333
f 3334 3336 3335
o finish.834
v 18.680761 0.000000 11.414519
v 17.121485 0.000000 12.941422
v 18.222223 0.000000 10.946259
v 16.662947 0.000000 12.473161
s 1
usemtl Material.005
f 3338 3339 3337
f 3338 3340 3339
o finish.835
v 20.628307 0.000000 10.150371
v 18.977736 0.000000 11.578091
v 20.199553 0.000000 9.654694
v 18.548981 0.000000 11.082414
s 1
usemtl Material.005
f 3342 3343 3341
f 3342 3344 3343
o finish.836
v 19.056725 0.000000 11.504324
v 17.923243 0.000000 12.151572
v 18.862352 0.000000 11.163932
v 17.728870 0.000000 11.811180
s 1
usemtl Material.005
f 3346 3347 3345
f 3346 3348 3347
o finish.837
v 21.348330 0.000000 9.566681
v 20.351210 0.000000 10.344008
v 21.114893 0.000000 9.267240
v 20.117773 0.000000 10.044567
s 1
usemtl Material.005
f 3350 3351 3349
f 3350 3352 3351
o finish.838
v 21.789476 0.000000 9.001449
v 21.344418 0.000000 9.571286
v 21.618351 0.000000 8.867795
v 21.173292 0.000000 9.437633
s 1
usemtl Material.005
f 3354 3355 3353
f 3354 3356 3355
o finish.839
v 21.650219 0.000000 8.998754
v 21.729799 0.000000 8.668097
v 21.749517 0.000000 9.022652
v 21.829098 0.000000 8.691995
s 1
usemtl Material.005
f 3358 3359 3357
f 3358 3360 3359
o finish.840
v 21.773117 0.000000 8.743960
v 21.509295 0.000000 8.529334
v 21.837572 0.000000 8.664733
v 21.573750 0.000000 8.450107
s 1
usemtl Material.005
f 3362 3363 3361
f 3362 3364 3363
o finish.841
v 21.580935 0.000000 8.677382
v 21.133436 0.000000 8.313330
v 21.690260 0.000000 8.542995
v 21.242762 0.000000 8.178944
s 1
usemtl Material.005
f 3366 3367 3365
f 3366 3368 3367
o finish.842
v 21.253988 0.000000 8.504745
v 20.628937 0.000000 7.996249
v 21.406693 0.000000 8.317039
v 20.781641 0.000000 7.808542
s 1
usemtl Material.005
f 3370 3371 3369
f 3370 3372 3371
o finish.843
v 20.629747 0.000000 8.152181
v 19.555525 0.000000 7.569811
v 20.804636 0.000000 7.829584
v 19.730413 0.000000 7.247215
s 1
usemtl Material.005
f 3374 3375 3373
f 3374 3376 3375
o finish.844
v 19.715641 0.000000 7.554081
v 18.764523 0.000000 7.203804
v 19.820831 0.000000 7.268454
v 18.869713 0.000000 6.918177
s 1
usemtl Material.005
f 3378 3379 3377
f 3378 3380 3379
o finish.845
v 19.190453 0.000000 7.268726
v 18.784674 0.000000 7.000893
v 19.270884 0.000000 7.146868
v 18.865105 0.000000 6.879035
s 1
usemtl Material.005
f 3382 3383 3381
f 3382 3384 3383
o finish.846
v 18.905136 0.000000 6.983985
v 18.620796 0.000000 6.900465
v 18.930218 0.000000 6.898596
v 18.645878 0.000000 6.815076
s 1
usemtl Material.005
f 3386 3387 3385
f 3386 3388 3387
o finish.847
v 18.654684 0.000000 6.917369
v 18.339455 0.000000 6.994987
v 18.631374 0.000000 6.822703
v 18.316145 0.000000 6.900321
s 1
usemtl Material.005
f 3390 3391 3389
f 3390 3392 3391
o finish.848
v 18.397804 0.000000 7.049815
v 17.895937 0.000000 7.329775
v 18.313730 0.000000 6.899101
v 17.811863 0.000000 7.179061
s 1
usemtl Material.005
f 3394 3395 3393
f 3394 3396 3395
o finish.849
v 18.028620 0.000000 7.310385
v 17.313572 0.000000 7.505821
v 17.969929 0.000000 7.095651
v 17.254881 0.000000 7.291087
s 1
usemtl Material.005
f 3398 3399 3397
f 3398 3400 3399
o finish.850
v 17.747980 0.000000 7.811136
v 15.971489 0.000000 7.872915
v 17.729427 0.000000 7.277644
v 15.952936 0.000000 7.339424
s 1
usemtl Material.005
f 3402 3403 3401
f 3402 3404 3403
o finish.851
v 16.607948 0.000000 7.676549
v 15.413041 0.000000 7.718103
v 16.595469 0.000000 7.317712
v 15.400562 0.000000 7.359266
s 1
usemtl Material.005
f 3406 3407 3405
f 3406 3408 3407
o finish.852
v 15.483314 0.000000 7.434098
v 15.186718 0.000000 7.608007
v 15.431087 0.000000 7.345028
v 15.134492 0.000000 7.518937
s 1
usemtl Material.005
f 3410 3411 3409
f 3410 3412 3411
o finish.853
v 15.218904 0.000000 7.573061
v 14.952819 0.000000 7.790805
v 15.153514 0.000000 7.493155
v 14.887429 0.000000 7.710898
s 1
usemtl Material.005
f 3414 3415 3413
f 3414 3416 3415
o finish.854
v 14.976938 0.000000 7.761011
v 14.752519 0.000000 8.021489
v 14.898715 0.000000 7.693616
v 14.674295 0.000000 7.954094
s 1
usemtl Material.005
f 3418 3419 3417
f 3418 3420 3419
o finish.855
v 14.773245 0.000000 8.000581
v 14.586828 0.000000 8.289478
v 14.686487 0.000000 7.944599
v 14.500071 0.000000 8.233497
s 1
usemtl Material.005
f 3422 3423 3421
f 3422 3424 3423
o finish.856
v 14.596262 0.000000 8.268051
v 14.409845 0.000000 8.556949
v 14.509504 0.000000 8.212070
v 14.323088 0.000000 8.500967
s 1
usemtl Material.005
f 3426 3427 3425
f 3426 3428 3427
o finish.857
v 14.440746 0.000000 8.522204
v 14.257187 0.000000 8.812926
v 14.353441 0.000000 8.467080
v 14.169882 0.000000 8.757802
s 1
usemtl Material.005
f 3430 3431 3429
f 3430 3432 3431
o finish.858
v 14.267906 0.000000 8.788067
v 14.148256 0.000000 9.110398
v 14.171108 0.000000 8.752135
v 14.051458 0.000000 9.074467
s 1
usemtl Material.005
f 3434 3435 3433
f 3434 3436 3435
o finish.859
v 14.147185 0.000000 9.123403
v 14.027535 0.000000 9.445734
v 14.050387 0.000000 9.087471
v 13.930737 0.000000 9.409802
s 1
usemtl Material.005
f 3438 3439 3437
f 3438 3440 3439
o finish.860
v 14.017324 0.000000 8.803252
v 14.070623 0.000000 9.142918
v 13.915321 0.000000 8.819258
v 13.968620 0.000000 9.158923
s 1
usemtl Material.005
f 3442 3443 3441
f 3442 3444 3443
o finish.861
v 14.114526 0.000000 7.939867
v 14.027838 0.000000 9.003950
v 13.794975 0.000000 7.913834
v 13.708287 0.000000 8.977917
s 1
usemtl Material.005
f 3446 3447 3445
f 3446 3448 3447
o finish.862
v 14.212275 0.000000 7.168296
v 14.099343 0.000000 8.147820
v 13.918117 0.000000 7.134382
v 13.805185 0.000000 8.113907
s 1
usemtl Material.005
f 3450 3451 3449
f 3450 3452 3451
o finish.863
v 14.232501 0.000000 6.247216
v 14.214382 0.000000 7.233062
v 13.936445 0.000000 6.241775
v 13.918326 0.000000 7.227622
s 1
usemtl Material.005
f 3454 3455 3453
f 3454 3456 3455
o finish.864
v 14.170682 0.000000 5.288521
v 14.234245 0.000000 6.272483
v 13.875193 0.000000 5.307610
v 13.938756 0.000000 6.291572
s 1
usemtl Material.005
f 3458 3459 3457
f 3458 3460 3459
o finish.865
v 14.009162 0.000000 4.339248
v 14.163339 0.000000 5.313132
v 13.716699 0.000000 4.385548
v 13.870875 0.000000 5.359432
s 1
usemtl Material.005
f 3462 3463 3461
f 3462 3464 3463
o finish.866
v 13.968542 0.000000 3.510530
v 14.002135 0.000000 4.495970
v 13.672608 0.000000 3.520618
v 13.706202 0.000000 4.506058
s 1
usemtl Material.005
f 3466 3467 3465
f 3466 3468 3467
o finish.867
v 14.091526 0.000000 3.181682
v 14.576172 0.000000 4.040367
v 13.833658 0.000000 3.327224
v 14.318304 0.000000 4.185909
s 1
usemtl Material.005
f 3470 3471 3469
f 3470 3472 3471
o finish.868
v 14.291368 0.000000 3.636065
v 14.465421 0.000000 4.394477
v 14.063613 0.000000 3.688334
v 14.237665 0.000000 4.446746
s 1
usemtl Material.005
f 3474 3475 3473
f 3474 3476 3475
o finish.869
v 14.377648 0.000000 4.311104
v 14.674861 0.000000 4.841374
v 14.218406 0.000000 4.400359
v 14.515618 0.000000 4.930629
s 1
usemtl Material.005
f 3478 3479 3477
f 3478 3480 3479
o finish.870
v 14.594926 0.000000 4.830800
v 14.894468 0.000000 5.095800
v 14.515345 0.000000 4.920754
v 14.814887 0.000000 5.185755
s 1
usemtl Material.005
f 3482 3483 3481
f 3482 3484 3483
o finish.871
v 14.819718 0.000000 5.060429
v 15.210986 0.000000 5.143256
v 14.794845 0.000000 5.177929
v 15.186112 0.000000 5.260756
s 1
usemtl Material.005
f 3486 3487 3485
f 3486 3488 3487
o finish.872
v 15.014180 0.000000 5.023118
v 15.808359 0.000000 4.456931
v 15.184210 0.000000 5.261615
v 15.978389 0.000000 4.695427
s 1
usemtl Material.005
f 3490 3491 3489
f 3490 3492 3491
o finish.873
v 15.642532 0.000000 3.992136
v 18.008575 0.000000 3.340403
v 15.838253 0.000000 4.702674
v 18.204296 0.000000 4.050941
s 1
usemtl Material.005
f 3494 3495 3493
f 3494 3496 3495
o finish.874
v 17.933407 0.000000 3.683543
v 19.266472 0.000000 2.997949
v 18.139294 0.000000 4.083871
v 19.472359 0.000000 3.398277
s 1
usemtl Material.005
f 3498 3499 3497
f 3498 3500 3499
o finish.875
v 18.857521 0.000000 3.190073
v 20.457993 0.000000 2.804608
v 18.973278 0.000000 3.670705
v 20.573750 0.000000 3.285240
s 1
usemtl Material.005
f 3502 3503 3501
f 3502 3504 3503
o finish.876
v 20.116144 0.000000 2.854527
v 21.739975 0.000000 2.583849
v 20.197430 0.000000 3.342174
v 21.821260 0.000000 3.071496
s 1
usemtl Material.005
f 3506 3507 3505
f 3506 3508 3507
o finish.877
v 21.563932 0.000000 2.839074
v 22.449528 0.000000 2.512024
v 21.662148 0.000000 3.105024
v 22.547743 0.000000 2.777974
s 1
usemtl Material.005
f 3510 3511 3509
f 3510 3512 3511
o finish.878
v 22.305119 0.000000 2.559124
v 23.113409 0.000000 2.071361
v 22.451597 0.000000 2.801858
v 23.259888 0.000000 2.314095
s 1
usemtl Material.005
f 3514 3515 3513
f 3514 3516 3515
o finish.879
v 22.953823 0.000000 2.176768
v 23.803839 0.000000 1.766018
v 23.077173 0.000000 2.432033
v 23.927189 0.000000 2.021283
s 1
usemtl Material.005
f 3518 3519 3517
f 3518 3520 3519
o finish.880
v 23.650253 0.000000 1.818549
v 24.298212 0.000000 0.914684
v 23.921690 0.000000 2.013135
v 24.569649 0.000000 1.109271
s 1
usemtl Material.005
f 3522 3523 3521
f 3522 3524 3523
o finish.881
v 24.436453 0.000000 1.092455
v 24.634619 0.000000 0.677514
v 24.561064 0.000000 1.151965
v 24.759230 0.000000 0.737024
s 1
usemtl Material.005
f 3526 3527 3525
f 3526 3528 3527
o finish.882
v 24.630890 0.000000 0.809058
v 24.424793 0.000000 0.397998
v 24.754333 0.000000 0.747165
v 24.548237 0.000000 0.336106
s 1
usemtl Material.005
f 3530 3531 3529
f 3530 3532 3531
o finish.883
v 24.491459 0.000000 0.514719
v 23.966610 0.000000 0.208599
v 24.583389 0.000000 0.357103
v 24.058540 0.000000 0.050984
s 1
usemtl Material.005
f 3534 3535 3533
f 3534 3536 3535
o finish.884
v 24.109417 0.000000 0.471577
v 23.234871 0.000000 -0.232152
v 24.320751 0.000000 0.208946
v 23.446205 0.000000 -0.494783
s 1
usemtl Material.005
f 3538 3539 3537
f 3538 3540 3539
o finish.885
v 23.395048 0.000000 -0.152878
v 22.289789 0.000000 -0.348995
v 23.453943 0.000000 -0.484794
v 22.348684 0.000000 -0.680912
s 1
usemtl Material.005
f 3542 3543 3541
f 3542 3544 3543
o finish.886
v 22.746153 0.000000 -0.289813
v 21.696001 0.000000 -0.686351
v 22.865236 0.000000 -0.605180
v 21.815084 0.000000 -1.001718
s 1
usemtl Material.005
f 3546 3547 3545
f 3546 3548 3547
o finish.887
v 21.947765 0.000000 -0.674437
v 20.913612 0.000000 -0.237870
v 21.816662 0.000000 -0.984999
v 20.782509 0.000000 -0.548433
s 1
usemtl Material.005
f 3550 3551 3549
f 3550 3552 3551
o finish.888
v 21.406195 0.000000 -0.203137
v 19.885139 0.000000 -0.574394
v 21.517685 0.000000 -0.659919
v 19.996630 0.000000 -1.031176
s 1
usemtl Material.005
f 3554 3555 3553
f 3554 3556 3555
o finish.889
v -3.809700 0.000000 -40.964478
v -5.021652 0.000000 -39.973209
v -4.107384 0.000000 -41.328434
v -5.319335 0.000000 -40.337166
s 1
usemtl Material.005
f 3558 3559 3557
f 3558 3560 3559
o finish.890
v -3.809700 0.000000 -40.964478
v -5.021652 0.000000 -39.973209
v -4.107384 0.000000 -41.328434
v -5.319335 0.000000 -40.337166
s 1
usemtl Material.005
f 3562 3563 3561
f 3562 3564 3563
o finish.891
v 18.849220 0.000000 -0.043137
v 20.057371 0.000000 -1.039033
v 19.148294 0.000000 0.319679
v 20.356445 0.000000 -0.676217
s 1
usemtl Material.005
f 3566 3567 3565
f 3566 3568 3567
o finish.892
v 18.694340 0.000000 -1.156150
v 20.141504 0.000000 -0.558529
v 18.514872 0.000000 -0.721557
v 19.962036 0.000000 -0.123937
s 1
usemtl Material.005
f 3570 3571 3569
f 3570 3572 3571
o finish.893
v 17.109060 0.000000 -1.030282
v 18.668997 0.000000 -1.164562
v 17.149385 0.000000 -0.561823
v 18.709322 0.000000 -0.696103
s 1
usemtl Material.005
f 3574 3575 3573
f 3574 3576 3575
o finish.894
v 15.975887 0.000000 -0.940137
v 17.539192 0.000000 -1.026846
v 16.001926 0.000000 -0.470668
v 17.565231 0.000000 -0.557376
s 1
usemtl Material.005
f 3578 3579 3577
f 3578 3580 3579
o finish.895
v 15.941133 0.000000 -1.785729
v 17.024084 0.000000 -0.654952
v 15.601554 0.000000 -1.460512
v 16.684504 0.000000 -0.329735
s 1
usemtl Material.005
f 3582 3583 3581
f 3582 3584 3583
o finish.896
v 14.504100 0.000000 -0.234271
v 15.247342 0.000000 -1.612323
v 14.917937 0.000000 -0.011070
v 15.661180 0.000000 -1.389122
s 1
usemtl Material.005
f 3586 3587 3585
f 3586 3588 3587
o finish.897
v 15.514639 0.000000 -1.739491
v 15.920896 0.000000 -1.804806
v 15.534253 0.000000 -1.617490
v 15.940510 0.000000 -1.682805
s 1
usemtl Material.005
f 3590 3591 3589
f 3590 3592 3591
o finish.898
v 15.250719 0.000000 -1.577043
v 15.506006 0.000000 -1.734282
v 15.297939 0.000000 -1.500379
v 15.553226 0.000000 -1.657618
s 1
usemtl Material.005
f 3594 3595 3593
f 3594 3596 3595
o finish.899
v 13.966354 0.000000 0.106085
v 14.289332 0.000000 -1.425947
v 14.426433 0.000000 0.203078
v 14.749411 0.000000 -1.328954
s 1
usemtl Material.005
f 3598 3599 3597
f 3598 3600 3599
o finish.900
v 14.022036 0.000000 -0.989237
v 14.823915 0.000000 -2.334015
v 14.425880 0.000000 -0.748428
v 15.227760 0.000000 -2.093205
s 1
usemtl Material.005
f 3602 3603 3601
f 3602 3604 3603
o finish.901
v 14.545902 0.000000 -2.091787
v 15.896460 0.000000 -2.883895
v 14.783777 0.000000 -1.686207
v 16.134335 0.000000 -2.478314
s 1
usemtl Material.005
f 3606 3607 3605
f 3606 3608 3607
o finish.902
v 15.867382 0.000000 -2.723621
v 16.777100 0.000000 -3.454752
v 16.086945 0.000000 -2.450428
v 16.996662 0.000000 -3.181558
s 1
usemtl Material.005
f 3610 3611 3609
f 3610 3612 3611
o finish.903
v 16.645138 0.000000 -3.267323
v 17.266907 0.000000 -4.255019
v 16.941750 0.000000 -3.080602
v 17.563519 0.000000 -4.068297
s 1
usemtl Material.005
f 3614 3615 3613
f 3614 3616 3615
o finish.904
v 17.359926 0.000000 -4.061514
v 18.526300 0.000000 -4.020131
v 17.347498 0.000000 -3.711245
v 18.513872 0.000000 -3.669862
s 1
usemtl Material.005
f 3618 3619 3617
f 3618 3620 3619
o finish.905
v 18.408245 0.000000 -3.873790
v 19.098789 0.000000 -4.257010
v 18.523327 0.000000 -3.666415
v 19.213871 0.000000 -4.049635
s 1
usemtl Material.005
f 3622 3623 3621
f 3622 3624 3623
o finish.906
v 18.856941 0.000000 -4.030992
v 18.853111 0.000000 -5.213601
v 19.212086 0.000000 -4.032142
v 19.208256 0.000000 -5.214751
s 1
usemtl Material.005
f 3626 3627 3625
f 3626 3628 3627
o finish.907
v 18.839218 0.000000 -5.373548
v 19.111042 0.000000 -6.524501
v 19.184856 0.000000 -5.291918
v 19.456680 0.000000 -6.442871
s 1
usemtl Material.005
f 3630 3631 3629
f 3630 3632 3631
o finish.908
v 18.819164 0.000000 -4.946900
v 18.874800 0.000000 -6.128206
v 19.173918 0.000000 -4.930193
v 19.229553 0.000000 -6.111499
s 1
usemtl Material.005
f 3634 3635 3633
f 3634 3636 3635
o finish.909
v 18.812929 0.000000 -6.461310
v 19.724075 0.000000 -7.853355
v 19.230968 0.000000 -6.187687
v 20.142115 0.000000 -7.579732
s 1
usemtl Material.005
f 3638 3639 3637
f 3638 3640 3639
o finish.910
v 19.660131 0.000000 -7.728363
v 20.188927 0.000000 -9.305815
v 20.133850 0.000000 -7.569563
v 20.662645 0.000000 -9.147015
s 1
usemtl Material.005
f 3642 3643 3641
f 3642 3644 3643
o finish.911
v 20.310812 0.000000 -9.008303
v 21.123220 0.000000 -9.626121
v 20.496347 0.000000 -8.764331
v 21.308756 0.000000 -9.382149
s 1
usemtl Material.005
f 3646 3647 3645
f 3646 3648 3647
o finish.912
v 27.237581 0.000000 9.632371
v 28.233694 0.000000 9.854783
v 27.170790 0.000000 9.931510
v 28.166903 0.000000 10.153922
s 1
usemtl Material.005
f 3650 3651 3649
f 3650 3652 3651
o finish.913
v 26.668915 0.000000 9.525580
v 27.674940 0.000000 9.697685
v 26.617231 0.000000 9.827696
v 27.623257 0.000000 9.999801
s 1
usemtl Material.005
f 3654 3655 3653
f 3654 3656 3655
o finish.914
v 25.890423 0.000000 9.589161
v 26.907761 0.000000 9.507117
v 25.915062 0.000000 9.894673
v 26.932400 0.000000 9.812630
s 1
usemtl Material.005
f 3658 3659 3657
f 3658 3660 3659
o finish.915
v 25.272472 0.000000 9.623491
v 26.289810 0.000000 9.541448
v 25.297112 0.000000 9.929004
v 26.314449 0.000000 9.846960
s 1
usemtl Material.005
f 3662 3663 3661
f 3662 3664 3663
o finish.916
v 25.023390 0.000000 9.623198
v 25.563225 0.000000 9.767532
v 24.980045 0.000000 9.785313
v 25.519880 0.000000 9.929647
s 1
usemtl Material.005
f 3666 3667 3665
f 3666 3668 3667
o finish.917
v 24.737762 0.000000 9.258059
v 25.149839 0.000000 9.635478
v 24.624422 0.000000 9.381808
v 25.036499 0.000000 9.759228
s 1
usemtl Material.005
f 3670 3671 3669
f 3670 3672 3671
o finish.918
v 24.551096 0.000000 8.825215
v 24.820839 0.000000 9.314594
v 24.404133 0.000000 8.906221
v 24.673876 0.000000 9.395600
s 1
usemtl Material.005
f 3674 3675 3673
f 3674 3676 3675
o finish.919
v 23.962887 0.000000 8.245403
v 24.654665 0.000000 8.737749
v 23.815031 0.000000 8.453148
v 24.506809 0.000000 8.945494
s 1
usemtl Material.005
f 3678 3679 3677
f 3678 3680 3679
o finish.920
v 23.082951 0.000000 7.704606
v 23.988686 0.000000 8.170642
v 22.942997 0.000000 7.976603
v 23.848732 0.000000 8.442639
s 1
usemtl Material.005
f 3682 3683 3681
f 3682 3684 3683
o finish.921
v 21.318989 0.000000 6.242258
v 23.409096 0.000000 7.409730
v 20.968388 0.000000 6.869930
v 23.058495 0.000000 8.037402
s 1
usemtl Material.005
f 3686 3687 3685
f 3686 3688 3687
o finish.922
v 20.285328 0.000000 5.917440
v 21.262161 0.000000 6.599520
v 20.080494 0.000000 6.210789
v 21.057327 0.000000 6.892869
s 1
usemtl Material.005
f 3690 3691 3689
f 3690 3692 3691
o finish.923
v 19.949371 0.000000 5.618383
v 20.271051 0.000000 6.134066
v 19.794508 0.000000 5.714985
v 20.116188 0.000000 6.230669
s 1
usemtl Material.005
f 3694 3695 3693
f 3694 3696 3695
o finish.924
v 19.879896 0.000000 5.232065
v 19.940201 0.000000 5.722836
v 19.732513 0.000000 5.250175
v 19.792818 0.000000 5.740946
s 1
usemtl Material.005
f 3698 3699 3697
f 3698 3700 3699
o finish.925
v 20.116135 0.000000 4.897064
v 19.853466 0.000000 5.315989
v 19.990330 0.000000 4.818183
v 19.727661 0.000000 5.237108
s 1
usemtl Material.005
f 3702 3703 3701
f 3702 3704 3703
o finish.926
v 20.492983 0.000000 4.667167
v 20.086615 0.000000 4.948874
v 20.408384 0.000000 4.545132
v 20.002016 0.000000 4.826838
s 1
usemtl Material.005
f 3706 3707 3705
f 3706 3708 3707
o finish.927
v 22.214867 0.000000 4.423863
v 20.588684 0.000000 5.024076
v 22.034618 0.000000 3.935510
v 20.408436 0.000000 4.535724
s 1
usemtl Material.005
f 3710 3711 3709
f 3710 3712 3711
o finish.928
v 23.833780 0.000000 3.934974
v 22.176071 0.000000 4.441655
v 23.681622 0.000000 3.437154
v 22.023912 0.000000 3.943834
s 1
usemtl Material.005
f 3714 3715 3713
f 3714 3716 3715
o finish.929
v 24.659912 0.000000 3.542419
v 23.695589 0.000000 3.735929
v 24.601801 0.000000 3.252827
v 23.637478 0.000000 3.446337
s 1
usemtl Material.005
f 3718 3719 3717
f 3718 3720 3719
o finish.930
v 25.322638 0.000000 3.421824
v 24.598246 0.000000 3.482490
v 25.304419 0.000000 3.204284
v 24.580027 0.000000 3.264950
s 1
usemtl Material.005
f 3722 3723 3721
f 3722 3724 3723
o finish.931
v 25.748251 0.000000 3.358179
v 25.262722 0.000000 3.342285
v 25.753025 0.000000 3.212372
v 25.267496 0.000000 3.196478
s 1
usemtl Material.005
f 3726 3727 3725
f 3726 3728 3727
o finish.932
v 26.055542 0.000000 3.584165
v 25.668583 0.000000 3.339638
v 26.128975 0.000000 3.467958
v 25.742016 0.000000 3.223432
s 1
usemtl Material.005
f 3730 3731 3729
f 3730 3732 3731
o finish.933
v 28.663874 0.000000 9.366834
v 28.460148 0.000000 9.990810
v 28.476490 0.000000 9.305655
v 28.272764 0.000000 9.929631
s 1
usemtl Material.005
f 3734 3735 3733
f 3734 3736 3735
o finish.934
v 28.484194 0.000000 9.958180
v 28.307194 0.000000 10.123895
v 28.434429 0.000000 9.905026
v 28.257429 0.000000 10.070741
s 1
usemtl Material.005
f 3738 3739 3737
f 3738 3740 3739
o finish.935
v 28.328882 0.000000 10.112813
v 28.135992 0.000000 10.152507
v 28.316961 0.000000 10.054887
v 28.124071 0.000000 10.094581
s 1
usemtl Material.005
f 3742 3743 3741
f 3742 3744 3743
o finish.936
v 28.806631 0.000000 8.950697
v 28.602905 0.000000 9.574674
v 28.619247 0.000000 8.889518
v 28.415522 0.000000 9.513494
s 1
usemtl Material.005
f 3746 3747 3745
f 3746 3748 3747
o finish.937
v 23.984526 0.000000 -11.628357
v 24.887457 0.000000 -12.517328
v 24.251490 0.000000 -11.357201
v 25.154421 0.000000 -12.246172
s 0
usemtl Material.005
f 3750 3751 3749
f 3750 3752 3751
o finish.938
v 24.868483 0.000000 -12.203222
v 25.212753 0.000000 -12.748190
v 25.032139 0.000000 -12.099836
v 25.376410 0.000000 -12.644804
s 0
usemtl Material.005
f 3754 3755 3753
f 3754 3756 3755
o finish.939
v 25.196596 0.000000 -12.574555
v 24.984678 0.000000 -13.183328
v 25.379416 0.000000 -12.638196
v 25.167498 0.000000 -13.246968
s 0
usemtl Material.005
f 3758 3759 3757
f 3758 3760 3759
o finish.940
v 25.041773 0.000000 -13.036909
v 24.678894 0.000000 -13.569667
v 25.201763 0.000000 -13.145885
v 24.838884 0.000000 -13.678642
s 0
usemtl Material.005
f 3762 3763 3761
f 3762 3764 3763
o finish.941
v 24.765802 0.000000 -13.453236
v 24.426998 0.000000 -14.001617
v 24.930485 0.000000 -13.554981
v 24.591681 0.000000 -14.103363
s 0
usemtl Material.005
f 3766 3767 3765
f 3766 3768 3767
o finish.942
v 24.463669 0.000000 -13.939516
v 24.229969 0.000000 -14.540263
v 24.644077 0.000000 -14.009698
v 24.410378 0.000000 -14.610445
s 0
usemtl Material.005
f 3770 3771 3769
f 3770 3772 3771
o finish.943
v 24.255064 0.000000 -14.492489
v 24.021364 0.000000 -15.093236
v 24.435472 0.000000 -14.562671
v 24.201773 0.000000 -15.163418
s 0
usemtl Material.005
f 3774 3775 3773
f 3774 3776 3775
o finish.944
v 24.067804 0.000000 -14.962775
v 23.784670 0.000000 -15.541866
v 24.241709 0.000000 -15.047802
v 23.958574 0.000000 -15.626893
s 0
usemtl Material.005
f 3778 3779 3777
f 3778 3780 3779
o finish.945
v 23.820940 0.000000 -15.467963
v 23.472960 0.000000 -16.010569
v 23.983889 0.000000 -15.572464
v 23.635908 0.000000 -16.115070
s 0
usemtl Material.005
f 3782 3783 3781
f 3782 3784 3783
o finish.946
v 23.535980 0.000000 -15.904808
v 23.210707 0.000000 -16.461323
v 23.703104 0.000000 -16.002491
v 23.377831 0.000000 -16.559006
s 0
usemtl Material.005
f 3786 3787 3785
f 3786 3788 3787
o finish.947
v 23.215784 0.000000 -16.235043
v 23.097162 0.000000 -16.868635
v 23.406057 0.000000 -16.270666
v 23.287436 0.000000 -16.904259
s 0
usemtl Material.005
f 3790 3791 3789
f 3790 3792 3791
o finish.948
v 23.086647 0.000000 -16.874107
v 22.968025 0.000000 -17.507700
v 23.276920 0.000000 -16.909731
v 23.158298 0.000000 -17.543324
s 0
usemtl Material.005
f 3794 3795 3793
f 3794 3796 3795
o finish.949
v 22.968468 0.000000 -17.387939
v 22.930912 0.000000 -18.031446
v 23.161716 0.000000 -17.399218
v 23.124161 0.000000 -18.042725
s 0
usemtl Material.005
f 3798 3799 3797
f 3798 3800 3799
o finish.950
v 22.925220 0.000000 -17.997053
v 22.855751 0.000000 -18.637901
v 23.117672 0.000000 -18.017914
v 23.048203 0.000000 -18.658762
s 0
usemtl Material.005
f 3802 3803 3801
f 3802 3804 3803
o finish.951
v 22.849062 0.000000 -18.606316
v 22.779593 0.000000 -19.247164
v 23.041513 0.000000 -18.627176
v 22.972044 0.000000 -19.268024
s 0
usemtl Material.005
f 3806 3807 3805
f 3806 3808 3807
o finish.952
v 22.779526 0.000000 -19.232136
v 22.710056 0.000000 -19.872984
v 22.971977 0.000000 -19.252996
v 22.902508 0.000000 -19.893845
s 0
usemtl Material.005
f 3810 3811 3809
f 3810 3812 3811
o finish.953
v 22.712128 0.000000 -19.851814
v 22.677277 0.000000 -20.495474
v 22.905422 0.000000 -19.862280
v 22.870571 0.000000 -20.505939
s 0
usemtl Material.005
f 3814 3815 3813
f 3814 3816 3815
o finish.954
v 22.688038 0.000000 -20.469616
v 22.668064 0.000000 -21.113909
v 22.881523 0.000000 -20.475615
v 22.861549 0.000000 -21.119907
s 0
usemtl Material.005
f 3818 3819 3817
f 3818 3820 3819
o finish.955
v 22.668171 0.000000 -21.082190
v 22.648197 0.000000 -21.726482
v 22.861656 0.000000 -21.088188
v 22.841682 0.000000 -21.732481
s 0
usemtl Material.005
f 3822 3823 3821
f 3822 3824 3823
o finish.956
v 22.677124 0.000000 -21.370150
v 22.719028 0.000000 -22.013388
v 22.870293 0.000000 -21.357565
v 22.912197 0.000000 -22.000803
s 0
usemtl Material.005
f 3826 3827 3825
f 3826 3828 3827
o finish.957
v 22.712154 0.000000 -22.001820
v 22.784134 0.000000 -22.642389
v 22.904522 0.000000 -21.980204
v 22.976501 0.000000 -22.620773
s 0
usemtl Material.005
f 3830 3831 3829
f 3830 3832 3831
o finish.958
v 22.788313 0.000000 -22.571348
v 22.860292 0.000000 -23.211918
v 22.980680 0.000000 -22.549732
v 23.052660 0.000000 -23.190302
s 0
usemtl Material.005
f 3834 3835 3833
f 3834 3836 3835
o finish.959
v 22.849949 0.000000 -23.183899
v 22.966181 0.000000 -23.817936
v 23.040354 0.000000 -23.148994
v 23.156586 0.000000 -23.783031
s 1
usemtl Material.005
f 3838 3839 3837
f 3838 3840 3839
o finish.960
v 22.947090 0.000000 -23.739523
v 22.998945 0.000000 -24.382036
v 23.140039 0.000000 -23.723951
v 23.191895 0.000000 -24.366465
s 1
usemtl Material.005
f 3842 3843 3841
f 3842 3844 3843
o finish.961
v 23.013315 0.000000 -24.342163
v 23.065170 0.000000 -24.984676
v 23.206264 0.000000 -24.326591
v 23.258120 0.000000 -24.969105
s 1
usemtl Material.005
f 3846 3847 3845
f 3846 3848 3847
o finish.962
v 23.062983 0.000000 -24.948114
v 23.114838 0.000000 -25.590628
v 23.255932 0.000000 -24.932543
v 23.307787 0.000000 -25.575056
s 1
usemtl Material.005
f 3850 3851 3849
f 3850 3852 3851
o finish.963
v 23.096115 0.000000 -25.583597
v 23.410248 0.000000 -26.146477
v 23.265152 0.000000 -25.489262
v 23.579285 0.000000 -26.052141
s 1
usemtl Material.005
f 3854 3855 3853
f 3854 3856 3855
o finish.964
v 23.346100 0.000000 -26.065704
v 23.424355 0.000000 -26.851797
v 23.582169 0.000000 -26.042204
v 23.660423 0.000000 -26.828297
s 1
usemtl Material.005
f 3858 3859 3857
f 3858 3860 3859
o finish.965
v 23.385834 0.000000 -26.453115
v 23.464088 0.000000 -27.239208
v 23.621902 0.000000 -26.429615
v 23.700157 0.000000 -27.215708
s 1
usemtl Material.005
f 3862 3863 3861
f 3862 3864 3863
o finish.966
v 23.458769 0.000000 -27.131947
v 23.482807 0.000000 -27.921560
v 23.695896 0.000000 -27.124727
v 23.719934 0.000000 -27.914341
s 1
usemtl Material.005
f 3866 3867 3865
f 3866 3868 3867
o finish.967
v 23.346975 0.000000 -27.747002
v 23.505102 0.000000 -28.883177
v 23.688177 0.000000 -27.699514
v 23.846304 0.000000 -28.835690
s 1
usemtl Material.005
f 3870 3871 3869
f 3870 3872 3871
o finish.968
v 23.466562 0.000000 -28.640650
v 23.855623 0.000000 -29.719784
v 23.790632 0.000000 -28.523811
v 24.179693 0.000000 -29.602945
s 1
usemtl Material.005
f 3874 3875 3873
f 3874 3876 3875
o finish.969
v 23.824173 0.000000 -29.645935
v 24.213234 0.000000 -30.725069
v 24.148243 0.000000 -29.529097
v 24.537304 0.000000 -30.608231
s 1
usemtl Material.005
f 3878 3879 3877
f 3878 3880 3879
o finish.970
v 23.947350 0.000000 -29.963812
v 24.336411 0.000000 -31.042946
v 24.271420 0.000000 -29.846973
v 24.660480 0.000000 -30.926107
s 1
usemtl Material.005
f 3882 3883 3881
f 3882 3884 3883
o finish.971
v 24.314856 0.000000 -30.768120
v 23.957664 0.000000 -31.858219
v 24.642220 0.000000 -30.875385
v 24.285028 0.000000 -31.965485
s 1
usemtl Material.005
f 3886 3887 3885
f 3886 3888 3887
o finish.972
v 24.087278 0.000000 -31.535206
v 23.717623 0.000000 -32.621140
v 24.413393 0.000000 -31.646215
v 24.043737 0.000000 -32.732151
s 1
usemtl Material.005
f 3890 3891 3889
f 3890 3892 3891
o finish.973
v 23.781267 0.000000 -32.440788
v 23.440670 0.000000 -33.536182
v 24.110222 0.000000 -32.543072
v 23.769625 0.000000 -33.638466
s 1
usemtl Material.005
f 3894 3895 3893
f 3894 3896 3895
o finish.974
v 23.707022 0.000000 -33.353062
v 22.835821 0.000000 -33.581898
v 23.775743 0.000000 -33.614689
v 22.904543 0.000000 -33.843525
s 1
usemtl Material.005
f 3898 3899 3897
f 3898 3900 3899
o finish.975
v 22.942118 0.000000 -33.522202
v 22.108166 0.000000 -33.862614
v 23.044346 0.000000 -33.772640
v 22.210394 0.000000 -34.113052
s 1
usemtl Material.005
f 3902 3903 3901
f 3902 3904 3903
o finish.976
v 22.330540 0.000000 -33.697712
v 21.617306 0.000000 -34.247852
v 22.495750 0.000000 -33.911900
v 21.782516 0.000000 -34.462040
s 1
usemtl Material.005
f 3906 3907 3905
f 3906 3908 3907
o finish.977
v 21.765766 0.000000 -34.203945
v 20.890768 0.000000 -34.417801
v 21.829988 0.000000 -34.466713
v 20.954990 0.000000 -34.680569
s 1
usemtl Material.005
f 3910 3911 3909
f 3910 3912 3911
o finish.978
v 21.042282 0.000000 -34.399349
v 20.142204 0.000000 -34.434196
v 21.052746 0.000000 -34.669647
v 20.152668 0.000000 -34.704494
s 1
usemtl Material.005
f 3914 3915 3913
f 3914 3916 3915
o finish.979
v 20.228132 0.000000 -34.420444
v 19.336628 0.000000 -34.291695
v 20.189468 0.000000 -34.688171
v 19.297964 0.000000 -34.559422
s 1
usemtl Material.005
f 3918 3919 3917
f 3918 3920 3919
o finish.980
v 19.422316 0.000000 -34.282169
v 18.530811 0.000000 -34.153419
v 19.383652 0.000000 -34.549896
v 18.492147 0.000000 -34.421146
s 1
usemtl Material.005
f 3922 3923 3921
f 3922 3924 3923
o finish.981
v 18.717121 0.000000 -34.148251
v 17.820101 0.000000 -34.066349
v 18.692526 0.000000 -34.417629
v 17.795506 0.000000 -34.335728
s 1
usemtl Material.005
f 3926 3927 3925
f 3926 3928 3927
o finish.982
v 17.885233 0.000000 -34.236336
v 17.595514 0.000000 -33.943535
v 17.797304 0.000000 -34.323341
v 17.507586 0.000000 -34.030540
s 1
usemtl Material.005
f 3930 3931 3929
f 3930 3932 3931
o finish.983
v 17.628666 0.000000 -34.014400
v 17.544952 0.000000 -33.611088
v 17.507549 0.000000 -34.039539
v 17.423836 0.000000 -33.636227
s 1
usemtl Material.005
f 3934 3935 3933
f 3934 3936 3935
o finish.984
v 17.597147 0.000000 -33.668831
v 17.639284 0.000000 -33.148251
v 17.440813 0.000000 -33.656178
v 17.482950 0.000000 -33.135597
s 1
usemtl Material.005
f 3938 3939 3937
f 3938 3940 3939
o finish.985
v 17.651716 0.000000 -33.237637
v 17.649607 0.000000 -32.715359
v 17.494875 0.000000 -33.238270
v 17.492765 0.000000 -32.715992
s 1
usemtl Material.005
f 3942 3943 3941
f 3942 3944 3943
o finish.986
v 17.645544 0.000000 -32.779926
v 17.766489 0.000000 -32.271843
v 17.492964 0.000000 -32.743607
v 17.613909 0.000000 -32.235523
s 1
usemtl Material.005
f 3946 3947 3945
f 3946 3948 3947
o finish.987
v 17.848053 0.000000 -32.546501
v 17.523045 0.000000 -31.791887
v 17.621437 0.000000 -32.644104
v 17.296429 0.000000 -31.889488
s 1
usemtl Material.005
f 3950 3951 3949
f 3950 3952 3951
o finish.988
v 17.446201 0.000000 -31.542868
v 17.560898 0.000000 -30.729286
v 17.201878 0.000000 -31.508423
v 17.316574 0.000000 -30.694841
s 1
usemtl Material.005
f 3954 3955 3953
f 3954 3956 3955
o finish.989
v 17.490517 0.000000 -32.004333
v 17.340309 0.000000 -31.563337
v 17.358082 0.000000 -32.049442
v 17.207874 0.000000 -31.608446
s 1
usemtl Material.005
f 3958 3959 3957
f 3958 3960 3959
o finish.990
v 17.290709 0.000000 -31.679848
v 17.271477 0.000000 -31.444271
v 17.219963 0.000000 -31.685623
v 17.200731 0.000000 -31.450047
s 1
usemtl Material.005
f 3962 3963 3961
f 3962 3964 3963
o finish.991
v 17.681833 0.000000 -30.897749
v 17.239235 0.000000 -29.872183
v 17.373848 0.000000 -31.030664
v 16.931250 0.000000 -30.005098
s 1
usemtl Material.005
f 3966 3967 3965
f 3966 3968 3967
o finish.992
v 17.515841 0.000000 -30.648266
v 17.066523 0.000000 -30.092056
v 17.348806 0.000000 -30.783199
v 16.899488 0.000000 -30.226990
s 1
usemtl Material.005
f 3970 3971 3969
f 3970 3972 3971
o finish.993
v 17.016407 0.000000 -30.201916
v 16.861778 0.000000 -29.831291
v 16.905106 0.000000 -30.248352
v 16.750477 0.000000 -29.877728
s 1
usemtl Material.005
f 3974 3975 3973
f 3974 3976 3975
o finish.994
v 16.862452 0.000000 -29.890434
v 16.870293 0.000000 -29.575312
v 16.767818 0.000000 -29.888079
v 16.775660 0.000000 -29.572956
s 1
usemtl Material.005
f 3978 3979 3977
f 3978 3980 3979
o finish.995
v 16.859856 0.000000 -29.630123
v 16.992849 0.000000 -29.344332
v 16.774031 0.000000 -29.590185
v 16.907024 0.000000 -29.304394
s 1
usemtl Material.005
f 3982 3983 3981
f 3982 3984 3983
o finish.996
v 16.992640 0.000000 -29.313190
v 16.912199 0.000000 -28.976315
v 16.891474 0.000000 -29.337349
v 16.811033 0.000000 -29.000473
s 1
usemtl Material.005
f 3986 3987 3985
f 3986 3988 3987
o finish.997
v 16.934977 0.000000 -28.995977
v 16.876875 0.000000 -28.601202
v 16.816423 0.000000 -29.013426
v 16.758322 0.000000 -28.618650
s 1
usemtl Material.005
f 3990 3991 3989
f 3990 3992 3991
o finish.998
v 16.875191 0.000000 -28.634964
v 16.817089 0.000000 -28.240189
v 16.756638 0.000000 -28.652412
v 16.698536 0.000000 -28.257637
s 1
usemtl Material.005
f 3994 3995 3993
f 3994 3996 3995
o finish.999
v 16.821844 0.000000 -28.275066
v 16.852949 0.000000 -27.877253
v 16.702379 0.000000 -28.265726
v 16.733484 0.000000 -27.867912
s 1
usemtl Material.005
f 3998 3999 3997
f 3998 4000 3999
o finish.1000
v 16.842415 0.000000 -27.938641
v 16.922298 0.000000 -27.547691
v 16.725010 0.000000 -27.914650
v 16.804893 0.000000 -27.523701
s 1
usemtl Material.005
f 4002 4003 4001
f 4002 4004 4003
o finish.1001
v 16.929794 0.000000 -27.605219
v 17.009678 0.000000 -27.214270
v 16.812389 0.000000 -27.581228
v 16.892273 0.000000 -27.190279
s 1
usemtl Material.005
f 4006 4007 4005
f 4006 4008 4007
o finish.1002
v 16.989758 0.000000 -27.533554
v 16.903307 0.000000 -27.144003
v 16.872774 0.000000 -27.559515
v 16.786324 0.000000 -27.169964
s 1
usemtl Material.005
f 4010 4011 4009
f 4010 4012 4011
o finish.1003
v 16.912571 0.000000 -27.176727
v 16.914358 0.000000 -26.777704
v 16.792742 0.000000 -27.176191
v 16.794529 0.000000 -26.777168
s 1
usemtl Material.005
f 4014 4015 4013
f 4014 4016 4015
o finish.1004
v 16.916916 0.000000 -26.848410
v 16.567535 0.000000 -26.655649
v 16.859028 0.000000 -26.953329
v 16.509647 0.000000 -26.760569
s 1
usemtl Material.005
f 4018 4019 4017
f 4018 4020 4019
o finish.1005
v 16.390871 0.000000 -25.995598
v 16.511356 0.000000 -26.770069
v 16.623451 0.000000 -25.959415
v 16.743937 0.000000 -26.733887
s 1
usemtl Material.005
f 4022 4021 4023
f 4022 4023 4024
o finish.1006
v 16.019674 0.000000 -25.589621
v 16.533401 0.000000 -26.181572
v 16.197441 0.000000 -25.435345
v 16.711168 0.000000 -26.027296
s 1
usemtl Material.005
f 4026 4025 4027
f 4026 4027 4028
o finish.1007
v 15.681941 0.000000 -24.900358
v 16.030083 0.000000 -25.602583
v 15.892824 0.000000 -24.795809
v 16.240965 0.000000 -25.498034
s 1
usemtl Material.005
f 4030 4029 4031
f 4030 4031 4032
o finish.1008
v 15.217057 0.000000 -24.732346
v 15.903521 0.000000 -25.110619
v 15.330654 0.000000 -24.526196
v 16.017118 0.000000 -24.904469
s 1
usemtl Material.005
f 4034 4033 4035
f 4034 4035 4036
o finish.1009
v 15.076762 0.000000 -24.708389
v 15.367311 0.000000 -24.812555
v 15.108045 0.000000 -24.621138
v 15.398593 0.000000 -24.725304
s 1
usemtl Material.005
f 4038 4037 4039
f 4038 4039 4040
o finish.1010
v 14.893696 0.000000 -24.271975
v 15.074498 0.000000 -24.710136
v 15.025279 0.000000 -24.217678
v 15.206081 0.000000 -24.655840
s 1
usemtl Material.005
f 4042 4041 4043
f 4042 4043 4044
o finish.1011
v 14.832178 0.000000 -23.829515
v 14.908670 0.000000 -24.297302
v 14.972658 0.000000 -23.806545
v 15.049150 0.000000 -24.274332
s 1
usemtl Material.005
f 4046 4045 4047
f 4046 4047 4048
o finish.1012
v 14.888298 0.000000 -23.402699
v 14.829752 0.000000 -23.726471
v 14.985529 0.000000 -23.420280
v 14.926983 0.000000 -23.744053
s 1
usemtl Material.005
f 4050 4049 4051
f 4050 4051 4052
o finish.1013
v 14.970805 0.000000 -23.219072
v 14.880329 0.000000 -23.408947
v 15.027826 0.000000 -23.246243
v 14.937350 0.000000 -23.436117
s 1
usemtl Material.005
f 4054 4053 4055
f 4054 4055 4056
o finish.1014
v 14.913477 0.000000 -23.934288
v 14.892303 0.000000 -23.719376
v 14.848938 0.000000 -23.940647
v 14.827765 0.000000 -23.725735
s 1
usemtl Material.005
f 4058 4059 4057
f 4058 4060 4059
