# Blender 4.2.0
# www.blender.org
mtllib terrain.mtl
o BézierCurve.011
v 19.196636 0.000000 -35.463276
v 19.282345 0.000000 -35.473656
v 19.364489 0.000000 -35.488449
v 19.446722 0.000000 -35.507141
v 19.533403 0.000000 -35.525032
v 19.630589 0.000000 -35.534851
v 19.745333 0.000000 -35.529396
v 19.884975 0.000000 -35.502316
v 20.056477 0.000000 -35.448959
v 20.262934 0.000000 -35.373405
v 20.497156 0.000000 -35.287903
v 20.727093 0.000000 -35.214325
v 20.925655 0.000000 -35.168816
v 21.097040 0.000000 -35.148621
v 21.250595 0.000000 -35.149467
v 21.394466 0.000000 -35.171825
v 21.535200 0.000000 -35.220741
v 21.672747 -0.000000 -35.302208
v 21.809093 0.000000 -35.426254
v 21.942297 0.000000 -35.601482
v 22.063580 0.000000 -35.819462
v 22.162886 0.000000 -36.050587
v 22.231110 0.000000 -36.266602
v 22.263422 0.000000 -36.455482
v 22.267565 0.000000 -36.608597
v 22.199795 0.000000 -36.913952
v 22.046003 0.000000 -37.150074
v 21.826073 0.000000 -37.367241
v 21.520531 0.000000 -37.665630
v 21.258968 0.000000 -38.008724
v 21.081289 0.000000 -38.255463
v 20.942640 0.000000 -38.386158
v 20.822765 0.000000 -38.454865
v 20.717112 0.000000 -38.485447
v 20.623806 0.000000 -38.493614
v 20.548275 0.000000 -38.493687
v 20.497601 0.000000 -38.488590
v 20.387835 0.000000 -38.501472
v 20.268513 -0.000000 -38.590454
v 20.129597 0.000000 -38.712864
v 19.972914 0.000000 -38.828110
v 19.818207 -0.000000 -38.901199
v 19.678957 0.000000 -38.922745
v 19.546268 0.000000 -38.897186
v 19.388769 -0.000000 -38.821136
v 19.167654 -0.000000 -38.706226
v 18.893364 0.000000 -38.601143
v 18.646276 0.000000 -38.487610
v 18.462254 -0.000000 -38.378048
v 18.206535 -0.000000 -38.311745
v 17.882402 0.000000 -38.359245
v 17.420456 0.000000 -38.162041
v 17.151295 0.000000 -37.677124
v 16.988026 0.000000 -37.082199
v 16.962154 -0.000000 -36.560314
v 17.056721 0.000000 -36.186108
v 17.175365 0.000000 -35.980778
v 17.272362 0.000000 -35.860649
v 17.342548 -0.000000 -35.774914
v 17.408283 0.000000 -35.709682
v 17.497881 0.000000 -35.665810
v 17.604576 0.000000 -35.637596
v 17.704054 0.000000 -35.616322
v 17.793579 0.000000 -35.598141
v 17.871664 0.000000 -35.581215
v 17.938240 0.000000 -35.564941
v 17.994268 0.000000 -35.549156
v 18.041410 0.000000 -35.533783
v 18.081703 0.000000 -35.518593
v 18.117332 0.000000 -35.503159
v 18.150490 0.000000 -35.486805
v 18.183279 0.000000 -35.468662
v 18.217627 0.000000 -35.447639
v 18.271225 0.000000 -35.421791
v 18.330492 0.000000 -35.409012
v 18.396759 0.000000 -35.406322
v 18.470181 0.000000 -35.410034
v 18.550192 0.000000 -35.416393
v 18.635864 0.000000 -35.422928
v 18.725639 0.000000 -35.428711
v 18.818502 0.000000 -35.433617
v 18.913988 0.000000 -35.438877
v 19.010542 0.000000 -35.445648
v 19.105717 0.000000 -35.454288
v -1.610315 0.000000 -1.221642
v -1.404041 0.000000 -1.212311
v -1.176891 0.000000 -1.202122
v -0.932232 0.000000 -1.191463
v -0.673388 0.000000 -1.180714
v -0.403744 0.000000 -1.170269
v -0.126530 0.000000 -1.160557
v 0.154987 0.000000 -1.151936
v 0.437576 0.000000 -1.144833
v 0.717997 0.000000 -1.139698
v 0.993004 0.000000 -1.136959
v 1.259407 0.000000 -1.137135
v 1.513912 0.000000 -1.140736
v 1.661713 0.000000 -1.154102
v 1.776115 0.000000 -1.185349
v 1.860628 0.000000 -1.232044
v 1.918816 0.000000 -1.291874
v 1.954208 0.000000 -1.362442
v 1.970396 0.000000 -1.441418
v 1.970964 0.000000 -1.526451
v 1.959539 0.000000 -1.615211
v 1.939774 0.000000 -1.705345
v 1.915352 0.000000 -1.794521
v 1.890007 0.000000 -1.880367
v 1.867573 0.000000 -1.960514
v 1.829409 0.000000 -2.049633
v 1.766659 0.000000 -2.126057
v 1.682308 0.000000 -2.191555
v 1.579346 0.000000 -2.247879
v 1.460688 0.000000 -2.296604
v 1.329060 0.000000 -2.339256
v 1.187168 0.000000 -2.377365
v 1.037640 0.000000 -2.412502
v 0.883060 0.000000 -2.446285
v 0.725979 0.000000 -2.480389
v 0.568951 0.000000 -2.516560
v 0.414486 0.000000 -2.556606
v 0.198368 0.000000 -2.603199
v -0.018738 0.000000 -2.625000
v -0.234917 0.000000 -2.625607
v -0.447990 0.000000 -2.608780
v -0.655491 0.000000 -2.578449
v -0.854673 0.000000 -2.538418
v -1.042557 0.000000 -2.492451
v -1.215965 0.000000 -2.444214
v -1.371765 0.000000 -2.397285
v -1.506779 0.000000 -2.355274
v -1.617981 0.000000 -2.321827
v -1.702351 0.000000 -2.300640
v -1.752972 0.000000 -2.291473
v -1.804480 0.000000 -2.282562
v -1.855726 0.000000 -2.272213
v -1.905615 0.000000 -2.258785
v -1.952990 0.000000 -2.240597
v -1.996746 0.000000 -2.216015
v -2.035782 0.000000 -2.183414
v -2.068970 0.000000 -2.141205
v -2.095299 0.000000 -2.087814
v -2.113697 0.000000 -2.021725
v -2.123196 0.000000 -1.941418
v -2.122791 0.000000 -1.845413
v -2.124207 0.000000 -1.799538
v -2.130323 0.000000 -1.744747
v -2.137386 0.000000 -1.683399
v -2.141590 0.000000 -1.617886
v -2.139112 0.000000 -1.550526
v -2.126083 0.000000 -1.483685
v -2.098675 0.000000 -1.419651
v -2.053009 0.000000 -1.360718
v -1.985222 0.000000 -1.309177
v -1.891409 0.000000 -1.267300
v -1.767735 0.000000 -1.237362
v 12.293804 -0.000000 -26.509964
v 12.357944 -0.000000 -26.429125
v 12.455629 0.000000 -26.339956
v 12.573982 -0.000000 -26.242790
v 12.694501 0.000000 -26.147423
v 12.818263 0.000000 -26.057398
v 12.932667 0.000000 -25.984035
v 13.037352 0.000000 -25.932343
v 13.135770 0.000000 -25.900818
v 13.240219 0.000000 -25.888178
v 13.360607 0.000000 -25.897692
v 13.501322 0.000000 -25.906233
v 13.675548 -0.000000 -25.867884
v 13.876025 0.000000 -25.807774
v 14.080500 0.000000 -25.815153
v 14.316883 -0.000000 -26.024261
v 14.907044 0.000000 -27.077461
v 15.108006 0.000000 -27.691719
v 14.813953 0.000000 -28.378803
v 14.902675 -0.000000 -28.980936
v 14.992140 0.000000 -29.596331
v 15.099453 -0.000000 -30.095284
v 15.037880 -0.000000 -30.614853
v 15.377811 0.000000 -31.421013
v 15.619461 -0.000000 -33.123039
v 15.411050 0.000000 -33.489464
v 15.319484 0.000000 -33.806812
v 15.379826 0.000000 -34.128067
v 15.328260 0.000000 -34.686260
v 15.000607 0.000000 -35.424381
v 14.540244 0.000000 -36.403214
v 14.118474 0.000000 -36.864372
v 13.529190 -0.000000 -36.761124
v 13.393564 0.000000 -36.760067
v 13.188360 0.000000 -36.733932
v 12.887815 0.000000 -36.688412
v 12.598066 0.000000 -36.653393
v 11.434698 0.000000 -36.369953
v 10.279028 0.000000 -36.317387
v 9.997597 0.000000 -36.193165
v 9.370423 0.000000 -36.024445
v 8.253365 0.000000 -35.937370
v 7.661213 0.000000 -35.585655
v 6.616590 -0.000000 -35.712753
v 5.843009 0.000000 -35.728928
v 5.215667 0.000000 -35.705227
v 4.590624 0.000000 -35.773796
v 4.123610 0.000000 -35.768768
v 3.922518 0.000000 -35.752899
v 3.519609 0.000000 -35.826008
v 2.943674 0.000000 -35.966053
v 1.712482 -0.000000 -36.172810
v 0.814186 0.000000 -35.815853
v 0.370197 0.000000 -35.165257
v 0.341881 0.000000 -34.676895
v 0.184963 0.000000 -34.023987
v 0.178226 0.000000 -33.300121
v 0.171179 0.000000 -32.571991
v 0.126259 0.000000 -32.123791
v 0.114473 0.000000 -31.882376
v 0.103798 0.000000 -31.693289
v 0.080387 0.000000 -31.432421
v 0.081018 0.000000 -31.016214
v 0.207266 0.000000 -30.285683
v 0.318592 0.000000 -29.557392
v 0.325823 -0.000000 -28.933266
v 0.422028 0.000000 -28.399120
v 0.526739 0.000000 -27.792080
v 0.844702 0.000000 -27.464952
v 1.125816 0.000000 -27.118561
v 1.384239 0.000000 -26.728077
v 1.631002 0.000000 -26.353512
v 1.858547 0.000000 -26.034851
v 2.056492 -0.000000 -25.785419
v 2.281023 -0.000000 -25.542023
v 2.509066 -0.000000 -25.319101
v 2.709536 -0.000000 -25.157587
v 2.905130 -0.000000 -25.043398
v 3.107405 -0.000000 -24.972746
v 3.347494 0.000000 -24.927876
v 3.609764 0.000000 -24.927574
v 3.831821 0.000000 -25.008293
v 4.010769 0.000000 -25.099602
v 4.176964 0.000000 -25.170301
v 4.338327 0.000000 -25.218189
v 4.565100 0.000000 -25.290339
v 4.890666 0.000000 -25.465693
v 5.465167 0.000000 -25.592905
v 6.125581 0.000000 -26.023264
v 7.228005 0.000000 -26.307760
v 7.654289 0.000000 -26.858315
v 8.382473 0.000000 -26.954494
v 9.097482 -0.000000 -26.983444
v 9.664526 0.000000 -27.281475
v 10.417740 0.000000 -27.265680
v 10.795632 0.000000 -27.368080
v 11.088748 0.000000 -27.349541
v 11.338619 0.000000 -27.163160
v 11.571173 -0.000000 -26.970623
v 11.797267 -0.000000 -26.867538
v 12.012434 -0.000000 -26.830555
v 12.151937 -0.000000 -26.791351
v 12.215620 -0.000000 -26.730616
v 12.246551 -0.000000 -26.673416
v 12.261244 -0.000000 -26.627508
v 12.268734 0.000000 -26.590487
v 12.274537 0.000000 -26.559496
v 12.282154 -0.000000 -26.532856
v -1.260345 0.000000 -38.312733
v -1.108513 0.000000 -38.309647
v -0.959276 0.000000 -38.315216
v -0.812027 0.000000 -38.326084
v -0.665918 0.000000 -38.340569
v -0.514683 0.000000 -38.358833
v -0.356108 0.000000 -38.379448
v -0.185146 0.000000 -38.396713
v 0.032400 0.000000 -38.393471
v 0.328049 0.000000 -38.358215
v 0.688139 0.000000 -38.290741
v 1.044159 0.000000 -38.221737
v 1.349243 0.000000 -38.195610
v 1.621851 0.000000 -38.201302
v 2.067104 0.000000 -38.234852
v 3.068417 0.000000 -38.800694
v 3.715855 -0.000000 -39.665699
v 3.971230 0.000000 -40.315571
v 4.309457 0.000000 -40.944069
v 4.474434 0.000000 -41.319283
v 4.491533 -0.000000 -41.481018
v 4.670899 -0.000000 -41.840488
v 5.414078 0.000000 -42.519337
v 5.864212 -0.000000 -42.997395
v 5.954865 -0.000000 -43.081409
v 5.973805 0.000000 -43.327606
v 5.871758 -0.000000 -43.585670
v 5.949457 -0.000000 -43.556789
v 5.915699 -0.000000 -43.713448
v 5.535018 0.000000 -44.211578
v 5.324346 0.000000 -44.478340
v 5.090884 0.000000 -44.705406
v 4.666404 0.000000 -44.969231
v 4.230646 0.000000 -45.177956
v 3.935360 0.000000 -45.240685
v 3.690270 0.000000 -45.271526
v 3.377434 -0.000000 -45.320518
v 2.432213 0.000000 -45.547028
v 2.084379 0.000000 -45.682007
v 1.715050 0.000000 -45.728920
v 1.329466 -0.000000 -45.773415
v 0.989727 0.000000 -45.816978
v 0.677721 0.000000 -45.876595
v 0.403576 0.000000 -45.934956
v 0.157675 0.000000 -46.004692
v -0.042887 -0.000000 -46.046276
v -0.223930 -0.000000 -46.079521
v -0.398163 -0.000000 -46.114716
v -0.570026 0.000000 -46.152473
v -0.930305 0.000000 -46.225487
v -1.434769 0.000000 -46.293652
v -1.996857 0.000000 -46.273438
v -2.661427 0.000000 -46.092663
v -3.227570 -0.000000 -45.791420
v -3.470135 -0.000000 -45.383415
v -3.825216 0.000000 -44.647099
v -4.148705 -0.000000 -43.695427
v -4.784813 -0.000000 -43.084171
v -5.061783 -0.000000 -42.273197
v -5.112225 0.000000 -41.670486
v -5.019978 -0.000000 -41.197475
v -4.927547 -0.000000 -40.735359
v -4.826313 -0.000000 -40.326073
v -4.739388 0.000000 -40.033882
v -4.616022 0.000000 -39.835938
v -4.484407 -0.000000 -39.701797
v -4.352823 -0.000000 -39.604687
v -4.232973 0.000000 -39.528717
v -4.131147 -0.000000 -39.466141
v -4.047756 -0.000000 -39.411720
v -3.979422 -0.000000 -39.361214
v -3.922472 -0.000000 -39.312126
v -3.872692 0.000000 -39.261963
v -3.784550 -0.000000 -39.185974
v -3.659918 0.000000 -39.105797
v -3.499500 0.000000 -39.019943
v -3.297136 0.000000 -38.925385
v -3.040710 0.000000 -38.814888
v -2.749876 0.000000 -38.694408
v -2.457607 0.000000 -38.575546
v -2.170635 0.000000 -38.467609
v -1.898512 0.000000 -38.390591
v -1.651100 0.000000 -38.345516
v -1.436239 0.000000 -38.323006
v 7.751611 0.000000 -36.866428
v 7.969653 0.000000 -36.926498
v 8.217068 -0.000000 -36.957520
v 8.507246 -0.000000 -36.949696
v 8.771179 0.000000 -36.933640
v 9.007327 -0.000000 -36.927471
v 9.261756 0.000000 -36.890041
v 9.533694 -0.000000 -36.815910
v 9.813963 0.000000 -36.658451
v 10.010268 0.000000 -36.595814
v 10.187178 -0.000000 -36.583870
v 10.400506 0.000000 -36.596920
v 10.648661 0.000000 -36.637199
v 10.941763 -0.000000 -36.799648
v 11.160276 0.000000 -37.048538
v 11.316561 0.000000 -37.188213
v 11.451363 0.000000 -37.304947
v 11.596352 0.000000 -37.450035
v 11.813418 0.000000 -37.692966
v 12.152811 0.000000 -37.996449
v 12.555716 0.000000 -38.295750
v 12.823358 0.000000 -38.636978
v 13.026528 0.000000 -38.965145
v 13.138319 0.000000 -39.248928
v 13.186803 0.000000 -39.456753
v 13.211188 0.000000 -40.033764
v 13.127398 0.000000 -40.861378
v 12.950551 0.000000 -41.358368
v 12.822236 0.000000 -41.908901
v 12.616844 0.000000 -42.028790
v 12.413316 0.000000 -42.145649
v 12.155408 0.000000 -42.433010
v 11.842301 0.000000 -43.143471
v 11.639254 -0.000000 -43.447552
v 11.470509 -0.000000 -43.562477
v 11.197058 -0.000000 -43.609238
v 10.796833 -0.000000 -43.428005
v 10.297519 0.000000 -43.291973
v 9.777337 0.000000 -43.548470
v 8.991831 0.000000 -43.664413
v 8.541929 0.000000 -43.510513
v 8.306679 0.000000 -43.480415
v 8.138178 0.000000 -43.456272
v 8.010052 0.000000 -43.370880
v 7.921080 0.000000 -43.221600
v 7.862007 0.000000 -43.068661
v 7.832272 0.000000 -42.923908
v 7.804043 0.000000 -42.797176
v 7.742981 0.000000 -42.692863
v 7.466080 0.000000 -42.528126
v 7.074029 0.000000 -42.284874
v 6.921686 0.000000 -41.962898
v 6.749237 0.000000 -41.459442
v 5.661057 -0.000000 -40.772152
v 5.019590 0.000000 -39.865616
v 4.935865 0.000000 -39.339672
v 4.671946 0.000000 -39.043949
v 4.480417 0.000000 -38.722836
v 4.378233 0.000000 -38.344696
v 4.378107 0.000000 -38.001419
v 4.472284 0.000000 -37.704819
v 4.607209 0.000000 -37.445938
v 4.722321 0.000000 -37.246090
v 4.824509 0.000000 -37.088303
v 4.918462 0.000000 -36.959961
v 5.006809 0.000000 -36.854046
v 5.090517 0.000000 -36.766537
v 5.169307 0.000000 -36.694950
v 5.241779 0.000000 -36.638783
v 5.308992 0.000000 -36.596333
v 5.374948 0.000000 -36.561939
v 5.444328 0.000000 -36.531761
v 5.522608 0.000000 -36.502960
v 5.649235 0.000000 -36.478752
v 5.776908 0.000000 -36.492455
v 5.906601 0.000000 -36.529209
v 6.064365 0.000000 -36.560654
v 6.283276 0.000000 -36.570992
v 6.567489 0.000000 -36.567471
v 6.876358 0.000000 -36.565426
v 7.115940 0.000000 -36.590565
v 7.280063 0.000000 -36.643623
v 7.413284 0.000000 -36.716015
v 7.559144 0.000000 -36.792049
v 2.322838 0.000000 -46.258148
v 2.389400 0.000000 -46.200119
v 2.451706 0.000000 -46.154655
v 2.509487 0.000000 -46.119812
v 2.564009 0.000000 -46.093781
v 2.618202 0.000000 -46.074272
v 2.676102 0.000000 -46.057774
v 2.741398 0.000000 -46.042213
v 2.818672 0.000000 -46.024925
v 2.913010 -0.000000 -46.003017
v 3.026333 -0.000000 -45.974667
v 3.158978 -0.000000 -45.939930
v 3.307610 0.000000 -45.901047
v 3.476402 -0.000000 -45.858891
v 3.677252 0.000000 -45.807098
v 3.903525 -0.000000 -45.746105
v 4.127062 -0.000000 -45.687508
v 4.316763 0.000000 -45.643341
v 4.466331 0.000000 -45.612816
v 4.587296 0.000000 -45.592316
v 4.688735 0.000000 -45.582554
v 4.777348 0.000000 -45.582924
v 4.858610 0.000000 -45.594776
v 4.938363 0.000000 -45.621094
v 5.022984 0.000000 -45.666969
v 5.308486 0.000000 -45.793026
v 5.567698 0.000000 -45.916164
v 5.712646 0.000000 -46.101677
v 5.794962 0.000000 -46.373074
v 5.890213 0.000000 -46.723160
v 5.937586 0.000000 -47.071178
v 5.880723 0.000000 -47.419029
v 5.781635 0.000000 -47.686523
v 5.713072 -0.000000 -47.818760
v 5.633946 0.000000 -47.917038
v 5.534534 0.000000 -47.991566
v 5.425828 0.000000 -48.042713
v 5.115215 -0.000000 -48.147346
v 4.848965 0.000000 -48.187660
v 4.643305 0.000000 -48.177605
v 4.495811 0.000000 -48.151173
v 4.383135 0.000000 -48.120613
v 4.295819 0.000000 -48.100525
v 4.221909 -0.000000 -48.083332
v 4.154664 0.000000 -48.063416
v 4.092466 -0.000000 -48.044506
v 4.034023 0.000000 -48.029774
v 3.978376 0.000000 -48.021889
v 3.925232 0.000000 -48.022575
v 3.811958 0.000000 -48.032753
v 3.635031 0.000000 -48.019623
v 3.406090 0.000000 -47.972290
v 3.141989 0.000000 -47.869789
v 2.877880 0.000000 -47.767288
v 2.647875 0.000000 -47.726273
v 2.512890 0.000000 -47.732040
v 2.411701 0.000000 -47.750385
v 2.313837 0.000000 -47.752449
v 2.220308 0.000000 -47.725945
v 2.138994 0.000000 -47.669495
v 2.075390 0.000000 -47.586060
v 2.020935 0.000000 -47.487915
v 1.976299 0.000000 -47.398987
v 1.942165 0.000000 -47.318859
v 1.917747 0.000000 -47.248329
v 1.901024 0.000000 -47.187603
v 1.889851 0.000000 -47.136028
v 1.882381 0.000000 -47.092182
v 1.877268 0.000000 -47.054108
v 1.873611 0.000000 -47.019707
v 1.870928 0.000000 -46.986839
v 1.869007 0.000000 -46.953335
v 1.867914 0.000000 -46.917046
v 1.871662 0.000000 -46.863026
v 1.883867 0.000000 -46.811291
v 1.903442 0.000000 -46.760620
v 1.929447 0.000000 -46.709816
v 1.961178 0.000000 -46.658104
v 1.998112 0.000000 -46.605106
v 2.039856 0.000000 -46.550716
v 2.086405 0.000000 -46.494942
v 2.138046 0.000000 -46.438065
v 2.194916 0.000000 -46.379997
v 2.256653 0.000000 -46.320545
v 7.522387 0.000000 -47.497383
v 7.470333 0.000000 -47.457664
v 7.432537 0.000000 -47.422218
v 7.406335 0.000000 -47.390675
v 7.389027 0.000000 -47.362228
v 7.377853 0.000000 -47.335625
v 7.369952 0.000000 -47.309162
v 7.362385 0.000000 -47.280724
v 7.352126 0.000000 -47.247627
v 7.335587 0.000000 -47.206028
v 7.309828 0.000000 -47.150280
v 7.274257 0.000000 -47.070358
v 7.235863 0.000000 -46.950512
v 7.201439 0.000000 -46.784283
v 7.198011 0.000000 -46.566490
v 7.265073 0.000000 -46.306374
v 7.433255 0.000000 -46.040359
v 7.633549 0.000000 -45.817833
v 7.752771 0.000000 -45.626259
v 7.824070 0.000000 -45.446144
v 7.894598 -0.000000 -45.291611
v 7.971185 -0.000000 -45.163490
v 8.060507 0.000000 -45.053173
v 8.165259 0.000000 -44.962002
v 8.285185 -0.000000 -44.895283
v 8.586588 -0.000000 -44.771511
v 8.837004 0.000000 -44.681175
v 9.092092 0.000000 -44.578205
v 9.335762 0.000000 -44.502686
v 9.548496 0.000000 -44.473305
v 9.775255 0.000000 -44.435005
v 10.152651 0.000000 -44.307907
v 10.737053 -0.000000 -44.315407
v 10.939872 -0.000000 -44.196980
v 11.100688 -0.000000 -44.156605
v 11.315790 -0.000000 -44.194141
v 11.491900 -0.000000 -44.259468
v 11.007559 -0.000000 -44.921124
v 10.853241 0.000000 -45.445396
v 10.771326 0.000000 -45.762825
v 10.610653 0.000000 -46.002426
v 10.441643 0.000000 -46.174141
v 10.326282 0.000000 -46.300068
v 10.259173 0.000000 -46.398273
v 10.219025 0.000000 -46.480026
v 10.194958 0.000000 -46.551373
v 10.176391 0.000000 -46.615742
v 10.161834 0.000000 -46.674702
v 10.150879 0.000000 -46.729286
v 10.128821 0.000000 -46.838974
v 10.075771 0.000000 -46.997375
v 9.961699 0.000000 -47.190941
v 9.767497 0.000000 -47.386009
v 9.559466 0.000000 -47.578506
v 9.390224 0.000000 -47.773361
v 9.228456 0.000000 -47.999207
v 9.025101 0.000000 -48.191925
v 8.807177 0.000000 -48.288624
v 8.616187 0.000000 -48.309288
v 8.458955 0.000000 -48.278332
v 8.336760 0.000000 -48.197044
v 8.247114 0.000000 -48.091614
v 8.185684 0.000000 -48.011196
v 8.135558 0.000000 -47.957142
v 8.090927 0.000000 -47.923477
v 8.050536 0.000000 -47.903534
v 8.014132 0.000000 -47.892067
v 7.981277 0.000000 -47.885551
v 7.951332 0.000000 -47.881538
v 7.923076 0.000000 -47.878704
v 7.894976 0.000000 -47.876198
v 7.865294 0.000000 -47.873180
v 7.832215 0.000000 -47.868279
v 7.786971 0.000000 -47.850712
v 7.751864 0.000000 -47.823513
v 7.724792 0.000000 -47.791599
v 7.704052 0.000000 -47.758610
v 7.688159 0.000000 -47.725746
v 7.675594 0.000000 -47.693741
v 7.664468 0.000000 -47.662842
v 7.652281 0.000000 -47.632702
v 7.635752 0.000000 -47.602444
v 7.611030 0.000000 -47.570793
v 7.574240 0.000000 -47.536327
v 11.942387 0.000000 -47.884392
v 11.906391 0.000000 -47.806194
v 11.874788 0.000000 -47.730404
v 11.846716 0.000000 -47.656380
v 11.821182 0.000000 -47.582874
v 11.797754 0.000000 -47.508907
v 11.777138 0.000000 -47.434387
v 11.760925 0.000000 -47.359470
v 11.755028 0.000000 -47.286835
v 11.758970 0.000000 -47.216976
v 11.763327 0.000000 -47.147919
v 11.759447 0.000000 -47.079693
v 11.742783 0.000000 -47.013744
v 11.715605 0.000000 -46.947144
v 11.690825 0.000000 -46.872704
v 11.688618 0.000000 -46.780708
v 11.731529 0.000000 -46.663147
v 11.840477 0.000000 -46.517708
v 12.009219 0.000000 -46.345299
v 12.179614 0.000000 -46.156136
v 12.360098 0.000000 -46.004204
v 12.503057 0.000000 -45.883568
v 12.594110 0.000000 -45.756336
v 12.673371 0.000000 -45.641499
v 12.760561 0.000000 -45.540649
v 12.997379 0.000000 -45.343704
v 13.220470 0.000000 -45.253967
v 13.428476 0.000000 -45.252403
v 13.620729 0.000000 -45.318386
v 13.823380 -0.000000 -45.434582
v 14.079178 0.000000 -45.574444
v 14.332481 -0.000000 -45.694229
v 14.519001 -0.000000 -45.787922
v 14.648092 0.000000 -45.899899
v 14.745364 -0.000000 -46.041248
v 14.825197 -0.000000 -46.199928
v 14.888275 0.000000 -46.361176
v 14.972184 0.000000 -46.756931
v 14.980082 0.000000 -47.000763
v 14.941103 0.000000 -47.187084
v 14.891968 0.000000 -47.345352
v 14.856361 0.000000 -47.486504
v 14.832582 0.000000 -47.609970
v 14.800986 0.000000 -47.714333
v 14.760669 0.000000 -47.803513
v 14.715177 0.000000 -47.880722
v 14.667802 0.000000 -47.947941
v 14.622334 0.000000 -48.006401
v 14.583376 0.000000 -48.056690
v 14.511077 0.000000 -48.147850
v 14.404824 0.000000 -48.262089
v 14.272244 0.000000 -48.381618
v 14.121768 0.000000 -48.490910
v 13.958559 0.000000 -48.583870
v 13.787383 0.000000 -48.664085
v 13.615338 0.000000 -48.737446
v 13.449394 0.000000 -48.804672
v 13.293276 0.000000 -48.860195
v 13.146916 0.000000 -48.895000
v 13.006924 0.000000 -48.899235
v 12.867008 0.000000 -48.864952
v 12.725813 0.000000 -48.813610
v 12.608136 0.000000 -48.773190
v 12.514666 0.000000 -48.740120
v 12.442136 0.000000 -48.712597
v 12.385933 0.000000 -48.689690
v 12.341768 0.000000 -48.670685
v 12.306184 0.000000 -48.654858
v 12.276407 0.000000 -48.641495
v 12.250207 0.000000 -48.629795
v 12.225665 0.000000 -48.618958
v 12.201096 0.000000 -48.608128
v 12.174982 0.000000 -48.596382
v 12.139629 0.000000 -48.572529
v 12.111679 0.000000 -48.538101
v 12.089726 0.000000 -48.494686
v 12.072441 0.000000 -48.443878
v 12.058544 0.000000 -48.387093
v 12.046873 0.000000 -48.325359
v 12.036360 0.000000 -48.259464
v 12.026005 0.000000 -48.190086
v 12.014627 0.000000 -48.118103
v 11.999136 0.000000 -48.043026
v 11.975845 0.000000 -47.964546
v 17.188997 0.000000 -39.267288
v 17.346550 0.000000 -39.274731
v 17.478748 0.000000 -39.288845
v 17.590183 0.000000 -39.307693
v 17.686274 0.000000 -39.330376
v 17.772604 0.000000 -39.356770
v 17.854885 0.000000 -39.387497
v 17.939178 0.000000 -39.423950
v 18.032280 0.000000 -39.468475
v 18.142155 0.000000 -39.524605
v 18.278910 0.000000 -39.597321
v 18.452311 0.000000 -39.692528
v 18.663874 0.000000 -39.813831
v 18.896570 0.000000 -39.961380
v 19.118109 0.000000 -40.136013
v 19.317348 0.000000 -40.359158
v 19.493299 0.000000 -40.629707
v 19.614851 0.000000 -40.917805
v 19.617332 0.000000 -41.268196
v 19.459618 -0.000000 -41.700298
v 19.119440 0.000000 -42.182030
v 18.626778 0.000000 -42.668594
v 18.138958 0.000000 -43.082481
v 17.741196 -0.000000 -43.399147
v 17.428871 -0.000000 -43.642406
v 17.070303 -0.000000 -44.020672
v 17.001015 0.000000 -44.190594
v 16.925798 -0.000000 -44.283417
v 16.818699 -0.000000 -44.334995
v 16.680553 -0.000000 -44.363041
v 16.502636 0.000000 -44.371380
v 16.276588 0.000000 -44.351643
v 16.045191 0.000000 -44.303360
v 15.866383 0.000000 -44.247620
v 15.713392 0.000000 -44.186283
v 15.544580 0.000000 -44.101513
v 15.358540 0.000000 -43.979710
v 14.882872 0.000000 -43.303062
v 14.814655 0.000000 -42.767643
v 14.466832 0.000000 -42.499786
v 14.096691 0.000000 -42.265343
v 13.984444 0.000000 -42.065411
v 14.001722 0.000000 -41.854317
v 14.162033 0.000000 -41.641308
v 14.228173 0.000000 -41.455109
v 14.205868 0.000000 -41.339447
v 14.191989 0.000000 -41.247131
v 14.184403 -0.000000 -41.177479
v 14.188555 -0.000000 -41.120094
v 14.234714 -0.000000 -41.015995
v 14.409557 -0.000000 -40.868416
v 14.682434 0.000000 -40.675858
v 14.864275 -0.000000 -40.480465
v 15.017564 -0.000000 -40.277920
v 15.118906 0.000000 -40.119167
v 15.191539 0.000000 -39.982445
v 15.236967 0.000000 -39.810658
v 15.241538 0.000000 -39.622345
v 15.251087 0.000000 -39.451736
v 15.283461 0.000000 -39.322025
v 15.329380 0.000000 -39.231758
v 15.383512 0.000000 -39.165215
v 15.439463 0.000000 -39.117653
v 15.496016 0.000000 -39.085697
v 15.552337 0.000000 -39.066227
v 15.607466 0.000000 -39.056423
v 15.660957 0.000000 -39.053730
v 15.712959 0.000000 -39.056011
v 15.764360 0.000000 -39.061691
v 15.816933 0.000000 -39.069832
v 15.873409 0.000000 -39.080051
v 15.937531 0.000000 -39.092346
v 16.013794 0.000000 -39.106754
v 16.124336 0.000000 -39.128517
v 16.214308 0.000000 -39.150127
v 16.289516 0.000000 -39.171608
v 16.358845 0.000000 -39.193363
v 16.428497 0.000000 -39.215107
v 16.502396 0.000000 -39.235367
v 16.583048 0.000000 -39.252121
v 16.672228 0.000000 -39.262840
v 16.771729 0.000000 -39.266106
v 16.888607 0.000000 -39.265438
v 17.028095 0.000000 -39.265301
v 27.207043 0.000000 -37.452503
v 27.278831 0.000000 -37.616352
v 27.348295 0.000000 -37.778965
v 27.418854 0.000000 -37.953743
v 27.492252 0.000000 -38.155918
v 27.574623 0.000000 -38.403328
v 27.678583 0.000000 -38.724670
v 27.784668 0.000000 -39.122265
v 27.835747 0.000000 -39.489014
v 27.840191 0.000000 -39.738750
v 27.829308 0.000000 -39.913715
v 27.809692 0.000000 -40.062775
v 27.784729 0.000000 -40.196857
v 27.755993 0.000000 -40.326710
v 27.723997 0.000000 -40.459293
v 27.689425 0.000000 -40.592804
v 27.648373 0.000000 -40.722599
v 27.602547 0.000000 -40.845730
v 27.552055 0.000000 -40.962772
v 27.493258 0.000000 -41.073429
v 27.425116 0.000000 -41.172848
v 27.347767 0.000000 -41.257504
v 27.262537 0.000000 -41.334316
v 27.130756 0.000000 -41.477127
v 26.853178 0.000000 -41.717087
v 24.637970 -0.000000 -41.920177
v 24.018831 0.000000 -41.616390
v 23.548122 0.000000 -40.918144
v 23.225920 -0.000000 -40.695923
v 23.055544 0.000000 -40.577579
v 22.956900 0.000000 -40.479519
v 22.894630 0.000000 -40.403473
v 22.849291 0.000000 -40.343491
v 22.815098 0.000000 -40.288303
v 22.785963 0.000000 -40.235542
v 22.750147 0.000000 -40.186047
v 22.705744 0.000000 -40.141354
v 22.599197 0.000000 -39.957867
v 22.584827 0.000000 -39.663757
v 22.597202 0.000000 -39.380337
v 22.618654 -0.000000 -39.162937
v 22.646200 0.000000 -38.997902
v 22.676508 -0.000000 -38.866913
v 22.707384 0.000000 -38.760178
v 22.739777 0.000000 -38.670605
v 22.772684 0.000000 -38.591290
v 22.806438 0.000000 -38.516670
v 22.843027 0.000000 -38.441002
v 22.886086 0.000000 -38.357803
v 22.991104 0.000000 -38.174255
v 23.139669 0.000000 -37.941933
v 23.315304 0.000000 -37.682178
v 23.517475 0.000000 -37.397984
v 23.712330 0.000000 -37.071426
v 24.008877 0.000000 -36.699509
v 24.434307 0.000000 -36.404499
v 24.717224 0.000000 -36.205120
v 24.913094 0.000000 -36.067184
v 25.098927 0.000000 -35.967247
v 25.296419 0.000000 -35.918728
v 25.489040 0.000000 -35.912292
v 25.680387 0.000000 -35.922981
v 25.849312 0.000000 -35.940529
v 25.992062 0.000000 -35.963249
v 26.108536 0.000000 -35.988625
v 26.201550 0.000000 -36.014378
v 26.275322 0.000000 -36.038994
v 26.334356 0.000000 -36.061817
v 26.382792 0.000000 -36.082893
v 26.424250 0.000000 -36.102802
v 26.461782 0.000000 -36.122482
v 26.497944 0.000000 -36.143116
v 26.534897 0.000000 -36.166130
v 26.586618 0.000000 -36.205036
v 26.634148 0.000000 -36.250912
v 26.680155 0.000000 -36.305168
v 26.726448 0.000000 -36.369514
v 26.773857 0.000000 -36.445953
v 26.822475 0.000000 -36.535664
v 26.874149 0.000000 -36.641289
v 26.928444 0.000000 -36.766346
v 26.986610 0.000000 -36.916504
v 27.052856 0.000000 -37.089199
v 27.128759 0.000000 -37.272118
v 14.203472 0.000000 4.354763
v 14.331228 0.000000 4.649940
v 14.525702 0.000000 4.938812
v 14.796961 0.000000 5.169628
v 15.201740 0.000000 5.259689
v 16.042267 0.000000 4.648869
v 17.325317 0.000000 4.279961
v 18.057678 0.000000 4.119614
v 18.950001 0.000000 3.666393
v 19.804358 0.000000 3.486286
v 20.672550 0.000000 3.292938
v 21.743626 0.000000 3.108253
v 22.486301 0.000000 2.834751
v 22.743214 0.000000 2.633091
v 23.057407 0.000000 2.442730
v 23.394936 0.000000 2.287254
v 23.673418 0.000000 2.158859
v 23.878319 0.000000 2.038635
v 24.022141 0.000000 1.909359
v 24.135601 0.000000 1.750389
v 24.279118 0.000000 1.525978
v 24.494202 0.000000 1.239914
v 24.668812 0.000000 0.985802
v 24.755836 0.000000 0.797901
v 24.779400 0.000000 0.655056
v 24.667061 -0.000000 0.395935
v 24.150084 0.000000 0.091476
v 23.451366 -0.000000 -0.498142
v 22.792471 -0.000000 -0.631264
v 22.308306 -0.000000 -0.817429
v 21.982155 -0.000000 -0.955193
v 21.743805 -0.000000 -0.986328
v 21.532150 -0.000000 -0.913883
v 21.233154 0.000000 -0.747417
v 20.554272 0.000000 -0.946163
v 20.011501 0.000000 -1.027733
v 19.766665 0.000000 -0.787369
v 18.666172 0.000000 -1.165844
v 17.769192 0.000000 -1.122822
v 17.377344 0.000000 -1.088665
v 16.974207 0.000000 -1.002373
v 16.671162 0.000000 -1.043655
v 16.455429 0.000000 -1.249416
v 16.287823 0.000000 -1.499088
v 16.147923 0.000000 -1.670990
v 16.025391 0.000000 -1.764240
v 15.908853 0.000000 -1.805622
v 15.788778 0.000000 -1.812164
v 15.656414 0.000000 -1.792683
v 15.411256 0.000000 -1.713818
v 15.205750 0.000000 -1.551403
v 15.041048 0.000000 -1.295158
v 14.901630 0.000000 -0.985432
v 14.778181 0.000000 -0.664936
v 14.672166 0.000000 -0.376957
v 14.588096 0.000000 -0.122009
v 14.528547 0.000000 0.105930
v 14.491504 0.000000 0.312923
v 14.472928 0.000000 0.504158
v 14.469167 0.000000 0.683025
v 14.478140 0.000000 0.851761
v 14.488854 0.000000 1.020073
v 14.491305 0.000000 1.193806
v 14.486459 0.000000 1.370747
v 14.475602 0.000000 1.548405
v 14.460078 0.000000 1.724361
v 14.434355 0.000000 1.921783
v 14.398500 0.000000 2.140820
v 14.353141 0.000000 2.369511
v 14.303049 0.000000 2.588596
v 14.256283 0.000000 2.773430
v 14.218182 0.000000 2.907883
v 14.191854 0.000000 2.983425
v 14.171329 0.000000 3.021130
v 14.146652 0.000000 3.057526
v 14.120436 0.000000 3.096222
v 14.095217 0.000000 3.141140
v 14.073523 0.000000 3.196434
v 14.057799 0.000000 3.266361
v 14.050238 0.000000 3.356571
v 14.052228 0.000000 3.476997
v 14.065218 0.000000 3.636654
v 14.091382 0.000000 3.841030
v 14.134884 0.000000 4.086224
v 19.746855 0.000000 5.618664
v 19.811939 0.000000 5.804646
v 19.968508 0.000000 6.064083
v 20.382311 0.000000 6.497356
v 21.848957 0.000000 7.445698
v 22.967438 0.000000 7.987694
v 23.185644 0.000000 8.187435
v 23.531826 0.000000 8.302761
v 24.329266 0.000000 8.827477
v 24.665625 0.000000 9.445152
v 25.048298 0.000000 9.842079
v 25.439014 0.000000 9.938118
v 25.719231 0.000000 9.937435
v 25.962067 0.000000 9.915333
v 26.272099 0.000000 9.875168
v 26.641987 0.000000 9.850895
v 27.035227 0.000000 9.889217
v 27.405455 0.000000 9.982597
v 27.718904 0.000000 10.065216
v 27.946684 0.000000 10.125828
v 28.106403 0.000000 10.157497
v 28.229362 0.000000 10.153484
v 28.337002 0.000000 10.107349
v 28.438404 0.000000 10.012402
v 28.533478 0.000000 9.859699
v 28.656822 0.000000 9.454556
v 28.651770 0.000000 9.069286
v 28.561108 0.000000 8.728283
v 28.431187 0.000000 8.427776
v 28.297224 0.000000 8.158749
v 28.176456 0.000000 7.914761
v 28.071581 0.000000 7.691006
v 27.977818 0.000000 7.482994
v 27.887505 0.000000 7.286407
v 27.784403 0.000000 7.097622
v 27.662674 0.000000 6.911854
v 27.519756 0.000000 6.722305
v 27.084473 0.000000 6.153088
v 26.768532 0.000000 5.635952
v 26.587883 0.000000 5.200397
v 26.501278 0.000000 4.848568
v 26.463152 0.000000 4.555962
v 26.446400 0.000000 4.320393
v 26.433411 0.000000 4.133347
v 26.414597 0.000000 3.983387
v 26.383953 0.000000 3.860722
v 26.337990 0.000000 3.755322
v 26.274239 0.000000 3.656460
v 26.189520 0.000000 3.553574
v 26.009056 0.000000 3.369770
v 25.806372 0.000000 3.238079
v 25.556534 0.000000 3.175919
v 25.241623 0.000000 3.184696
v 24.860538 0.000000 3.223293
v 24.433754 0.000000 3.273998
v 23.927261 0.000000 3.368404
v 23.402508 0.000000 3.498547
v 22.911301 0.000000 3.634872
v 22.476044 0.000000 3.778313
v 22.080442 0.000000 3.914913
v 21.711800 0.000000 4.044041
v 21.286779 0.000000 4.197163
v 20.840506 0.000000 4.355808
v 20.489983 0.000000 4.493572
v 20.239000 0.000000 4.621357
v 20.063063 0.000000 4.742489
v 19.943134 0.000000 4.851776
v 19.865526 0.000000 4.945370
v 19.816917 0.000000 5.021568
v 19.786785 0.000000 5.080433
v 19.768522 0.000000 5.122784
v 19.758177 0.000000 5.149506
v 19.753572 0.000000 5.161285
v 19.752283 0.000000 5.162849
v 19.751598 0.000000 5.161629
v 19.750809 0.000000 5.160393
v 19.749184 0.000000 5.161922
v 19.746103 0.000000 5.168949
v 19.741123 0.000000 5.184307
v 19.734253 0.000000 5.210793
v 19.726257 0.000000 5.251354
v 19.719015 0.000000 5.309086
v 19.715961 0.000000 5.387173
v 19.722630 0.000000 5.489002
v 16.546429 0.000000 14.212688
v 16.682644 0.000000 14.125286
v 16.825985 0.000000 13.887009
v 16.979208 0.000000 13.535366
v 17.159861 0.000000 13.125851
v 17.396383 0.000000 12.726303
v 17.706173 0.000000 12.380711
v 18.128433 0.000000 12.040833
v 18.705330 0.000000 11.736221
v 19.283915 0.000000 11.355198
v 19.842688 0.000000 10.825226
v 20.351778 0.000000 10.370663
v 20.716475 0.000000 10.086727
v 20.989992 0.000000 9.877369
v 21.242491 0.000000 9.670963
v 21.460636 0.000000 9.438671
v 21.651758 0.000000 9.187817
v 21.763348 0.000000 9.009686
v 21.809866 0.000000 8.891167
v 21.829662 0.000000 8.800888
v 21.834494 0.000000 8.720905
v 21.821045 0.000000 8.644566
v 21.788792 0.000000 8.571781
v 21.748650 0.000000 8.516560
v 21.720114 0.000000 8.506989
v 21.618629 0.000000 8.476231
v 21.311148 0.000000 8.212589
v 20.854408 0.000000 7.860909
v 20.417171 0.000000 7.609531
v 19.733660 0.000000 7.232098
v 19.147083 0.000000 7.016712
v 18.899166 0.000000 6.874176
v 18.626057 0.000000 6.818176
v 18.269207 0.000000 6.906483
v 17.931620 0.000000 7.104282
v 17.623915 0.000000 7.188274
v 17.232204 0.000000 7.283913
v 16.101599 0.000000 7.325268
v 15.411100 0.000000 7.349869
v 15.056822 0.000000 7.545818
v 14.825447 0.000000 7.772152
v 14.650375 0.000000 7.992970
v 14.511541 0.000000 8.191730
v 14.401442 0.000000 8.362911
v 14.316946 0.000000 8.509792
v 14.256447 0.000000 8.641594
v 14.218880 0.000000 8.770451
v 14.203516 0.000000 8.909290
v 14.209665 0.000000 9.071762
v 14.245615 0.000000 9.401211
v 14.291639 0.000000 9.719990
v 14.346169 0.000000 10.018513
v 14.406307 0.000000 10.315624
v 14.465683 0.000000 10.604649
v 14.521397 0.000000 10.878254
v 14.573788 0.000000 11.131985
v 14.624878 0.000000 11.363823
v 14.677259 0.000000 11.573490
v 14.733578 0.000000 11.761604
v 14.796602 0.000000 11.929447
v 14.868547 0.000000 12.078583
v 14.950647 0.000000 12.227158
v 15.044041 0.000000 12.388435
v 15.149633 0.000000 12.558384
v 15.265646 0.000000 12.732906
v 15.387575 0.000000 12.907772
v 15.509390 0.000000 13.078350
v 15.625021 0.000000 13.240063
v 15.729401 0.000000 13.388420
v 15.818558 0.000000 13.519142
v 15.889603 0.000000 13.628109
v 15.940302 0.000000 13.711224
v 15.968613 0.000000 13.764393
v 15.982292 0.000000 13.800171
v 15.995550 0.000000 13.841503
v 16.010349 0.000000 13.886887
v 16.028667 0.000000 13.934872
v 16.052462 0.000000 13.983921
v 16.083717 0.000000 14.032478
v 16.124495 0.000000 14.078979
v 16.176912 0.000000 14.121803
v 16.243025 0.000000 14.159019
v 16.325090 0.000000 14.188557
v 16.425436 0.000000 14.207645
v 21.420444 0.000000 25.138233
v 21.623158 0.000000 25.138302
v 21.846884 0.000000 25.138165
v 22.088583 0.000000 25.137318
v 22.345242 0.000000 25.135410
v 22.613625 0.000000 25.132137
v 22.890409 0.000000 25.127392
v 23.172165 0.000000 25.121166
v 23.455469 0.000000 25.113396
v 23.736824 0.000000 25.104156
v 24.012745 0.000000 25.093338
v 24.279444 0.000000 25.079922
v 24.528378 0.000000 25.051090
v 24.669823 0.000000 25.015903
v 24.778023 0.000000 24.963936
v 24.857494 0.000000 24.899231
v 24.912308 0.000000 24.824989
v 24.946341 0.000000 24.743713
v 24.963255 0.000000 24.657627
v 24.966602 0.000000 24.568562
v 24.959858 0.000000 24.478260
v 24.946371 0.000000 24.388237
v 24.929403 0.000000 24.300102
v 24.912241 0.000000 24.215298
v 24.898117 0.000000 24.135616
v 24.870865 0.000000 24.048813
v 24.819572 0.000000 23.978687
v 24.746353 0.000000 23.922009
v 24.653362 0.000000 23.875729
v 24.542662 0.000000 23.836700
v 24.416349 0.000000 23.801903
v 24.276951 0.000000 23.768665
v 24.128159 0.000000 23.737720
v 23.973551 0.000000 23.709747
v 23.815874 0.000000 23.682629
v 23.657946 0.000000 23.654366
v 23.502764 0.000000 23.622601
v 23.283644 0.000000 23.590260
v 23.060596 0.000000 23.586910
v 22.839716 0.000000 23.608223
v 22.625153 0.000000 23.648064
v 22.419447 0.000000 23.698952
v 22.224964 0.000000 23.754509
v 22.044777 0.000000 23.811150
v 21.881481 0.000000 23.866291
v 21.736603 0.000000 23.917416
v 21.611727 0.000000 23.962021
v 21.509144 0.000000 23.997204
v 21.431795 0.000000 24.019413
v 21.385900 0.000000 24.028980
v 21.339172 0.000000 24.038345
v 21.292269 0.000000 24.049351
v 21.245695 0.000000 24.063808
v 21.200094 0.000000 24.083721
v 21.155977 0.000000 24.110809
v 21.114052 0.000000 24.146938
v 21.075092 0.000000 24.193672
v 21.040110 0.000000 24.252617
v 21.010323 0.000000 24.324982
v 20.987305 0.000000 24.412018
v 20.972755 0.000000 24.514721
v 20.964956 0.000000 24.563511
v 20.951962 0.000000 24.621685
v 20.937778 0.000000 24.686562
v 20.926622 0.000000 24.755314
v 20.922529 0.000000 24.825356
v 20.929485 0.000000 24.893948
v 20.951462 0.000000 24.958652
v 20.992323 0.000000 25.016941
v 21.055882 0.000000 25.066448
v 21.145947 0.000000 25.104744
v 21.266245 0.000000 25.129478
v 51.710255 0.000000 42.336544
v -24.394264 0.000000 42.336491
v 51.710197 0.000000 -63.653408
v -24.394268 0.000000 -63.653419
v 29.902424 0.000000 27.555576
v 29.999180 0.000000 27.629940
v 29.800604 0.000000 27.492146
v 30.179934 0.000000 28.037647
v 30.194965 0.000000 27.911137
v 30.158134 0.000000 27.802574
v 29.658873 0.000000 27.394691
v 29.908905 0.000000 28.351284
v 29.506840 0.000000 27.212063
v 29.296246 0.000000 28.679920
v 28.881641 0.000000 28.829090
v 29.637785 0.000000 28.520580
v 29.318747 0.000000 26.822788
v 28.374893 0.000000 28.949780
v 30.092813 0.000000 28.183819
v 27.885967 0.000000 29.062870
v 27.618317 0.000000 29.143612
v 27.520033 0.000000 24.872639
v 30.528786 0.000000 20.630947
v 30.500488 0.000000 20.053669
v 30.536106 0.000000 18.906422
v 30.225039 0.000000 18.270306
v 29.875450 0.000000 17.791775
v 29.495083 0.000000 17.295551
v 29.030638 0.000000 16.860977
v 28.634605 0.000000 16.493221
v 28.321228 0.000000 16.064785
v 28.063641 -0.000000 15.541145
v 27.852779 0.000000 14.654148
v 28.760729 0.000000 13.517742
v 28.587856 0.000000 13.626957
v 26.964565 0.000000 24.486576
v 28.111059 0.000000 23.313301
v 27.201656 0.000000 24.720303
v 26.771959 0.000000 24.231289
v 26.844255 0.000000 23.588516
v 26.629414 0.000000 24.107002
v 26.663687 0.000000 24.150490
v 26.607971 0.000000 24.055702
v 26.604042 0.000000 23.935253
v 26.621449 0.000000 23.869781
v 26.980846 0.000000 29.392368
v 26.652212 0.000000 23.801910
v 26.710724 0.000000 24.188545
v 26.697777 0.000000 23.731647
v 26.836298 0.000000 24.308758
v 26.951395 0.000000 23.521591
v 27.384102 0.000000 23.396259
v 27.277187 0.000000 29.314182
v 27.444674 0.000000 29.229160
v 29.009535 0.000000 26.161411
v 28.510895 0.000000 25.424397
v 27.957077 0.000000 25.035957
v 29.077381 0.000000 22.933025
v 29.674002 0.000000 22.694862
v 29.889372 0.000000 22.540531
v 30.054789 0.000000 22.297024
v 30.263866 0.000000 22.002251
v 30.471601 0.000000 21.706219
v 30.593672 0.000000 21.412598
v 30.606716 0.000000 21.089619
v 28.310097 0.000000 13.911152
v 29.198082 0.000000 12.924580
v 29.132126 0.000000 12.078300
v 29.035660 0.000000 11.150368
v 28.494934 0.000000 21.485630
v 28.824907 -0.000000 20.822842
v 27.875587 0.000000 21.760166
v 28.670355 -0.000000 21.104130
v 26.787754 -0.000000 21.820282
v 29.019911 -0.000000 20.597481
v 29.043831 -0.000000 20.445240
v 26.157108 0.000000 22.043354
v 26.443277 -0.000000 21.881481
v 27.249172 -0.000000 21.825294
v 28.937737 -0.000000 20.686859
v 25.790926 0.000000 22.138256
v 27.807274 0.000000 17.853237
v 26.978062 0.000000 17.407078
v 24.034214 0.000000 22.414509
v 24.255510 0.000000 22.409840
v 26.088917 0.000000 14.269238
v 24.534597 0.000000 22.445656
v 26.045708 0.000000 13.776897
v 24.897329 0.000000 22.356232
v 26.373417 0.000000 16.711216
v 25.968048 0.000000 15.994331
v 26.599522 0.000000 23.997711
v 28.701649 0.000000 18.911655
v 23.656307 0.000000 22.477985
v 24.088528 0.000000 22.381329
v 22.594751 0.000000 22.755135
v 23.168554 0.000000 22.600437
v 22.011368 0.000000 22.818695
v 21.377367 -0.000000 13.568428
v 23.256420 0.000000 13.188316
v 23.493702 0.000000 13.208694
v 20.239000 0.000000 30.312443
v 19.877176 0.000000 30.272015
v 19.704660 0.000000 15.282108
v 19.160885 0.000000 16.346039
v 19.531918 0.000000 23.572556
v 18.939001 0.000000 30.191090
v 19.880327 0.000000 23.235229
v 19.172873 0.000000 23.848686
v 17.681971 0.000000 15.975163
v 18.628866 0.000000 29.995365
v 18.158974 0.000000 16.277237
v 19.190683 0.000000 30.266468
v 19.525805 0.000000 30.257526
v 18.291533 0.000000 29.714283
v 20.245754 -0.000000 14.326374
v 23.753128 0.000000 30.459141
v 24.001678 0.000000 30.454319
v 23.941751 0.000000 22.456665
v 24.521805 0.000000 13.410969
v 26.580410 0.000000 29.482426
v 17.370743 0.000000 15.632080
v 18.882193 0.000000 24.033886
v 17.175423 0.000000 15.335285
v 17.178173 0.000000 27.788311
v 17.637833 0.000000 24.893059
v 16.992598 0.000000 27.409580
v 17.245731 0.000000 25.366966
v 17.398653 0.000000 25.125530
v 16.147490 0.000000 14.230244
v 17.381947 0.000000 28.277363
v 17.969826 0.000000 24.656696
v 16.662664 0.000000 14.775673
v 18.389734 0.000000 24.369411
v 17.039377 0.000000 25.843494
v 16.815441 0.000000 26.449291
v 16.830975 0.000000 27.156666
v 16.886145 0.000000 26.277271
v 16.960669 0.000000 26.069767
v 16.679789 0.000000 26.713352
v 16.652281 0.000000 26.834042
v 14.843210 0.000000 12.545891
v 15.191412 0.000000 13.085941
v 16.706408 0.000000 26.976383
v 14.643982 0.000000 12.028488
v 17.130823 0.000000 25.608082
v 15.651806 0.000000 13.654606
v 14.521992 0.000000 11.526207
v 14.584407 0.000000 -0.731373
v 14.319864 0.000000 10.615707
v 14.418512 0.000000 11.049561
v 14.331746 0.000000 0.595112
v 14.379716 0.000000 0.121014
v 14.431966 0.000000 -0.184551
v 14.112951 0.000000 9.698963
v 14.162033 0.000000 9.935513
v 14.042418 0.000000 8.945450
v 14.231470 0.000000 10.241169
v 14.224335 0.000000 7.231529
v 8.702991 0.000000 -12.913834
v 9.124521 0.000000 -11.511261
v 9.187660 0.000000 -11.130053
v 9.165498 0.000000 -11.267727
v 9.143243 0.000000 -11.395939
v 9.162152 0.000000 -10.738262
v 9.200935 0.000000 -10.995817
v 9.196121 0.000000 -10.888550
v 8.785969 0.000000 -12.610365
v 14.113913 0.000000 8.130810
v 14.814368 0.000000 -1.376286
v 15.126371 0.000000 -1.861366
v 15.540432 0.000000 -2.099628
v 16.003906 0.000000 -2.353977
v 16.501087 0.000000 -2.700146
v 16.975384 0.000000 -3.132050
v 9.116360 0.000000 -11.610336
v 9.108847 0.000000 -11.715042
v 9.062791 0.000000 -11.898979
v 7.190689 0.000000 -12.591717
v 7.009089 0.000000 -13.000080
v 7.204437 0.000000 -12.157070
v 7.051928 0.000000 -12.884371
v 7.066446 0.000000 -11.937721
v 8.998096 0.000000 -10.454567
v 9.098155 0.000000 -10.589069
v 7.228493 0.000000 -12.388039
v 7.121229 0.000000 -12.753906
v 7.686513 0.000000 -14.860493
v 6.965052 0.000000 -13.207787
v 6.884893 0.000000 -13.374348
v 6.527504 0.000000 -11.738037
v 6.714022 0.000000 -11.778851
v 6.930252 0.000000 -13.297726
v 5.955864 0.000000 -11.655029
v 6.837225 0.000000 -13.435429
v 5.285976 0.000000 -11.657423
v 5.447748 0.000000 -11.673201
v 7.056606 0.000000 -10.266994
v 5.668328 0.000000 -11.667530
v 6.140574 0.000000 -15.671333
v 7.325742 0.000000 -10.330915
v 7.692288 0.000000 -10.390230
v 6.268341 0.000000 -11.687937
v 8.153025 0.000000 -10.373625
v 8.547886 0.000000 -10.306709
v 6.987501 0.000000 -13.107708
v 6.938890 0.000000 -15.467529
v 6.731731 0.000000 -10.214828
v 6.393153 0.000000 -13.888187
v 6.894784 0.000000 -17.960598
v 4.766680 0.000000 -11.360836
v 6.213558 0.000000 -10.128605
v 4.856221 0.000000 -11.388369
v 5.299015 0.000000 -15.903328
v 6.175688 0.000000 -14.078316
v 5.861402 0.000000 -14.298273
v 4.602181 0.000000 -11.384768
v 5.997150 0.000000 -14.212608
v 6.280915 0.000000 -18.044086
v 5.521429 0.000000 -10.066784
v 5.693703 0.000000 -14.377766
v 5.553436 0.000000 -14.423222
v 5.491717 0.000000 -14.449333
v 4.119315 0.000000 -11.360710
v 4.314813 0.000000 -16.016273
v 5.403505 0.000000 -14.490242
v 6.566241 0.000000 -19.685780
v 4.419200 0.000000 -11.398830
v 5.324461 0.000000 -10.017147
v 5.763184 0.000000 -14.349045
v 4.261086 0.000000 -11.386971
v 5.600110 0.000000 -14.406979
v 5.738991 0.000000 -18.076910
v 7.162007 0.000000 -19.907150
v 5.678672 0.000000 -10.092169
v 7.872214 0.000000 -14.711315
v 17.957247 0.000000 29.325497
v 17.637796 0.000000 28.829609
v 14.240103 0.000000 6.170914
v 14.148146 0.000000 5.123665
v 14.003645 0.000000 4.340973
v 13.998289 0.000000 3.410778
v 14.203599 0.000000 2.024288
v 14.280896 0.000000 1.216213
v 4.932030 0.000000 -14.645638
v 6.000460 0.000000 -19.536165
v 5.218617 0.000000 -18.127630
v 4.755469 0.000000 -0.939037
v 4.713280 0.000000 -1.629345
v 4.671715 0.000000 -0.250587
v 4.727372 0.000000 -0.590084
v 4.634724 0.000000 -1.952065
v 4.752092 0.000000 -1.288486
v 4.363729 0.000000 -9.916862
v 4.725438 0.000000 -18.209131
v 5.105595 0.000000 -22.090290
v 4.492496 0.000000 0.365055
v 4.339400 0.000000 -2.501186
v 4.247216 0.000000 0.838223
v 4.181190 0.000000 0.908840
v 4.069639 0.000000 1.001701
v 3.543872 0.000000 -15.820671
v 4.160962 0.000000 -18.351927
v 5.459263 0.000000 -19.594837
v 4.376317 0.000000 0.623787
v 4.082784 0.000000 -9.946095
v 3.612431 0.000000 -11.267059
v 3.408302 0.000000 -11.250980
v 4.346960 0.000000 -14.677952
v 4.496173 0.000000 -18.267899
v 4.120725 -0.000000 -22.428268
v 4.592178 0.000000 0.070683
v 4.111365 0.000000 -2.702869
v 4.511842 0.000000 -2.246494
v 3.715748 0.000000 -9.934277
v 3.212112 0.000000 -11.244005
v 3.048071 0.000000 -11.237354
v 3.665127 0.000000 -14.650448
v 2.937267 0.000000 -11.216255
v 3.178581 0.000000 -9.811007
v 2.775026 0.000000 -11.163267
v 3.294460 0.000000 1.507732
v 3.735277 0.000000 1.236576
v 3.525016 0.000000 1.369823
v 5.107393 0.000000 -19.572577
v 3.378506 -0.000000 -23.096483
v 2.797710 0.000000 1.779964
v 2.521549 0.000000 -11.118206
v 3.023277 0.000000 -14.640030
v 2.433451 0.000000 -9.656235
v 4.742470 0.000000 -19.517120
v 2.544197 0.000000 1.905514
v 2.237934 0.000000 -15.846676
v 3.049929 0.000000 1.645901
v 3.186094 0.000000 -23.793739
v 3.918911 0.000000 1.112423
v 5.031243 0.000000 -9.927454
v 4.682411 0.000000 -9.874199
v 4.260069 0.000000 -19.425266
v 2.482574 0.000000 -23.500042
v 1.932186 0.000000 -24.075651
v 1.838982 0.000000 2.187107
v 1.670996 0.000000 -24.268353
v 1.227282 0.000000 -9.673819
v 2.312023 0.000000 -14.595016
v 1.690664 0.000000 -15.871536
v 2.128389 0.000000 -23.882378
v 3.661827 0.000000 -19.423002
v -0.642208 0.000000 -6.337128
v -0.471848 0.000000 -9.202486
v 1.560703 0.000000 -14.516026
v 1.573767 0.000000 2.248554
v 1.263996 0.000000 2.293369
v 0.920862 0.000000 2.323132
v 0.464260 0.000000 -5.396629
v 1.325962 0.000000 -24.510460
v -0.879843 0.000000 -6.673450
v 0.111938 0.000000 -18.358770
v -1.349039 0.000000 -8.615200
v -1.507977 0.000000 -7.314178
v -1.209812 0.000000 -7.021553
v -1.391802 0.000000 -27.446030
v -1.723267 0.000000 -7.875973
v -1.695007 0.000000 -8.057365
v -1.709370 0.000000 -7.694014
v -1.623123 0.000000 -8.236582
v -0.531555 0.000000 -14.492352
v -0.410919 0.000000 -10.837152
v -0.881741 0.000000 -14.475449
v -0.129797 0.000000 -10.920792
v -1.014105 0.000000 -18.501007
v 0.733257 0.000000 -19.744831
v 1.473539 0.000000 -19.602671
v -1.634811 0.000000 -29.202797
v -1.651527 0.000000 -7.512184
v -1.506433 0.000000 -8.422649
v -1.530703 0.000000 -28.346159
v 0.555492 0.000000 2.339413
v 0.670116 0.000000 -5.148281
v 0.864370 0.000000 -24.792156
v 0.268066 0.000000 -25.344139
v -0.389482 0.000000 -26.062275
v 2.295670 0.000000 2.018150
v 2.058487 0.000000 2.113483
v 2.889500 0.000000 -23.546230
v -0.834541 0.000000 -10.676735
v -0.599831 0.000000 -10.772072
v -1.110466 0.000000 -14.477987
v -1.932413 0.000000 -18.513933
v -0.520216 0.000000 -19.942879
v -1.158806 0.000000 -4.688980
v -2.599255 0.000000 -15.958601
v -1.751963 0.000000 -14.539778
v -1.742838 0.000000 -29.996492
v -1.214451 0.000000 2.274006
v -1.171795 0.000000 -4.600441
v -0.905190 0.000000 2.301403
v -1.168201 0.000000 -10.559158
v -1.740889 0.000000 -29.831501
v -1.241413 0.000000 -4.855179
v -1.213303 0.000000 -4.515680
v -1.948601 0.000000 2.127983
v -1.829762 0.000000 2.173939
v -1.554626 0.000000 -5.066607
v -1.311913 0.000000 -4.397198
v -1.720076 0.000000 -19.942719
v -2.660398 0.000000 -18.393911
v -1.687880 0.000000 2.208710
v -1.479061 0.000000 2.242588
v -1.761463 0.000000 -30.220434
v -1.804266 0.000000 -30.475376
v -2.104790 0.000000 2.057995
v -3.279194 0.000000 -16.026039
v -2.302841 0.000000 -14.584555
v -3.213779 0.000000 -8.958374
v -2.791809 0.000000 -14.631355
v -3.927708 0.000000 -18.001343
v -3.640560 0.000000 -18.152527
v -3.353636 0.000000 -18.244684
v -2.353733 0.000000 -19.639887
v -2.960636 0.000000 -3.906441
v -3.359671 0.000000 -8.889404
v -3.633923 0.000000 -7.174631
v -3.641787 0.000000 -7.725113
v -3.624514 0.000000 -8.503689
v -3.672707 0.000000 -8.163668
v -3.680490 0.000000 -8.396280
v -3.461718 0.000000 -8.747665
v -3.799587 0.000000 -16.013824
v -3.228310 0.000000 -14.638062
v -4.269579 0.000000 -17.590782
v -4.150486 0.000000 -17.802996
v -3.065693 0.000000 -19.515718
v -3.149334 0.000000 -6.617287
v -1.984077 0.000000 -5.339779
v -2.016111 0.000000 -10.262638
v -1.550541 0.000000 -10.427662
v -4.060522 0.000000 -16.049162
v -3.633181 0.000000 -14.612553
v -3.975544 0.000000 -14.614479
v -4.310778 0.000000 -17.156984
v -4.343077 0.000000 -16.936613
v -4.369335 0.000000 -16.518944
v -4.371250 0.000000 -16.722197
v -3.978020 0.000000 1.133568
v -4.328232 0.000000 -16.335327
v -3.816620 0.000000 1.205219
v -4.233931 0.000000 -16.178789
v -4.200291 0.000000 1.001064
v -4.754902 0.000000 -1.264233
v -4.196697 0.000000 -3.059719
v -4.801870 0.000000 -1.625977
v -4.460060 0.000000 -2.856342
v -4.103249 0.000000 1.085552
v -4.295307 0.000000 0.823303
v -4.387047 0.000000 0.569031
v -4.474289 0.000000 0.254967
v -4.555880 0.000000 -0.102131
v -4.630621 0.000000 -0.485527
v -3.900751 0.000000 -3.284821
v -4.697376 0.000000 -0.878498
v -3.665947 0.000000 -8.325661
v -4.810841 0.000000 -2.521217
v -4.252419 0.000000 -14.638052
v -4.389019 0.000000 -19.200495
v -4.307230 0.000000 -17.377966
v -3.800024 0.000000 -19.451584
v -4.862869 0.000000 -2.399872
v -5.467369 0.000000 -17.923771
v -6.109043 0.000000 -38.426056
v -5.891644 0.000000 -37.970753
v -5.328897 0.000000 -18.335087
v -5.662535 0.000000 -14.626854
v -5.288893 -0.000000 -37.215996
v -5.600349 0.000000 -37.559242
v -5.933609 0.000000 -14.680843
v -6.156803 0.000000 -14.801285
v -6.304459 0.000000 -15.227077
v -5.891979 0.000000 -17.224133
v -6.289719 0.000000 -14.980587
v -5.697781 0.000000 -17.586836
v -6.368088 0.000000 -39.377151
v -5.967510 0.000000 -16.726103
v -6.081724 0.000000 -15.955944
v -5.994503 0.000000 -16.363705
v -6.547874 0.000000 -40.284172
v -6.512156 0.000000 -40.879059
v -6.218716 0.000000 -15.553837
v -6.466984 0.000000 -39.799767
v -5.935705 0.000000 -17.015423
v -6.257994 0.000000 -38.907261
v -4.836758 0.000000 -1.946980
v -4.857769 0.000000 -2.210472
v -5.002462 0.000000 -37.053089
v -4.670830 0.000000 -2.675404
v -5.366367 0.000000 -14.613663
v -5.030014 0.000000 -14.624001
v -4.793041 0.000000 -14.641575
v -4.917942 0.000000 -14.630497
v -5.177891 0.000000 -18.713383
v -4.884380 0.000000 -18.965061
v -3.555084 0.000000 -3.546276
v -1.831627 0.000000 -30.846910
v -1.658167 0.000000 -32.234791
v -0.562439 0.000000 2.323215
v -0.197292 0.000000 2.337875
v 0.179062 0.000000 2.343796
v -0.964748 0.000000 -26.689898
v -1.741940 0.000000 -29.623600
v 29.411074 0.000000 -41.220695
v 29.386909 0.000000 -41.888191
v 29.126022 0.000000 -42.305756
v 29.246099 0.000000 -40.354755
v 27.663937 0.000000 -12.038465
v 27.391914 -0.000000 -11.062437
v 27.716898 -0.000000 -12.378843
v 28.953802 0.000000 -39.331612
v 28.580818 0.000000 -42.423157
v 27.723320 0.000000 -12.541775
v 26.544367 -0.000000 -9.428879
v 27.719696 -0.000000 -12.657639
v 27.683937 0.000000 -12.863796
v 27.707298 -0.000000 -12.758614
v 24.670387 -0.000000 -7.684155
v 25.776178 0.000000 -8.921082
v 28.008732 0.000000 -42.394756
v 27.293398 0.000000 -13.669609
v 22.331738 -0.000000 -4.349876
v 23.039412 0.000000 -6.103947
v 25.404713 -0.000000 -0.698818
v 23.883968 -0.000000 -1.962727
v 27.236670 0.000000 -13.784634
v 27.196678 0.000000 -13.887621
v 27.366358 0.000000 -13.546444
v 27.136105 0.000000 -14.082520
v 27.424870 0.000000 -42.380219
v 26.833036 0.000000 -31.181526
v 26.959757 0.000000 -32.110016
v 26.979401 0.000000 -32.794205
v 26.951756 0.000000 -31.668167
v 26.776190 0.000000 1.447945
v 26.596996 0.000000 2.720875
v 26.823179 0.000000 0.649750
v 26.525141 0.000000 3.528915
v 26.560219 0.000000 4.532188
v 25.633274 0.000000 -24.952772
v 25.726921 0.000000 -25.727169
v 25.979959 0.000000 -17.373482
v 25.568384 0.000000 -18.288277
v 25.153769 -0.000000 -20.264645
v 25.320910 0.000000 -19.044895
v 25.230808 0.000000 -20.701492
v 25.864975 0.000000 -17.755016
v 25.303843 -0.000000 -21.262707
v 26.033428 0.000000 -16.987688
v 25.160686 0.000000 -21.837387
v 26.184956 0.000000 -16.452347
v 26.346653 0.000000 -15.957176
v 25.338448 0.000000 -23.071568
v 25.413074 0.000000 -23.638876
v 26.911850 0.000000 5.688320
v 27.702744 0.000000 6.894337
v 28.467878 0.000000 8.035545
v 27.062464 0.000000 -14.309864
v 25.686808 0.000000 -26.558609
v 27.593042 0.000000 -13.118294
v 27.646465 0.000000 -12.982338
v 26.079666 0.000000 -27.844889
v 26.268005 0.000000 -28.632387
v 26.438183 0.000000 -29.902754
v 26.620354 0.000000 -30.635431
v 28.562534 0.000000 -38.218098
v 27.663488 0.000000 -35.875019
v 27.301085 0.000000 -34.742180
v 27.080770 0.000000 -33.698792
v 25.369986 0.000000 -12.671017
v 25.346470 0.000000 -12.851871
v 25.053562 0.000000 -12.099964
v 25.287434 0.000000 -12.454042
v 24.681528 0.000000 -11.698013
v 25.040569 0.000000 -13.370472
v 25.265661 0.000000 -13.065136
v 23.746803 0.000000 -27.932796
v 23.590588 0.000000 -26.048054
v 23.883150 0.000000 -28.706173
v 23.729725 0.000000 -27.186001
v 23.791002 0.000000 -28.228600
v 24.265270 0.000000 -29.721832
v 24.104349 0.000000 -11.215466
v 24.631695 0.000000 -14.089401
v 22.380398 0.000000 -34.052315
v 22.883659 0.000000 -20.457483
v 25.207590 0.000000 -19.899069
v 22.133347 0.000000 -34.201424
v 22.521341 0.000000 -10.683369
v 23.199272 0.000000 -11.196917
v 21.958313 0.000000 -10.099762
v 22.992924 -0.000000 -12.414576
v 23.313023 0.000000 -11.747202
v 21.118664 0.000000 -34.647724
v 21.806541 0.000000 -42.461365
v 21.527336 0.000000 -9.675840
v 21.426327 0.000000 -9.601887
v 20.719200 0.000000 -34.715809
v 21.318237 0.000000 -9.549896
v 21.317612 0.000000 -9.658516
v 21.304783 0.000000 -9.579561
v 21.359245 0.000000 -9.560598
v 20.184166 0.000000 -34.700207
v 20.434948 0.000000 -42.373428
v 21.098013 0.000000 -42.429916
v 21.352955 0.000000 -10.150633
v 20.593479 0.000000 -8.844368
v 21.344814 0.000000 -9.786787
v 21.364006 0.000000 -9.953480
v 16.894114 -0.000000 -30.243015
v 17.179270 0.000000 -30.585337
v 21.294495 0.000000 -10.400425
v 17.221243 0.000000 -31.280119
v 17.260546 0.000000 -31.076353
v 20.133003 0.000000 -7.550358
v 21.021046 -0.000000 -11.012049
v 17.225899 0.000000 -31.701124
v 16.878273 -0.000000 -29.350653
v 17.197441 0.000000 -31.485409
v 16.766602 -0.000000 -29.602112
v 21.159664 0.000000 -10.703028
v 16.752378 -0.000000 -29.889256
v 17.281454 0.000000 -30.849892
v 19.918573 0.000000 -42.472046
v 19.039438 0.000000 -34.510010
v 18.555744 0.000000 -34.414852
v 19.089344 0.000000 -43.053719
v 19.606760 0.000000 -34.633614
v 23.349079 0.000000 -10.844198
v 23.731956 0.000000 -10.971560
v 24.362373 0.000000 -14.762022
v 24.103161 0.000000 -15.413034
v 21.720337 0.000000 -14.362391
v 23.732994 0.000000 -15.991226
v 23.359758 0.000000 -16.587378
v 20.984924 0.000000 -15.520412
v 23.158691 0.000000 -17.486115
v 16.791050 -0.000000 -28.938473
v 23.338335 0.000000 -25.609222
v 24.555576 0.000000 -30.538010
v 24.659496 0.000000 -30.885017
v 23.785042 0.000000 -33.611225
v 23.271711 0.000000 -33.774616
v 21.441410 0.000000 -34.588242
v 22.846134 0.000000 -33.851372
v 21.784706 0.000000 -34.469368
v 22.594118 0.000000 -33.950321
v 23.113644 0.000000 -18.188904
v 23.015030 0.000000 -18.930983
v 25.276985 0.000000 -19.528904
v 22.923065 0.000000 -19.728277
v 22.859859 0.000000 -21.208792
v 22.915295 0.000000 -21.999470
v 23.015617 0.000000 -22.816921
v 23.135624 0.000000 -23.639286
v 20.975540 -0.000000 -11.865549
v 19.454838 0.000000 -6.459229
v 20.818733 0.000000 -12.576166
v 19.230965 0.000000 -5.479778
v 19.213856 0.000000 -4.044338
v 16.686813 -0.000000 -28.153749
v 19.950596 0.000000 -13.804441
v 18.555592 0.000000 -3.673923
v 17.659248 0.000000 -34.226093
v 20.087666 0.000000 -13.254322
v 16.786055 -0.000000 -27.176622
v 17.534542 -0.000000 -32.584438
v 17.536819 0.000000 -32.497131
v 16.842461 -0.000000 -27.420454
v 17.786833 0.000000 -34.314163
v 17.507347 0.000000 -32.390171
v 16.763954 0.000000 -27.678513
v 18.206003 0.000000 -34.375721
v 17.952612 0.000000 -34.355461
v 18.224337 0.000000 -43.915241
v 16.779064 -0.000000 -26.915968
v 17.511456 0.000000 -32.657742
v 17.448378 0.000000 -33.849499
v 17.482275 0.000000 -32.860699
v 17.489334 0.000000 -32.737072
v 17.490755 0.000000 -33.987144
v 17.438553 0.000000 -33.565323
v 17.475491 -0.000000 -33.292870
v 17.487492 -0.000000 -33.150314
v 17.453005 0.000000 -33.428364
v 16.508099 -0.000000 -26.768425
v 17.485710 0.000000 -33.004429
v 17.431852 0.000000 -33.707382
v 17.120470 0.000000 -45.281555
v 17.377460 0.000000 -3.712467
v 18.873413 0.000000 -14.747700
v 19.387424 0.000000 -16.915619
v 17.870008 0.000000 -15.798342
v 18.727142 -0.000000 -17.884912
v 17.560658 0.000000 -34.114822
v 17.740620 0.000000 -44.497353
v 16.544651 0.000000 -21.030796
v 14.988859 0.000000 -23.121723
v 14.842694 0.000000 -24.010757
v 14.881960 0.000000 -23.395224
v 14.922508 0.000000 -24.384064
v 15.372229 0.000000 -24.826355
v 15.126241 0.000000 -22.836212
v 15.077725 0.000000 -24.707182
v 15.518684 0.000000 -21.986448
v 16.389301 -0.000000 -26.019455
v 16.042513 0.000000 -25.630650
v 15.425526 0.000000 -22.231541
v 15.283796 0.000000 -22.533096
v 15.718701 0.000000 -25.020945
v 14.917738 0.000000 -20.189442
v 14.850897 -0.000000 -19.859566
v 14.901323 -0.000000 -20.003338
v 13.365118 0.000000 -49.656719
v 12.974857 0.000000 -24.251789
v 12.640030 0.000000 -50.048862
v 13.698494 0.000000 -22.003899
v 14.822622 0.000000 -23.680161
v 13.315799 0.000000 -22.782001
v 14.141608 0.000000 -49.107758
v 15.733366 0.000000 -18.837986
v 16.562067 0.000000 -20.719952
v 15.255819 0.000000 -19.124691
v 16.371305 0.000000 -21.216898
v 14.817276 -0.000000 -20.348248
v 16.086168 0.000000 -21.306969
v 14.571747 -0.000000 -20.454262
v 14.299828 -0.000000 -20.711344
v 14.179783 0.000000 -21.021538
v 13.824814 0.000000 -21.380489
v 13.621521 0.000000 -21.746767
v 13.195032 -0.000000 -23.538750
v 13.171926 0.000000 -24.076694
v 12.696406 0.000000 -24.423199
v 12.496086 0.000000 -24.628815
v 12.318949 0.000000 -24.838438
v 17.409895 -0.000000 -17.012924
v 16.952671 -0.000000 -17.828236
v 18.011230 0.000000 -19.239273
v 16.402096 -0.000000 -18.373135
v 16.188345 0.000000 -18.620913
v 12.114747 0.000000 -25.080084
v 8.505550 0.000000 -13.712980
v 8.682194 0.000000 -13.170458
v 8.644039 0.000000 -13.422218
v 11.686836 0.000000 -25.600367
v 11.428022 0.000000 -25.812796
v 8.148068 0.000000 -14.400818
v 8.246824 0.000000 -14.196114
v 8.366692 0.000000 -13.973749
v 11.906759 0.000000 -25.350498
v 10.344505 0.000000 -26.178625
v 10.790373 0.000000 -26.118586
v 8.300103 0.000000 -21.790546
v 8.570215 0.000000 -21.065495
v 8.541611 0.000000 -21.281780
v 8.463962 0.000000 -21.527504
v 8.029902 0.000000 -14.567165
v 11.132538 0.000000 -25.986830
v 8.636650 0.000000 -20.756737
v 8.033350 0.000000 -22.072714
v 8.720732 0.000000 -20.331936
v 7.761784 0.000000 -22.365086
v 8.687307 0.000000 -19.850739
v 8.643120 0.000000 -19.205540
v 7.337008 0.000000 -22.751863
v 8.358842 0.000000 -18.440498
v 7.090714 0.000000 -20.905012
v 7.512835 0.000000 -18.074675
v 9.794930 0.000000 -26.081524
v 7.252659 0.000000 -20.484421
v 6.872258 0.000000 -21.233517
v 6.633045 0.000000 -21.492085
v 5.028536 0.000000 -23.502241
v 4.768871 0.000000 -24.128677
v 4.782763 0.000000 -24.320179
v 4.867285 0.000000 -24.403168
v 4.807031 0.000000 -23.850918
v 6.368040 0.000000 -21.727293
v 2.869381 0.000000 -48.399582
v 3.799274 0.000000 -48.563866
v 2.109344 0.000000 -48.287872
v -1.649933 0.000000 -32.916031
v -1.867355 0.000000 -34.352005
v -1.792171 0.000000 -36.261681
v -2.071186 0.000000 -36.653957
v -3.167017 0.000000 -46.957150
v -1.803635 0.000000 -35.383430
v -2.655584 0.000000 -47.191967
v -2.619621 0.000000 -36.828098
v -3.629841 0.000000 -46.708122
v -4.364660 0.000000 -46.174488
v -4.033611 0.000000 -46.447666
v -4.586901 -0.000000 -36.840149
v -6.383194 0.000000 -41.513550
v -6.378515 0.000000 -41.902225
v -6.481865 0.000000 -42.089371
v -6.410702 0.000000 -42.430168
v -6.133183 0.000000 -42.961472
v -5.801640 0.000000 -43.596516
v -5.498055 0.000000 -44.272797
v -5.191895 0.000000 -44.905159
v -4.890156 0.000000 -45.454056
v -4.612091 0.000000 -45.890388
v -3.484097 0.000000 -37.095280
v -2.975929 0.000000 -36.914547
v -1.691559 0.000000 -33.672691
v 0.883984 0.000000 -48.108028
v 0.306053 0.000000 -48.007744
v -0.295557 0.000000 -47.888657
v -0.905184 0.000000 -47.748135
v -1.510818 0.000000 -47.586212
v -2.100334 0.000000 -47.402985
v 10.598943 0.000000 -49.972561
v 11.322574 0.000000 -50.095814
v 11.933734 0.000000 -50.164841
v 15.675017 0.000000 -47.347191
v 14.950771 0.000000 -48.368320
v 17.302357 0.000000 -31.910828
vn -0.0000 -1.0000 -0.0000
vt 0.858178 0.474449
vt 0.879797 0.470093
vt 0.893736 0.475472
vt 0.855253 0.526683
vt 0.843314 0.516924
vt 0.893736 0.513834
vt 0.864298 0.007502
vt 0.876304 0.002534
vt 0.886893 0.002229
vt 0.945791 0.158057
vt 0.944712 0.169909
vt 0.943179 0.177435
vt 0.847148 0.204414
vt 0.897268 0.188501
vt 0.917429 0.191364
vt 0.902155 0.484780
vt 0.912390 0.469991
vt 0.946088 0.484025
vt 0.898279 0.523401
vt 0.895824 0.518933
vt 0.897593 0.517068
vt 0.892919 0.543865
vt 0.887541 0.555262
vt 0.879612 0.558044
vt 0.937345 0.535994
vt 0.943894 0.537216
vt 0.943473 0.543094
vt 0.917228 0.439911
vt 0.946367 0.461174
vt 0.909207 0.467749
vt 0.902774 0.251682
vt 0.919436 0.251327
vt 0.946219 0.256959
vt 0.945127 0.350821
vt 0.945918 0.353970
vt 0.945441 0.368054
vt 0.895313 0.432276
vt 0.870290 0.391469
vt 0.935908 0.376497
vt 0.959673 0.025134
vt 0.951594 0.019258
vt 0.948642 0.012999
vt 0.841104 0.001001
vt 0.634328 0.268646
vt 0.631059 0.268584
vt 0.569022 0.732844
vt 0.549313 0.708322
vt 0.548803 0.702812
vt 0.891591 0.485589
vt 0.891847 0.486054
vt 0.892091 0.486548
vt 0.892336 0.487065
vt 0.892557 0.487591
vt 0.892755 0.488112
vt 0.892945 0.488618
vt 0.891278 0.485147
vt 0.890910 0.484705
vt 0.893143 0.489108
vt 0.893346 0.489574
vt 0.893539 0.490010
vt 0.893686 0.490410
vt 0.893736 0.490775
vt 0.893636 0.491106
vt 0.893346 0.491414
vt 0.893099 0.491613
vt 0.892890 0.491802
vt 0.890548 0.484239
vt 0.890284 0.483712
vt 0.892706 0.491992
vt 0.892538 0.492196
vt 0.892379 0.492424
vt 0.892227 0.492691
vt 0.892081 0.493006
vt 0.891942 0.493380
vt 0.891808 0.493816
vt 0.891673 0.494317
vt 0.891507 0.494873
vt 0.891254 0.495473
vt 0.890762 0.495986
vt 0.889941 0.496381
vt 0.888840 0.496810
vt 0.887296 0.497403
vt 0.884596 0.498160
vt 0.879516 0.498872
vt 0.872224 0.498999
vt 0.863737 0.498411
vt 0.856641 0.497185
vt 0.853294 0.494754
vt 0.853531 0.492953
vt 0.852274 0.491585
vt 0.850509 0.490632
vt 0.848607 0.489336
vt 0.846787 0.487886
vt 0.890210 0.483080
vt 0.844899 0.486733
vt 0.843635 0.485909
vt 0.843106 0.485195
vt 0.843224 0.484420
vt 0.844038 0.483534
vt 0.845435 0.482616
vt 0.846956 0.481791
vt 0.890404 0.482300
vt 0.848037 0.481091
vt 0.848072 0.480482
vt 0.847935 0.480207
vt 0.847837 0.479793
vt 0.847829 0.479277
vt 0.892584 0.478833
vt 0.891702 0.480161
vt 0.890921 0.481332
vt 0.848116 0.478682
vt 0.848914 0.477989
vt 0.850550 0.477161
vt 0.853749 0.476060
vt 0.893306 0.477534
vt 0.893679 0.476422
vt 0.893024 0.473853
vt 0.893523 0.474630
vt 0.890846 0.472394
vt 0.892159 0.473107
vt 0.886332 0.471071
vt 0.888943 0.471711
vt 0.883142 0.470518
vt 0.874035 0.469751
vt 0.876704 0.469831
vt 0.867742 0.470336
vt 0.871900 0.469807
vt 0.861928 0.472619
vt 0.864660 0.471302
vt 0.893300 0.524922
vt 0.893196 0.526389
vt 0.892820 0.527511
vt 0.891918 0.528396
vt 0.890572 0.529071
vt 0.888866 0.529564
vt 0.886881 0.529901
vt 0.884702 0.530110
vt 0.882410 0.530217
vt 0.880089 0.530249
vt 0.877824 0.530233
vt 0.875701 0.530197
vt 0.893521 0.521566
vt 0.893411 0.523306
vt 0.893693 0.517807
vt 0.893618 0.519724
vt 0.893736 0.515835
vt 0.893563 0.509832
vt 0.893682 0.511825
vt 0.893080 0.505985
vt 0.893367 0.507878
vt 0.892070 0.503131
vt 0.892687 0.504178
vt 0.889171 0.501735
vt 0.890871 0.502325
vt 0.884574 0.501099
vt 0.887046 0.501335
vt 0.878899 0.501015
vt 0.881833 0.501001
vt 0.872761 0.501276
vt 0.875849 0.501116
vt 0.866776 0.501668
vt 0.869711 0.501469
vt 0.861001 0.502135
vt 0.864035 0.501844
vt 0.856261 0.503211
vt 0.858431 0.502597
vt 0.852872 0.504808
vt 0.854427 0.503954
vt 0.850375 0.506768
vt 0.851539 0.505752
vt 0.848319 0.508943
vt 0.849321 0.507838
vt 0.847308 0.510067
vt 0.873804 0.530165
vt 0.872220 0.530165
vt 0.868909 0.530189
vt 0.866129 0.530139
vt 0.843629 0.513841
vt 0.845008 0.512296
vt 0.846226 0.511190
vt 0.863830 0.530022
vt 0.861960 0.529847
vt 0.860469 0.529620
vt 0.859303 0.529350
vt 0.858409 0.529045
vt 0.857732 0.528712
vt 0.857216 0.528361
vt 0.856805 0.527999
vt 0.856443 0.527635
vt 0.843106 0.515388
vt 0.845385 0.519901
vt 0.844119 0.518434
vt 0.848760 0.522632
vt 0.846976 0.521308
vt 0.852390 0.524950
vt 0.850607 0.523854
vt 0.853982 0.525900
vt 0.856073 0.527277
vt 0.852330 0.095444
vt 0.853098 0.094975
vt 0.853312 0.094894
vt 0.853558 0.094846
vt 0.853843 0.094814
vt 0.854183 0.094771
vt 0.851469 0.096172
vt 0.849596 0.097965
vt 0.850525 0.097059
vt 0.847989 0.099764
vt 0.848715 0.098897
vt 0.847129 0.101323
vt 0.847466 0.100564
vt 0.846987 0.103088
vt 0.846961 0.102138
vt 0.846993 0.104198
vt 0.845871 0.108708
vt 0.845907 0.107098
vt 0.846556 0.105550
vt 0.854609 0.094676
vt 0.855145 0.094458
vt 0.856935 0.115754
vt 0.847653 0.110657
vt 0.868821 0.115593
vt 0.862421 0.117602
vt 0.879806 0.117526
vt 0.874253 0.116554
vt 0.889049 0.118331
vt 0.884291 0.118588
vt 0.911571 0.123999
vt 0.896210 0.121355
vt 0.915010 0.122522
vt 0.855729 0.093984
vt 0.917943 0.121942
vt 0.925939 0.122396
vt 0.920835 0.122556
vt 0.941958 0.116957
vt 0.932820 0.120145
vt 0.945727 0.109170
vt 0.946367 0.113845
vt 0.945652 0.106481
vt 0.945786 0.108104
vt 0.943231 0.092544
vt 0.945219 0.101808
vt 0.945391 0.104100
vt 0.856157 0.092905
vt 0.856602 0.091231
vt 0.857655 0.089500
vt 0.942351 0.081176
vt 0.943338 0.083442
vt 0.938009 0.062555
vt 0.940909 0.067361
vt 0.941134 0.076175
vt 0.859524 0.087757
vt 0.940235 0.048333
vt 0.939695 0.054404
vt 0.861346 0.085876
vt 0.861664 0.083581
vt 0.860924 0.080567
vt 0.861449 0.074657
vt 0.941469 0.034842
vt 0.941278 0.038514
vt 0.940337 0.043394
vt 0.859026 0.070071
vt 0.859125 0.064441
vt 0.858619 0.058678
vt 0.853827 0.055088
vt 0.851798 0.046302
vt 0.941427 0.033256
vt 0.946367 0.016077
vt 0.943862 0.025659
vt 0.942296 0.030122
vt 0.943576 0.008863
vt 0.937882 0.005090
vt 0.921012 0.002765
vt 0.927594 0.003135
vt 0.933454 0.004654
vt 0.848218 0.040926
vt 0.847352 0.036356
vt 0.845922 0.033722
vt 0.845381 0.031909
vt 0.845027 0.030620
vt 0.908147 0.001643
vt 0.910338 0.001841
vt 0.914392 0.002391
vt 0.844468 0.029283
vt 0.843728 0.027837
vt 0.843106 0.026058
vt 0.900285 0.001001
vt 0.904071 0.001178
vt 0.906433 0.001476
vt 0.843242 0.023997
vt 0.843772 0.022131
vt 0.844517 0.020572
vt 0.845655 0.019086
vt 0.847226 0.017582
vt 0.849370 0.015888
vt 0.851698 0.014230
vt 0.854067 0.012784
vt 0.857082 0.011136
vt 0.860614 0.009362
vt 0.893575 0.001673
vt 0.881212 0.002012
vt 0.867591 0.005445
vt 0.870728 0.003091
vt 0.843905 0.151978
vt 0.843592 0.151130
vt 0.843315 0.150141
vt 0.843106 0.148922
vt 0.843112 0.147500
vt 0.843473 0.145909
vt 0.844197 0.144203
vt 0.845050 0.142457
vt 0.845928 0.140718
vt 0.846756 0.139180
vt 0.847505 0.137959
vt 0.848239 0.136980
vt 0.848983 0.136206
vt 0.849758 0.135639
vt 0.850289 0.135312
vt 0.844323 0.152803
vt 0.845332 0.154410
vt 0.844806 0.153611
vt 0.846553 0.156095
vt 0.845919 0.155233
vt 0.850789 0.134946
vt 0.847173 0.157029
vt 0.851281 0.134515
vt 0.851789 0.133996
vt 0.852359 0.133367
vt 0.853060 0.132624
vt 0.847637 0.158243
vt 0.854006 0.131794
vt 0.855430 0.130927
vt 0.857695 0.130042
vt 0.861260 0.129265
vt 0.866301 0.128291
vt 0.872043 0.127313
vt 0.877927 0.126325
vt 0.885814 0.126001
vt 0.896913 0.126729
vt 0.906271 0.129656
vt 0.919291 0.130501
vt 0.929609 0.131738
vt 0.847870 0.159924
vt 0.848147 0.165770
vt 0.847775 0.164046
vt 0.847837 0.161995
vt 0.935433 0.132679
vt 0.850321 0.169726
vt 0.848854 0.167281
vt 0.872599 0.177466
vt 0.859943 0.174730
vt 0.895679 0.180028
vt 0.890459 0.179486
vt 0.881570 0.178235
vt 0.940632 0.135527
vt 0.944507 0.139044
vt 0.946074 0.142152
vt 0.946367 0.145028
vt 0.946263 0.147106
vt 0.946176 0.148101
vt 0.946127 0.149105
vt 0.946120 0.150146
vt 0.946050 0.151304
vt 0.945722 0.152743
vt 0.897804 0.179961
vt 0.920543 0.186079
vt 0.913334 0.184053
vt 0.902855 0.180599
vt 0.925055 0.186357
vt 0.921837 0.186499
vt 0.929894 0.185647
vt 0.927953 0.185992
vt 0.928144 0.185531
vt 0.945607 0.154327
vt 0.935431 0.183029
vt 0.945563 0.156123
vt 0.938380 0.181589
vt 0.940765 0.180062
vt 0.944980 0.173094
vt 0.944857 0.174800
vt 0.944808 0.171699
vt 0.946114 0.160248
vt 0.946367 0.162350
vt 0.945436 0.164421
vt 0.943514 0.228524
vt 0.944521 0.229443
vt 0.945237 0.230570
vt 0.945521 0.232206
vt 0.945388 0.234310
vt 0.945241 0.236245
vt 0.942459 0.227518
vt 0.945317 0.237738
vt 0.941443 0.226195
vt 0.945721 0.238818
vt 0.946211 0.239707
vt 0.946367 0.240579
vt 0.940644 0.224700
vt 0.945973 0.241438
vt 0.945528 0.241967
vt 0.945067 0.242435
vt 0.944545 0.242879
vt 0.943906 0.243330
vt 0.943065 0.243815
vt 0.941999 0.244340
vt 0.940699 0.244897
vt 0.939131 0.245482
vt 0.937235 0.246102
vt 0.934908 0.246773
vt 0.931966 0.247526
vt 0.928160 0.248404
vt 0.923820 0.248999
vt 0.918833 0.248944
vt 0.913374 0.248188
vt 0.908774 0.246833
vt 0.904567 0.244988
vt 0.896955 0.244335
vt 0.884001 0.239821
vt 0.874383 0.232299
vt 0.867128 0.231045
vt 0.862501 0.229956
vt 0.859100 0.227247
vt 0.940276 0.223010
vt 0.856800 0.225335
vt 0.940488 0.221034
vt 0.940979 0.217631
vt 0.940810 0.219239
vt 0.855305 0.224902
vt 0.853473 0.224690
vt 0.851381 0.224465
vt 0.849179 0.224038
vt 0.941608 0.215903
vt 0.847040 0.223408
vt 0.845843 0.222522
vt 0.845549 0.221370
vt 0.845191 0.219763
vt 0.843106 0.216673
vt 0.845055 0.211340
vt 0.946134 0.210851
vt 0.945158 0.212178
vt 0.942777 0.214063
vt 0.848956 0.207837
vt 0.946250 0.208192
vt 0.946367 0.209647
vt 0.943487 0.204472
vt 0.945748 0.206495
vt 0.939945 0.202944
vt 0.937968 0.201858
vt 0.934259 0.199910
vt 0.936318 0.200921
vt 0.930803 0.198393
vt 0.844650 0.201658
vt 0.845421 0.199803
vt 0.847147 0.198671
vt 0.851633 0.197336
vt 0.862059 0.195315
vt 0.866321 0.193603
vt 0.868087 0.192235
vt 0.869897 0.190855
vt 0.877938 0.190068
vt 0.926508 0.196033
vt 0.922296 0.193241
vt 0.908645 0.189121
vt 0.912730 0.189928
vt 0.905642 0.188758
vt 0.885218 0.188941
vt 0.944334 0.493872
vt 0.943533 0.494443
vt 0.942649 0.495019
vt 0.941800 0.495559
vt 0.940957 0.496061
vt 0.940113 0.496524
vt 0.939267 0.496949
vt 0.938426 0.497338
vt 0.937590 0.497690
vt 0.936756 0.498002
vt 0.935914 0.498272
vt 0.935046 0.498496
vt 0.934126 0.498669
vt 0.933125 0.498786
vt 0.932437 0.498838
vt 0.931798 0.498880
vt 0.931168 0.498916
vt 0.930504 0.498947
vt 0.929765 0.498973
vt 0.928907 0.498993
vt 0.927888 0.498999
vt 0.926671 0.498981
vt 0.925237 0.498923
vt 0.923579 0.498813
vt 0.921710 0.498642
vt 0.919624 0.498417
vt 0.917775 0.498101
vt 0.916356 0.497615
vt 0.915447 0.496991
vt 0.915057 0.496289
vt 0.914959 0.495536
vt 0.944917 0.493351
vt 0.945570 0.492448
vt 0.945319 0.492881
vt 0.945757 0.491588
vt 0.945700 0.492029
vt 0.945750 0.490516
vt 0.945763 0.491097
vt 0.914476 0.494563
vt 0.945749 0.489806
vt 0.912696 0.492989
vt 0.945786 0.488950
vt 0.945939 0.486820
vt 0.945859 0.487946
vt 0.945993 0.485545
vt 0.909609 0.491274
vt 0.906523 0.489560
vt 0.904629 0.488004
vt 0.903606 0.486763
vt 0.903301 0.485937
vt 0.946367 0.480616
vt 0.946244 0.482309
vt 0.946287 0.478070
vt 0.946367 0.479188
vt 0.945881 0.476432
vt 0.946142 0.477172
vt 0.944907 0.475240
vt 0.945486 0.475800
vt 0.942828 0.474186
vt 0.944062 0.474714
vt 0.935750 0.470712
vt 0.939204 0.472358
vt 0.926155 0.469849
vt 0.931624 0.469986
vt 0.919148 0.469751
vt 0.901491 0.472127
vt 0.906092 0.470975
vt 0.897800 0.473565
vt 0.899303 0.472836
vt 0.896346 0.475259
vt 0.896832 0.474398
vt 0.896146 0.479618
vt 0.895738 0.477650
vt 0.898380 0.482078
vt 0.897236 0.481069
vt 0.900858 0.483920
vt 0.900210 0.483421
vt 0.899449 0.482832
vt 0.903081 0.485557
vt 0.901527 0.484367
vt 0.902689 0.485173
vt 0.932059 0.529207
vt 0.930863 0.529245
vt 0.929678 0.529279
vt 0.932991 0.529147
vt 0.934248 0.528983
vt 0.933704 0.529071
vt 0.935058 0.528778
vt 0.934680 0.528885
vt 0.935450 0.528660
vt 0.928771 0.529337
vt 0.935930 0.528527
vt 0.938855 0.527886
vt 0.937529 0.528174
vt 0.936589 0.528372
vt 0.940611 0.527409
vt 0.928080 0.529419
vt 0.942751 0.526690
vt 0.946367 0.524122
vt 0.944905 0.525619
vt 0.945327 0.520568
vt 0.946308 0.522286
vt 0.946327 0.517155
vt 0.945938 0.518139
vt 0.945314 0.519251
vt 0.946367 0.516285
vt 0.927530 0.529518
vt 0.946037 0.515463
vt 0.927049 0.529630
vt 0.926577 0.529750
vt 0.926072 0.529870
vt 0.945281 0.514689
vt 0.940541 0.512452
vt 0.944052 0.513990
vt 0.931438 0.508820
vt 0.934514 0.509942
vt 0.937503 0.511236
vt 0.925507 0.529984
vt 0.924865 0.530084
vt 0.924135 0.530160
vt 0.923325 0.530187
vt 0.922449 0.530136
vt 0.921885 0.530059
vt 0.921393 0.529983
vt 0.920930 0.529909
vt 0.928401 0.508022
vt 0.920461 0.529836
vt 0.925230 0.507136
vt 0.911369 0.503593
vt 0.920564 0.505348
vt 0.907224 0.501690
vt 0.909345 0.502384
vt 0.900124 0.501001
vt 0.903503 0.501217
vt 0.901303 0.505770
vt 0.897070 0.512354
vt 0.896873 0.510672
vt 0.898656 0.508846
vt 0.919955 0.529764
vt 0.898053 0.513725
vt 0.919379 0.529696
vt 0.918700 0.529641
vt 0.898639 0.514704
vt 0.898739 0.515397
vt 0.917877 0.529616
vt 0.916856 0.529647
vt 0.898578 0.515926
vt 0.898265 0.516354
vt 0.915552 0.529761
vt 0.913818 0.529972
vt 0.911401 0.530220
vt 0.908710 0.530249
vt 0.905956 0.529921
vt 0.903174 0.529232
vt 0.900705 0.528084
vt 0.899389 0.526504
vt 0.899042 0.524887
vt 0.896888 0.521807
vt 0.895738 0.520244
vt 0.897934 0.516730
vt 0.896524 0.517984
vt 0.897237 0.517372
vt 0.872593 0.559893
vt 0.871684 0.560241
vt 0.870812 0.560567
vt 0.869973 0.560862
vt 0.869164 0.561117
vt 0.868381 0.561318
vt 0.867626 0.561451
vt 0.866900 0.561499
vt 0.866204 0.561445
vt 0.865756 0.561371
vt 0.865338 0.561300
vt 0.864919 0.561229
vt 0.873544 0.559537
vt 0.864471 0.561154
vt 0.863961 0.561069
vt 0.863354 0.560967
vt 0.862606 0.560836
vt 0.861670 0.560663
vt 0.860485 0.560427
vt 0.858984 0.560109
vt 0.857109 0.559702
vt 0.854826 0.559230
vt 0.852752 0.558666
vt 0.851113 0.557877
vt 0.849742 0.556876
vt 0.848488 0.555700
vt 0.847248 0.554403
vt 0.846004 0.553037
vt 0.844847 0.551636
vt 0.843931 0.550204
vt 0.843353 0.548746
vt 0.843106 0.547327
vt 0.843117 0.546082
vt 0.843276 0.545157
vt 0.843375 0.544651
vt 0.843488 0.544063
vt 0.843677 0.543413
vt 0.844001 0.542715
vt 0.844524 0.541976
vt 0.845323 0.541197
vt 0.846432 0.540348
vt 0.847599 0.539332
vt 0.848796 0.538143
vt 0.850432 0.536846
vt 0.853284 0.535470
vt 0.874579 0.559184
vt 0.858769 0.533625
vt 0.861353 0.533030
vt 0.864109 0.532543
vt 0.866879 0.532251
vt 0.869701 0.532304
vt 0.873009 0.532777
vt 0.877416 0.533462
vt 0.882080 0.534045
vt 0.885837 0.534475
vt 0.888900 0.535140
vt 0.891389 0.536285
vt 0.893064 0.538025
vt 0.893692 0.540464
vt 0.893603 0.541527
vt 0.893260 0.542628
vt 0.875747 0.558855
vt 0.878375 0.558312
vt 0.877057 0.558571
vt 0.893278 0.545348
vt 0.893736 0.547217
vt 0.893651 0.549248
vt 0.893736 0.551173
vt 0.893405 0.552614
vt 0.892593 0.553533
vt 0.891526 0.554056
vt 0.890386 0.554354
vt 0.889306 0.554593
vt 0.881926 0.557478
vt 0.880788 0.557766
vt 0.884136 0.556854
vt 0.883045 0.557175
vt 0.886071 0.556116
vt 0.885178 0.556506
vt 0.886813 0.555688
vt 0.888359 0.554886
vt 0.928038 0.533520
vt 0.929492 0.533941
vt 0.930946 0.534397
vt 0.932197 0.534801
vt 0.933241 0.535143
vt 0.925672 0.532971
vt 0.926775 0.533204
vt 0.923765 0.532674
vt 0.924685 0.532800
vt 0.921902 0.532509
vt 0.922858 0.532581
vt 0.919527 0.532397
vt 0.920822 0.532450
vt 0.915821 0.532291
vt 0.917900 0.532344
vt 0.910357 0.532274
vt 0.913256 0.532251
vt 0.904394 0.532932
vt 0.907409 0.532456
vt 0.898651 0.534706
vt 0.901327 0.533699
vt 0.895738 0.538846
vt 0.896701 0.536351
vt 0.897879 0.545822
vt 0.896138 0.542102
vt 0.901802 0.551830
vt 0.899977 0.549186
vt 0.903265 0.553881
vt 0.934152 0.535415
vt 0.904400 0.556703
vt 0.904250 0.558360
vt 0.904086 0.557705
vt 0.906011 0.559445
vt 0.904927 0.558913
vt 0.909697 0.560561
vt 0.907561 0.560000
vt 0.913949 0.561257
vt 0.912039 0.561002
vt 0.917640 0.561499
vt 0.915659 0.561410
vt 0.927968 0.559648
vt 0.919978 0.561463
vt 0.931527 0.557320
vt 0.935011 0.535623
vt 0.935826 0.535777
vt 0.942837 0.556410
vt 0.940730 0.557029
vt 0.936120 0.557063
vt 0.943578 0.553896
vt 0.943844 0.555365
vt 0.945479 0.551951
vt 0.944846 0.552346
vt 0.944010 0.552827
vt 0.945930 0.551644
vt 0.936601 0.535895
vt 0.946367 0.550737
vt 0.946209 0.551361
vt 0.944223 0.547837
vt 0.945611 0.549535
vt 0.938087 0.536092
vt 0.938879 0.536209
vt 0.939805 0.536367
vt 0.940917 0.536584
vt 0.941680 0.536737
vt 0.942323 0.536865
vt 0.942885 0.536980
vt 0.943402 0.537094
vt 0.944373 0.537355
vt 0.944838 0.537523
vt 0.945279 0.537728
vt 0.945677 0.537983
vt 0.946008 0.538298
vt 0.946248 0.538684
vt 0.946367 0.539154
vt 0.946283 0.539713
vt 0.945859 0.540418
vt 0.945006 0.541251
vt 0.944011 0.542152
vt 0.943668 0.546389
vt 0.943407 0.544991
vt 0.943372 0.543949
vt 0.866249 0.464631
vt 0.863142 0.464351
vt 0.860439 0.464105
vt 0.858179 0.463868
vt 0.856261 0.463636
vt 0.854624 0.463412
vt 0.853220 0.463188
vt 0.852028 0.462964
vt 0.851012 0.462737
vt 0.850138 0.462497
vt 0.849380 0.462230
vt 0.848921 0.462037
vt 0.848505 0.461847
vt 0.848103 0.461649
vt 0.847691 0.461430
vt 0.847247 0.461172
vt 0.846756 0.460857
vt 0.846211 0.460461
vt 0.845615 0.459958
vt 0.844989 0.459326
vt 0.844366 0.458547
vt 0.843792 0.457620
vt 0.843301 0.456565
vt 0.843106 0.455495
vt 0.843635 0.454376
vt 0.845076 0.453296
vt 0.847161 0.452141
vt 0.850176 0.450472
vt 0.854625 0.447965
vt 0.860617 0.446134
vt 0.869549 0.464958
vt 0.865982 0.444888
vt 0.870600 0.443624
vt 0.874835 0.442519
vt 0.878636 0.441578
vt 0.881659 0.440903
vt 0.883036 0.440622
vt 0.884293 0.440381
vt 0.885536 0.440156
vt 0.886862 0.439934
vt 0.888368 0.439709
vt 0.890173 0.439483
vt 0.892402 0.439249
vt 0.895226 0.439013
vt 0.898971 0.438783
vt 0.903877 0.438571
vt 0.909012 0.438501
vt 0.912371 0.438998
vt 0.913218 0.439221
vt 0.878708 0.465917
vt 0.875771 0.465615
vt 0.872809 0.465300
vt 0.914136 0.439395
vt 0.915099 0.439529
vt 0.916113 0.439691
vt 0.885490 0.466523
vt 0.881859 0.466219
vt 0.895672 0.467267
vt 0.889921 0.466854
vt 0.902751 0.467652
vt 0.916579 0.467498
vt 0.913555 0.467647
vt 0.921429 0.467107
vt 0.919138 0.467313
vt 0.925893 0.466637
vt 0.923640 0.466882
vt 0.930349 0.466084
vt 0.928159 0.466378
vt 0.934370 0.465429
vt 0.932417 0.465768
vt 0.937819 0.464619
vt 0.936200 0.465047
vt 0.940367 0.463636
vt 0.939168 0.464147
vt 0.942639 0.462834
vt 0.940101 0.445523
vt 0.946367 0.448799
vt 0.920510 0.440714
vt 0.922839 0.441598
vt 0.927215 0.443270
vt 0.918649 0.440218
vt 0.850138 0.253730
vt 0.854134 0.252742
vt 0.857867 0.252122
vt 0.861313 0.251667
vt 0.864206 0.251347
vt 0.866481 0.251141
vt 0.868212 0.251031
vt 0.869528 0.251001
vt 0.870567 0.251036
vt 0.871408 0.251117
vt 0.872106 0.251228
vt 0.872717 0.251349
vt 0.873291 0.251464
vt 0.843587 0.256876
vt 0.846367 0.255103
vt 0.853607 0.263725
vt 0.843106 0.259314
vt 0.873636 0.279908
vt 0.865302 0.275066
vt 0.861513 0.270919
vt 0.882495 0.289665
vt 0.877956 0.284752
vt 0.892760 0.299886
vt 0.887319 0.295771
vt 0.896185 0.301222
vt 0.904897 0.306268
vt 0.902485 0.304746
vt 0.899562 0.302902
vt 0.873876 0.251553
vt 0.907044 0.307367
vt 0.911717 0.308634
vt 0.909197 0.308101
vt 0.923814 0.311124
vt 0.919799 0.310311
vt 0.915242 0.309289
vt 0.875018 0.251645
vt 0.877033 0.251757
vt 0.926698 0.311478
vt 0.932312 0.310631
vt 0.928804 0.311499
vt 0.943334 0.298839
vt 0.942745 0.302797
vt 0.935657 0.307362
vt 0.879792 0.251879
vt 0.883050 0.251993
vt 0.945040 0.295859
vt 0.946335 0.292423
vt 0.946367 0.293841
vt 0.941861 0.289635
vt 0.944864 0.291246
vt 0.943436 0.282269
vt 0.943355 0.285507
vt 0.940281 0.269092
vt 0.942711 0.274297
vt 0.939477 0.281035
vt 0.886438 0.252071
vt 0.938998 0.266831
vt 0.889668 0.252101
vt 0.936940 0.264546
vt 0.892565 0.252090
vt 0.936924 0.262742
vt 0.895132 0.252036
vt 0.944909 0.259172
vt 0.942714 0.260130
vt 0.939454 0.261314
vt 0.897715 0.251955
vt 0.946006 0.258380
vt 0.946367 0.257666
vt 0.944040 0.254834
vt 0.945671 0.256201
vt 0.937258 0.253014
vt 0.941284 0.253766
vt 0.927644 0.251993
vt 0.932513 0.252452
vt 0.923280 0.251610
vt 0.912972 0.251119
vt 0.916030 0.251166
vt 0.907592 0.251291
vt 0.910178 0.251167
vt 0.905178 0.251481
vt 0.900275 0.251838
vt 0.843106 0.320176
vt 0.843359 0.318751
vt 0.843829 0.317820
vt 0.844369 0.317125
vt 0.844897 0.316617
vt 0.845356 0.316255
vt 0.845719 0.316010
vt 0.845979 0.315855
vt 0.846143 0.315768
vt 0.846230 0.315731
vt 0.846262 0.315726
vt 0.846265 0.315736
vt 0.846267 0.315746
vt 0.846713 0.326460
vt 0.843666 0.322361
vt 0.873312 0.344011
vt 0.861165 0.337099
vt 0.879183 0.347775
vt 0.875097 0.345983
vt 0.890653 0.362478
vt 0.887811 0.358711
vt 0.886984 0.353619
vt 0.895476 0.364274
vt 0.899367 0.365101
vt 0.902873 0.365676
vt 0.846295 0.315740
vt 0.907423 0.366330
vt 0.912705 0.367267
vt 0.846432 0.315675
vt 0.846741 0.315529
vt 0.847258 0.315302
vt 0.848042 0.315002
vt 0.849189 0.314641
vt 0.850847 0.314251
vt 0.853190 0.313883
vt 0.856384 0.313603
vt 0.860659 0.313501
vt 0.866377 0.313629
vt 0.873554 0.313902
vt 0.880401 0.314149
vt 0.886317 0.314388
vt 0.892654 0.314657
vt 0.899583 0.314999
vt 0.907243 0.315554
vt 0.915331 0.316249
vt 0.922944 0.317127
vt 0.929179 0.318058
vt 0.934705 0.318934
vt 0.939128 0.319810
vt 0.942207 0.320964
vt 0.944201 0.322439
vt 0.945562 0.324192
vt 0.946097 0.325126
vt 0.946367 0.325970
vt 0.946350 0.326805
vt 0.946013 0.327709
vt 0.945342 0.328758
vt 0.944360 0.330037
vt 0.917922 0.368689
vt 0.922477 0.370407
vt 0.943128 0.331647
vt 0.931113 0.373647
vt 0.929094 0.372963
vt 0.926312 0.371885
vt 0.941839 0.333700
vt 0.934624 0.373999
vt 0.932844 0.373985
vt 0.938888 0.372941
vt 0.936620 0.373671
vt 0.943117 0.370622
vt 0.946367 0.363148
vt 0.946302 0.365525
vt 0.946181 0.360968
vt 0.940854 0.336288
vt 0.940653 0.339711
vt 0.946022 0.358992
vt 0.945950 0.355541
vt 0.945958 0.357198
vt 0.941822 0.344076
vt 0.944323 0.349140
vt 0.945661 0.352413
vt 0.946367 0.433693
vt 0.945790 0.434905
vt 0.944232 0.435540
vt 0.942752 0.435987
vt 0.941365 0.436278
vt 0.940078 0.436441
vt 0.938889 0.436499
vt 0.937797 0.436474
vt 0.936797 0.436385
vt 0.935883 0.436253
vt 0.935051 0.436097
vt 0.934294 0.435935
vt 0.933608 0.435787
vt 0.942572 0.428917
vt 0.945125 0.431635
vt 0.939626 0.425741
vt 0.932986 0.435671
vt 0.937495 0.422311
vt 0.931965 0.435541
vt 0.936952 0.418769
vt 0.930288 0.435374
vt 0.943472 0.404657
vt 0.941144 0.409858
vt 0.937870 0.414643
vt 0.928033 0.435181
vt 0.943673 0.398767
vt 0.944213 0.393552
vt 0.925279 0.434970
vt 0.922114 0.434748
vt 0.918642 0.434516
vt 0.914981 0.434271
vt 0.945127 0.390040
vt 0.946367 0.384940
vt 0.945859 0.387424
vt 0.945314 0.380119
vt 0.946125 0.382505
vt 0.943516 0.377668
vt 0.944440 0.378556
vt 0.941668 0.376623
vt 0.942619 0.377077
vt 0.939218 0.376076
vt 0.940536 0.376289
vt 0.937550 0.376106
vt 0.938024 0.376001
vt 0.918691 0.377389
vt 0.928778 0.376770
vt 0.911264 0.434004
vt 0.907625 0.433706
vt 0.904172 0.433375
vt 0.900980 0.433024
vt 0.898087 0.432679
vt 0.892413 0.431724
vt 0.889339 0.431026
vt 0.886042 0.430192
vt 0.882479 0.429233
vt 0.878625 0.428164
vt 0.874477 0.427006
vt 0.870090 0.425786
vt 0.865591 0.424527
vt 0.861143 0.423230
vt 0.856545 0.421778
vt 0.851936 0.420214
vt 0.849806 0.419380
vt 0.848240 0.418554
vt 0.847075 0.417659
vt 0.846156 0.416624
vt 0.845342 0.415377
vt 0.844538 0.413860
vt 0.843740 0.412038
vt 0.843110 0.409900
vt 0.843106 0.407424
vt 0.845004 0.404439
vt 0.853221 0.400529
vt 0.866661 0.394123
vt 0.910113 0.378438
vt 0.886932 0.382218
vt 0.896899 0.380160
vt 0.877987 0.384008
vt 0.882068 0.382813
vt 0.873028 0.389336
vt 0.874697 0.386432
vt 0.998436 0.025239
vt 0.998286 0.026703
vt 0.997885 0.027815
vt 0.996983 0.028680
vt 0.995655 0.029324
vt 0.993978 0.029776
vt 0.992028 0.030061
vt 0.989880 0.030210
vt 0.987615 0.030249
vt 0.985311 0.030208
vt 0.983054 0.030117
vt 0.980926 0.030004
vt 0.979019 0.029901
vt 0.977417 0.029837
vt 0.974044 0.029715
vt 0.971193 0.029535
vt 0.968831 0.029308
vt 0.966915 0.029046
vt 0.965403 0.028757
vt 0.964243 0.028449
vt 0.963383 0.028126
vt 0.962760 0.027793
vt 0.962318 0.027455
vt 0.961989 0.027114
vt 0.961715 0.026775
vt 0.998594 0.023623
vt 0.998866 0.020023
vt 0.998742 0.021877
vt 0.998999 0.016085
vt 0.998954 0.018085
vt 0.998949 0.012002
vt 0.998999 0.014049
vt 0.998694 0.007974
vt 0.998850 0.009968
vt 0.997678 0.004243
vt 0.998446 0.006045
vt 0.994988 0.002426
vt 0.996621 0.003216
vt 0.990508 0.001434
vt 0.992914 0.001842
vt 0.985031 0.001039
vt 0.987855 0.001175
vt 0.979119 0.001035
vt 0.982099 0.001001
vt 0.973227 0.001227
vt 0.976143 0.001118
vt 0.964905 0.001609
vt 0.967785 0.001427
vt 0.970421 0.001337
vt 0.961433 0.026442
vt 0.960637 0.002488
vt 0.962558 0.001969
vt 0.957678 0.003946
vt 0.959044 0.003153
vt 0.955243 0.005854
vt 0.956440 0.004853
vt 0.953081 0.008036
vt 0.954115 0.006924
vt 0.952073 0.009170
vt 0.960758 0.025880
vt 0.949867 0.011422
vt 0.951027 0.010306
vt 0.958295 0.024225
vt 0.956716 0.023170
vt 0.948911 0.016208
vt 0.948369 0.014610
vt 0.950067 0.017764
vt 0.955018 0.021982
vt 0.953283 0.020672
vt 0.378912 0.356349
vt 0.379160 0.356985
vt 0.379319 0.357629
vt 0.379393 0.358296
vt 0.379211 0.358964
vt 0.378743 0.359611
vt 0.377971 0.360211
vt 0.376883 0.360734
vt 0.375475 0.361147
vt 0.373645 0.361341
vt 0.370848 0.361437
vt 0.366987 0.361620
vt 0.378779 0.355679
vt 0.361647 0.362067
vt 0.355385 0.362648
vt 0.349011 0.362961
vt 0.343105 0.363034
vt 0.338695 0.362715
vt 0.335133 0.362435
vt 0.331343 0.361877
vt 0.327494 0.360618
vt 0.324767 0.359917
vt 0.378799 0.354993
vt 0.378759 0.353737
vt 0.378837 0.354318
vt 0.378260 0.353020
vt 0.378515 0.353365
vt 0.322408 0.359438
vt 0.378235 0.352610
vt 0.319626 0.358973
vt 0.314928 0.358612
vt 0.309262 0.357845
vt 0.381667 0.348870
vt 0.380823 0.349855
vt 0.378560 0.352107
vt 0.299609 0.345035
vt 0.300756 0.343405
vt 0.303961 0.339570
vt 0.308179 0.334798
vt 0.381981 0.347856
vt 0.381284 0.345934
vt 0.381718 0.346892
vt 0.309196 0.332554
vt 0.381054 0.344870
vt 0.386894 0.340357
vt 0.385329 0.342019
vt 0.382182 0.343627
vt 0.386737 0.339008
vt 0.309684 0.331164
vt 0.309872 0.327655
vt 0.311408 0.322309
vt 0.385504 0.337826
vt 0.387618 0.332202
vt 0.386467 0.335889
vt 0.385900 0.328757
vt 0.386766 0.329969
vt 0.386599 0.326387
vt 0.386522 0.327611
vt 0.390902 0.322174
vt 0.389591 0.325693
vt 0.398305 0.317483
vt 0.394730 0.320348
vt 0.407094 0.314490
vt 0.405380 0.316009
vt 0.402129 0.316568
vt 0.408196 0.311183
vt 0.407975 0.312736
vt 0.406361 0.308559
vt 0.407541 0.309844
vt 0.403105 0.305794
vt 0.404845 0.307218
vt 0.394248 0.300033
vt 0.400513 0.303225
vt 0.401541 0.304377
vt 0.391101 0.299609
vt 0.389187 0.298735
vt 0.372998 0.290317
vt 0.388995 0.297274
vt 0.357806 0.279400
vt 0.365095 0.283954
vt 0.318006 0.258251
vt 0.332054 0.267403
vt 0.340172 0.272844
vt 0.314472 0.255116
vt 0.314193 0.320247
vt 0.316431 0.310991
vt 0.317755 0.307127
vt 0.329427 0.247375
vt 0.323212 0.250117
vt 0.315728 0.252530
vt 0.334184 0.245383
vt 0.318863 0.303286
vt 0.319475 0.299571
vt 0.319212 0.296041
vt 0.318777 0.292615
vt 0.317762 0.288869
vt 0.316673 0.285382
vt 0.316176 0.282080
vt 0.313956 0.277857
vt 0.309836 0.275056
vt 0.305750 0.272340
vt 0.302889 0.269281
vt 0.299916 0.266120
vt 0.295402 0.262743
vt 0.292918 0.261308
vt 0.292025 0.260306
vt 0.291766 0.259456
vt 0.292677 0.258437
vt 0.295259 0.256773
vt 0.299366 0.254884
vt 0.305737 0.252617
vt 0.309848 0.251471
vt 0.314074 0.250873
vt 0.344493 0.241477
vt 0.349576 0.235397
vt 0.357062 0.230270
vt 0.335299 0.245036
vt 0.336040 0.244842
vt 0.336492 0.244791
vt 0.336641 0.244931
vt 0.336499 0.245302
vt 0.335987 0.246688
vt 0.336199 0.245905
vt 0.336754 0.248788
vt 0.336109 0.247614
vt 0.339773 0.251661
vt 0.338243 0.250210
vt 0.342006 0.259011
vt 0.340275 0.255672
vt 0.363480 0.269214
vt 0.351590 0.264782
vt 0.350076 0.262197
vt 0.384683 0.283688
vt 0.379636 0.279857
vt 0.374557 0.274150
vt 0.359533 0.225668
vt 0.359722 0.218923
vt 0.366989 0.217183
vt 0.379994 0.217364
vt 0.384432 0.214637
vt 0.389668 0.212608
vt 0.398143 0.288432
vt 0.393120 0.287412
vt 0.390761 0.286248
vt 0.395156 0.210981
vt 0.400272 0.209786
vt 0.404843 0.208667
vt 0.403414 0.289779
vt 0.407146 0.294782
vt 0.407327 0.293907
vt 0.407884 0.293232
vt 0.408255 0.295528
vt 0.410966 0.296026
vt 0.419211 0.300378
vt 0.415292 0.298691
vt 0.413967 0.297234
vt 0.408287 0.206387
vt 0.410826 0.203357
vt 0.424830 0.306963
vt 0.420605 0.303307
vt 0.421455 0.302099
vt 0.412509 0.200788
vt 0.413085 0.199352
vt 0.428593 0.313869
vt 0.426418 0.313046
vt 0.426163 0.310519
vt 0.413615 0.197125
vt 0.414176 0.194206
vt 0.415030 0.190410
vt 0.431667 0.314674
vt 0.438088 0.317761
vt 0.435834 0.316625
vt 0.433878 0.315640
vt 0.417296 0.183895
vt 0.442812 0.320205
vt 0.440384 0.319031
vt 0.448930 0.322021
vt 0.445668 0.321203
vt 0.457629 0.322922
vt 0.452707 0.322640
vt 0.518091 0.314580
vt 0.463696 0.322466
vt 0.519178 0.313290
vt 0.519024 0.314190
vt 0.516311 0.310347
vt 0.518756 0.311985
vt 0.490828 0.306821
vt 0.417237 0.179525
vt 0.415642 0.175847
vt 0.414627 0.170927
vt 0.414801 0.165943
vt 0.416020 0.161718
vt 0.416809 0.157890
vt 0.486139 0.305004
vt 0.480197 0.302305
vt 0.483142 0.303630
vt 0.478388 0.301069
vt 0.476482 0.297447
vt 0.477215 0.298898
vt 0.477531 0.299914
vt 0.476411 0.290159
vt 0.475923 0.293190
vt 0.475554 0.295451
vt 0.416030 0.154350
vt 0.479549 0.286564
vt 0.508469 0.284856
vt 0.502486 0.284702
vt 0.495710 0.284310
vt 0.514213 0.285094
vt 0.525888 0.286148
vt 0.522188 0.285753
vt 0.519657 0.285477
vt 0.593152 0.286909
vt 0.583015 0.286849
vt 0.570585 0.286180
vt 0.601188 0.286345
vt 0.612008 0.285211
vt 0.608840 0.285644
vt 0.617637 0.283569
vt 0.615178 0.284501
vt 0.619367 0.281572
vt 0.618951 0.282572
vt 0.620074 0.278491
vt 0.619763 0.279498
vt 0.619406 0.280534
vt 0.620053 0.277536
vt 0.618558 0.275938
vt 0.619599 0.276673
vt 0.613763 0.275163
vt 0.616644 0.275329
vt 0.553157 0.274494
vt 0.600513 0.274903
vt 0.608019 0.275220
vt 0.532700 0.274255
vt 0.547116 0.274377
vt 0.524190 0.275174
vt 0.488888 0.284846
vt 0.414722 0.151802
vt 0.413746 0.150043
vt 0.412657 0.148004
vt 0.411515 0.145765
vt 0.415488 0.153239
vt 0.495223 0.272596
vt 0.504036 0.273553
vt 0.513326 0.274643
vt 0.484920 0.269043
vt 0.486970 0.269744
vt 0.483180 0.268365
vt 0.479462 0.265577
vt 0.480785 0.266622
vt 0.481875 0.267584
vt 0.477929 0.264352
vt 0.476400 0.262986
vt 0.474834 0.259171
vt 0.475750 0.260597
vt 0.475979 0.261803
vt 0.471778 0.255829
vt 0.471269 0.254965
vt 0.471096 0.254007
vt 0.471187 0.254473
vt 0.470644 0.252863
vt 0.470890 0.253465
vt 0.470399 0.252216
vt 0.470253 0.251585
vt 0.470306 0.251081
vt 0.470681 0.250375
vt 0.471388 0.249674
vt 0.472492 0.249042
vt 0.410168 0.143405
vt 0.486907 0.248740
vt 0.481821 0.248662
vt 0.477462 0.248347
vt 0.493924 0.248161
vt 0.490953 0.248461
vt 0.503230 0.247511
vt 0.497510 0.247916
vt 0.510870 0.247220
vt 0.509135 0.247339
vt 0.516281 0.246565
vt 0.513045 0.246987
vt 0.526751 0.246653
vt 0.523650 0.246516
vt 0.520132 0.246315
vt 0.530803 0.246598
vt 0.536733 0.246018
vt 0.544958 0.245291
vt 0.577029 0.243159
vt 0.558273 0.245374
vt 0.588450 0.239495
vt 0.586712 0.240400
vt 0.590531 0.237779
vt 0.589738 0.238621
vt 0.590690 0.236072
vt 0.590843 0.236927
vt 0.588467 0.234287
vt 0.590051 0.235217
vt 0.585175 0.232912
vt 0.566695 0.225277
vt 0.578910 0.229696
vt 0.581533 0.231276
vt 0.526436 0.212620
vt 0.564423 0.224110
vt 0.393571 0.133060
vt 0.387884 0.130497
vt 0.382224 0.127868
vt 0.380068 0.126473
vt 0.360307 0.123118
vt 0.354304 0.128117
vt 0.348331 0.132608
vt 0.335840 0.136169
vt 0.315097 0.137955
vt 0.312478 0.137859
vt 0.301129 0.136909
vt 0.284307 0.135190
vt 0.283830 0.132876
vt 0.285164 0.124771
vt 0.280689 0.121403
vt 0.274015 0.118133
vt 0.264861 0.116037
vt 0.254988 0.111064
vt 0.371367 0.123442
vt 0.251211 0.103858
vt 0.251475 0.103143
vt 0.252382 0.102723
vt 0.253628 0.102084
vt 0.255334 0.100762
vt 0.257270 0.098970
vt 0.264107 0.097680
vt 0.271022 0.097374
vt 0.276116 0.097397
vt 0.279918 0.097110
vt 0.283077 0.096349
vt 0.287119 0.095903
vt 0.296984 0.094879
vt 0.376633 0.124861
vt 0.300988 0.094459
vt 0.304069 0.094627
vt 0.305912 0.094761
vt 0.306511 0.094605
vt 0.307532 0.094407
vt 0.310683 0.094307
vt 0.316067 0.093732
vt 0.322401 0.093005
vt 0.328841 0.092706
vt 0.352365 0.090749
vt 0.356211 0.089164
vt 0.360175 0.087867
vt 0.363384 0.086997
vt 0.368820 0.085420
vt 0.373455 0.084070
vt 0.399043 0.135764
vt 0.377120 0.082960
vt 0.404125 0.138436
vt 0.379760 0.081868
vt 0.407969 0.140974
vt 0.381448 0.080733
vt 0.382717 0.079600
vt 0.523919 0.211673
vt 0.383726 0.078494
vt 0.384595 0.077431
vt 0.385418 0.076456
vt 0.522015 0.210476
vt 0.520659 0.209093
vt 0.386198 0.075648
vt 0.387695 0.074407
vt 0.519791 0.207576
vt 0.519363 0.205975
vt 0.387999 0.073840
vt 0.387402 0.073171
vt 0.386027 0.072324
vt 0.384243 0.071136
vt 0.382194 0.069357
vt 0.519326 0.204333
vt 0.379945 0.067059
vt 0.377120 0.064464
vt 0.519636 0.202693
vt 0.520250 0.201098
vt 0.521128 0.199589
vt 0.522229 0.198206
vt 0.523511 0.196990
vt 0.524936 0.195983
vt 0.525665 0.195651
vt 0.526896 0.195214
vt 0.528560 0.194694
vt 0.530587 0.194111
vt 0.532908 0.193485
vt 0.535453 0.192837
vt 0.538153 0.192188
vt 0.540937 0.191558
vt 0.543735 0.190968
vt 0.546479 0.190439
vt 0.549097 0.189991
vt 0.551520 0.189645
vt 0.554448 0.189356
vt 0.557867 0.189145
vt 0.561655 0.189006
vt 0.565688 0.188929
vt 0.569844 0.188909
vt 0.373594 0.062134
vt 0.573998 0.188936
vt 0.578029 0.189005
vt 0.581813 0.189108
vt 0.585226 0.189236
vt 0.588147 0.189384
vt 0.590453 0.189543
vt 0.592019 0.189707
vt 0.593331 0.189923
vt 0.615733 0.194595
vt 0.613951 0.194258
vt 0.595055 0.190251
vt 0.617115 0.194820
vt 0.618187 0.195217
vt 0.359978 0.057713
vt 0.356279 0.057755
vt 0.352400 0.057687
vt 0.348406 0.057497
vt 0.306871 0.056830
vt 0.278404 0.061397
vt 0.273984 0.061820
vt 0.270713 0.062187
vt 0.268864 0.062587
vt 0.266947 0.062989
vt 0.263993 0.063368
vt 0.258596 0.063899
vt 0.253002 0.064466
vt 0.244655 0.065916
vt 0.241662 0.066711
vt 0.001001 0.001001
vt 0.841104 0.498999
vt 0.635863 0.404761
vt 0.639523 0.401777
vt 0.642587 0.399281
vt 0.248425 0.065167
vt 0.643372 0.397679
vt 0.642231 0.396800
vt 0.642283 0.394974
vt 0.309614 0.056807
vt 0.643707 0.391993
vt 0.644101 0.389198
vt 0.643208 0.386922
vt 0.362757 0.058067
vt 0.642116 0.384936
vt 0.640901 0.382728
vt 0.366180 0.058987
vt 0.369904 0.060307
vt 0.639257 0.380467
vt 0.636857 0.378328
vt 0.633641 0.376394
vt 0.630203 0.374782
vt 0.619235 0.196053
vt 0.620248 0.197247
vt 0.627041 0.374016
vt 0.622454 0.373016
vt 0.610280 0.374215
vt 0.604671 0.373365
vt 0.621211 0.198723
vt 0.622112 0.200401
vt 0.600738 0.372959
vt 0.594684 0.372141
vt 0.591604 0.370298
vt 0.591730 0.366171
vt 0.592434 0.361325
vt 0.590493 0.358133
vt 0.590033 0.354578
vt 0.622937 0.202202
vt 0.623674 0.204049
vt 0.590124 0.351377
vt 0.592039 0.344856
vt 0.624309 0.205861
vt 0.624827 0.207561
vt 0.591737 0.343111
vt 0.591265 0.341913
vt 0.591059 0.340861
vt 0.625212 0.209069
vt 0.625444 0.210307
vt 0.591038 0.340085
vt 0.591049 0.339109
vt 0.589867 0.337131
vt 0.588717 0.333106
vt 0.625501 0.211197
vt 0.624926 0.211767
vt 0.587184 0.328877
vt 0.582470 0.325324
vt 0.576120 0.322376
vt 0.568861 0.319001
vt 0.562279 0.316408
vt 0.557183 0.315084
vt 0.553374 0.313947
vt 0.550491 0.313041
vt 0.548325 0.312133
vt 0.544416 0.310337
vt 0.539924 0.310554
vt 0.536650 0.311717
vt 0.534526 0.308441
vt 0.526332 0.305301
vt 0.515461 0.303713
vt 0.501525 0.302007
vt 0.498599 0.300902
vt 0.495959 0.299687
vt 0.493547 0.298144
vt 0.491760 0.296168
vt 0.492760 0.293455
vt 0.499337 0.292415
vt 0.505582 0.291712
vt 0.511557 0.291988
vt 0.515441 0.291883
vt 0.519469 0.291623
vt 0.524794 0.291191
vt 0.531398 0.291181
vt 0.555554 0.292025
vt 0.563726 0.292693
vt 0.577563 0.293623
vt 0.590808 0.293623
vt 0.597803 0.292200
vt 0.605662 0.291616
vt 0.613768 0.291315
vt 0.620270 0.290135
vt 0.625738 0.289029
vt 0.585214 0.221138
vt 0.586302 0.220581
vt 0.604502 0.218276
vt 0.584612 0.221952
vt 0.584756 0.221536
vt 0.588982 0.223727
vt 0.585524 0.222733
vt 0.593722 0.225010
vt 0.606585 0.231013
vt 0.611064 0.216583
vt 0.612363 0.238278
vt 0.612021 0.236218
vt 0.611935 0.233631
vt 0.614880 0.215355
vt 0.612449 0.239371
vt 0.612288 0.239039
vt 0.618147 0.214297
vt 0.621054 0.213342
vt 0.623381 0.212491
vt 0.628978 0.287847
vt 0.594076 0.248140
vt 0.607297 0.242012
vt 0.608907 0.241688
vt 0.581033 0.250086
vt 0.584716 0.249534
vt 0.588936 0.248916
vt 0.578442 0.250534
vt 0.541187 0.252372
vt 0.543985 0.252160
vt 0.573253 0.251233
vt 0.539396 0.252621
vt 0.538173 0.252720
vt 0.531943 0.252860
vt 0.534197 0.252784
vt 0.536362 0.252751
vt 0.524783 0.253423
vt 0.526348 0.253300
vt 0.630645 0.286069
vt 0.632174 0.284136
vt 0.634717 0.282553
vt 0.636861 0.280849
vt 0.518213 0.253430
vt 0.519202 0.253300
vt 0.521018 0.253413
vt 0.513469 0.254694
vt 0.523038 0.253479
vt 0.637343 0.279869
vt 0.637695 0.278509
vt 0.637993 0.276806
vt 0.638955 0.274891
vt 0.640468 0.273001
vt 0.641414 0.271466
vt 0.502625 0.254837
vt 0.506075 0.254683
vt 0.509249 0.254741
vt 0.497705 0.255264
vt 0.499764 0.255073
vt 0.492292 0.257041
vt 0.493815 0.256011
vt 0.492444 0.259084
vt 0.492026 0.258127
vt 0.493975 0.260459
vt 0.493210 0.259846
vt 0.494934 0.261978
vt 0.494687 0.261508
vt 0.494448 0.261002
vt 0.495319 0.262401
vt 0.511684 0.254768
vt 0.496345 0.263048
vt 0.495819 0.262761
vt 0.503648 0.266068
vt 0.501248 0.265175
vt 0.507117 0.267102
vt 0.505619 0.266699
vt 0.508969 0.267475
vt 0.508202 0.267340
vt 0.510002 0.267613
vt 0.510517 0.267689
vt 0.517377 0.268734
vt 0.512172 0.268004
vt 0.511198 0.267812
vt 0.531362 0.268757
vt 0.523835 0.268886
vt 0.546298 0.268496
vt 0.538447 0.268708
vt 0.581554 0.267934
vt 0.577688 0.268014
vt 0.554592 0.268125
vt 0.576356 0.250840
vt 0.597241 0.268447
vt 0.591160 0.268237
vt 0.584079 0.267946
vt 0.610034 0.241022
vt 0.607457 0.268698
vt 0.602639 0.268667
vt 0.611831 0.239876
vt 0.611926 0.268579
vt 0.624730 0.268715
vt 0.618762 0.268698
vt 0.615706 0.268588
vt 0.641251 0.270308
vt 0.626109 0.268663
vt 0.639784 0.269465
vt 0.637320 0.268900
vt 0.627346 0.268632
vt 0.564242 0.913347
vt 0.564005 0.913106
vt 0.563912 0.912833
vt 0.563961 0.912540
vt 0.564154 0.912232
vt 0.564493 0.911913
vt 0.564996 0.911583
vt 0.566613 0.910911
vt 0.567796 0.910596
vt 0.572572 0.910007
vt 0.580597 0.909618
vt 0.564620 0.913551
vt 0.565815 0.913931
vt 0.565139 0.913730
vt 0.570558 0.916228
vt 0.567941 0.915130
vt 0.566525 0.914295
vt 0.578897 0.917711
vt 0.574073 0.916944
vt 0.591264 0.907831
vt 0.585011 0.919537
vt 0.597850 0.906712
vt 0.596005 0.927936
vt 0.593929 0.926107
vt 0.590515 0.923000
vt 0.600228 0.905987
vt 0.602054 0.904842
vt 0.604362 0.903458
vt 0.597683 0.928794
vt 0.600372 0.929550
vt 0.599248 0.929252
vt 0.606655 0.902067
vt 0.601440 0.929899
vt 0.603194 0.930711
vt 0.608002 0.900687
vt 0.608146 0.899170
vt 0.607286 0.897014
vt 0.606974 0.894302
vt 0.607367 0.888912
vt 0.603601 0.931221
vt 0.841104 0.998999
vt 0.600443 0.933289
vt 0.602473 0.932502
vt 0.209593 0.592062
vt 0.206242 0.595239
vt 0.001001 0.501001
vt 0.212972 0.589090
vt 0.603435 0.931815
vt 0.216303 0.586511
vt 0.219373 0.584461
vt 0.841104 0.501001
vt 0.222104 0.583126
vt 0.225758 0.581843
vt 0.230216 0.580619
vt 0.235325 0.579449
vt 0.603933 0.885923
vt 0.600074 0.883674
vt 0.240970 0.578346
vt 0.247100 0.577354
vt 0.595875 0.881343
vt 0.590748 0.879301
vt 0.586377 0.877573
vt 0.582917 0.875560
vt 0.253607 0.576493
vt 0.260293 0.575733
vt 0.580074 0.873100
vt 0.577746 0.868932
vt 0.582794 0.865441
vt 0.585860 0.864106
vt 0.587769 0.863593
vt 0.267022 0.575072
vt 0.592597 0.860806
vt 0.273663 0.574513
vt 0.301959 0.572672
vt 0.293569 0.573197
vt 0.280043 0.574042
vt 0.591869 0.856829
vt 0.387285 0.565281
vt 0.312224 0.571900
vt 0.590804 0.852470
vt 0.584536 0.837834
vt 0.576090 0.832472
vt 0.567359 0.826806
vt 0.395273 0.564702
vt 0.402019 0.564378
vt 0.563478 0.821374
vt 0.563091 0.816660
vt 0.563884 0.812863
vt 0.565862 0.806882
vt 0.409816 0.564923
vt 0.417820 0.566765
vt 0.566381 0.803132
vt 0.426391 0.569344
vt 0.435324 0.572819
vt 0.550722 0.796796
vt 0.533935 0.790857
vt 0.516800 0.779641
vt 0.524612 0.771399
vt 0.542616 0.763975
vt 0.554823 0.758163
vt 0.563303 0.755777
vt 0.443318 0.577617
vt 0.466120 0.591007
vt 0.459274 0.587322
vt 0.481008 0.597790
vt 0.471460 0.593742
vt 0.495862 0.600986
vt 0.490162 0.600523
vt 0.503182 0.600721
vt 0.572659 0.748102
vt 0.511003 0.600573
vt 0.579468 0.600886
vt 0.573023 0.600954
vt 0.585783 0.600752
vt 0.575662 0.743516
vt 0.591802 0.601304
vt 0.576246 0.741917
vt 0.576317 0.741151
vt 0.594681 0.603266
vt 0.594948 0.606402
vt 0.576277 0.740607
vt 0.576140 0.740132
vt 0.593127 0.610471
vt 0.589900 0.615278
vt 0.575882 0.739638
vt 0.575469 0.739081
vt 0.585581 0.620510
vt 0.571656 0.636842
vt 0.575657 0.631519
vt 0.568105 0.645994
vt 0.569224 0.641744
vt 0.567800 0.651285
vt 0.567888 0.649209
vt 0.562131 0.659580
vt 0.564142 0.656137
vt 0.566490 0.653572
vt 0.560252 0.665549
vt 0.554279 0.679199
vt 0.553837 0.675292
vt 0.558173 0.669249
vt 0.549991 0.691676
vt 0.550815 0.689011
vt 0.553246 0.682838
vt 0.574879 0.738442
vt 0.572377 0.736431
vt 0.571571 0.735852
vt 0.570945 0.735312
vt 0.548029 0.697475
vt 0.549609 0.700175
vt 0.570504 0.734828
vt 0.569835 0.733912
vt 0.548547 0.706583
vt 0.547952 0.704865
vt 0.561120 0.725104
vt 0.559335 0.722777
vt 0.557663 0.720262
vt 0.557073 0.718449
vt 0.555803 0.716657
vt 0.552529 0.714151
vt 0.549797 0.710596
s 0
usemtl Material.006
f 29/1/1 22/2/1 14/3/1
f 132/4/1 124/5/1 92/6/1
f 226/7/1 223/8/1 221/9/1
f 305/10/1 301/11/1 297/12/1
f 385/13/1 374/14/1 370/15/1
f 478/16/1 463/17/1 447/18/1
f 570/19/1 567/20/1 564/21/1
f 622/22/1 611/23/1 603/24/1
f 761/25/1 752/26/1 740/27/1
f 800/28/1 793/29/1 777/30/1
f 914/31/1 908/32/1 900/33/1
f 972/34/1 970/35/1 963/36/1
f 1080/37/1 1056/38/1 1046/39/1
f 1151/40/1 1146/41/1 1142/42/1
f 1178/43/1 1609/44/1 1632/45/1
f 1700/46/1 1792/47/1 1688/48/1
f 2/49/1 1/50/1 84/51/1
f 84/51/1 83/52/1 82/53/1
f 82/53/1 81/54/1 80/55/1
f 84/51/1 82/53/1 80/55/1
f 3/56/1 2/49/1 84/51/1
f 4/57/1 3/56/1 84/51/1
f 84/51/1 80/55/1 79/58/1
f 78/59/1 77/60/1 76/61/1
f 4/57/1 84/51/1 79/58/1
f 79/58/1 78/59/1 76/61/1
f 76/61/1 75/62/1 74/63/1
f 74/63/1 73/64/1 72/65/1
f 74/63/1 72/65/1 71/66/1
f 79/58/1 76/61/1 74/63/1
f 5/67/1 4/57/1 79/58/1
f 5/67/1 79/58/1 74/63/1
f 5/67/1 74/63/1 71/66/1
f 6/68/1 5/67/1 71/66/1
f 6/68/1 71/66/1 70/69/1
f 6/68/1 70/69/1 69/70/1
f 6/68/1 69/70/1 68/71/1
f 6/68/1 68/71/1 67/72/1
f 6/68/1 67/72/1 66/73/1
f 6/68/1 66/73/1 65/74/1
f 64/75/1 63/76/1 62/77/1
f 6/68/1 65/74/1 64/75/1
f 6/68/1 64/75/1 62/77/1
f 62/77/1 61/78/1 60/79/1
f 60/79/1 59/80/1 58/81/1
f 58/81/1 57/82/1 56/83/1
f 56/83/1 55/84/1 54/85/1
f 54/85/1 53/86/1 52/87/1
f 52/87/1 51/88/1 50/89/1
f 49/90/1 48/91/1 47/92/1
f 54/85/1 52/87/1 50/89/1
f 49/90/1 47/92/1 46/93/1
f 54/85/1 50/89/1 49/90/1
f 58/81/1 56/83/1 54/85/1
f 62/77/1 60/79/1 58/81/1
f 7/94/1 6/68/1 62/77/1
f 7/94/1 62/77/1 58/81/1
f 58/81/1 54/85/1 49/90/1
f 46/93/1 45/95/1 44/96/1
f 58/81/1 49/90/1 46/93/1
f 7/94/1 58/81/1 46/93/1
f 46/93/1 44/96/1 43/97/1
f 43/97/1 42/98/1 41/99/1
f 41/99/1 40/100/1 39/101/1
f 43/97/1 41/99/1 39/101/1
f 7/94/1 46/93/1 43/97/1
f 8/102/1 7/94/1 43/97/1
f 43/97/1 39/101/1 38/103/1
f 37/104/1 36/105/1 35/106/1
f 8/102/1 43/97/1 38/103/1
f 37/104/1 35/106/1 34/107/1
f 8/102/1 38/103/1 37/104/1
f 11/108/1 10/109/1 9/110/1
f 9/110/1 8/102/1 37/104/1
f 37/104/1 34/107/1 33/111/1
f 33/111/1 32/112/1 31/113/1
f 33/111/1 31/113/1 30/114/1
f 9/110/1 37/104/1 33/111/1
f 12/115/1 11/108/1 9/110/1
f 14/3/1 13/116/1 12/115/1
f 16/117/1 15/118/1 14/3/1
f 18/119/1 17/120/1 16/117/1
f 20/121/1 19/122/1 18/119/1
f 22/2/1 21/123/1 20/121/1
f 24/124/1 23/125/1 22/2/1
f 26/126/1 25/127/1 24/124/1
f 28/128/1 27/129/1 26/126/1
f 33/111/1 30/114/1 29/1/1
f 29/1/1 28/128/1 26/126/1
f 26/126/1 24/124/1 22/2/1
f 22/2/1 20/121/1 18/119/1
f 18/119/1 16/117/1 14/3/1
f 14/3/1 12/115/1 9/110/1
f 9/110/1 33/111/1 29/1/1
f 29/1/1 26/126/1 22/2/1
f 22/2/1 18/119/1 14/3/1
f 14/3/1 9/110/1 29/1/1
f 86/130/1 85/131/1 156/132/1
f 156/132/1 155/133/1 154/134/1
f 154/134/1 153/135/1 152/136/1
f 152/136/1 151/137/1 150/138/1
f 150/138/1 149/139/1 148/140/1
f 150/138/1 148/140/1 147/141/1
f 154/134/1 152/136/1 150/138/1
f 86/130/1 156/132/1 154/134/1
f 88/142/1 87/143/1 86/130/1
f 90/144/1 89/145/1 88/142/1
f 92/6/1 91/146/1 90/144/1
f 94/147/1 93/148/1 92/6/1
f 96/149/1 95/150/1 94/147/1
f 98/151/1 97/152/1 96/149/1
f 100/153/1 99/154/1 98/151/1
f 102/155/1 101/156/1 100/153/1
f 104/157/1 103/158/1 102/155/1
f 106/159/1 105/160/1 104/157/1
f 108/161/1 107/162/1 106/159/1
f 110/163/1 109/164/1 108/161/1
f 112/165/1 111/166/1 110/163/1
f 114/167/1 113/168/1 112/165/1
f 116/169/1 115/170/1 114/167/1
f 118/171/1 117/172/1 116/169/1
f 119/173/1 118/171/1 116/169/1
f 116/169/1 114/167/1 112/165/1
f 112/165/1 110/163/1 108/161/1
f 108/161/1 106/159/1 104/157/1
f 104/157/1 102/155/1 100/153/1
f 100/153/1 98/151/1 96/149/1
f 96/149/1 94/147/1 92/6/1
f 92/6/1 90/144/1 88/142/1
f 88/142/1 86/130/1 154/134/1
f 154/134/1 150/138/1 147/141/1
f 154/134/1 147/141/1 146/174/1
f 92/6/1 88/142/1 154/134/1
f 100/153/1 96/149/1 92/6/1
f 108/161/1 104/157/1 100/153/1
f 116/169/1 112/165/1 108/161/1
f 119/173/1 116/169/1 108/161/1
f 108/161/1 100/153/1 92/6/1
f 92/6/1 154/134/1 146/174/1
f 145/175/1 144/176/1 143/177/1
f 92/6/1 146/174/1 145/175/1
f 119/173/1 108/161/1 92/6/1
f 122/178/1 121/179/1 120/180/1
f 120/180/1 119/173/1 92/6/1
f 92/6/1 145/175/1 143/177/1
f 143/177/1 142/181/1 141/182/1
f 141/182/1 140/183/1 139/184/1
f 139/184/1 138/185/1 137/186/1
f 137/186/1 136/187/1 135/188/1
f 137/186/1 135/188/1 134/189/1
f 141/182/1 139/184/1 137/186/1
f 92/6/1 143/177/1 141/182/1
f 122/178/1 120/180/1 92/6/1
f 124/5/1 123/190/1 122/178/1
f 126/191/1 125/192/1 124/5/1
f 128/193/1 127/194/1 126/191/1
f 130/195/1 129/196/1 128/193/1
f 131/197/1 130/195/1 128/193/1
f 128/193/1 126/191/1 124/5/1
f 124/5/1 122/178/1 92/6/1
f 92/6/1 141/182/1 137/186/1
f 137/186/1 134/189/1 133/198/1
f 132/4/1 131/197/1 128/193/1
f 92/6/1 137/186/1 133/198/1
f 132/4/1 128/193/1 124/5/1
f 92/6/1 133/198/1 132/4/1
f 158/199/1 157/200/1 264/201/1
f 264/201/1 263/202/1 262/203/1
f 264/201/1 262/203/1 261/204/1
f 159/205/1 158/199/1 264/201/1
f 161/206/1 160/207/1 159/205/1
f 163/208/1 162/209/1 161/206/1
f 165/210/1 164/211/1 163/208/1
f 167/212/1 166/213/1 165/210/1
f 168/214/1 167/212/1 165/210/1
f 165/210/1 163/208/1 161/206/1
f 161/206/1 159/205/1 264/201/1
f 161/206/1 264/201/1 261/204/1
f 168/214/1 165/210/1 161/206/1
f 171/215/1 170/216/1 169/217/1
f 169/217/1 168/214/1 161/206/1
f 161/206/1 261/204/1 260/218/1
f 161/206/1 260/218/1 259/219/1
f 171/215/1 169/217/1 161/206/1
f 173/220/1 172/221/1 171/215/1
f 175/222/1 174/223/1 173/220/1
f 177/224/1 176/225/1 175/222/1
f 179/226/1 178/227/1 177/224/1
f 181/228/1 180/229/1 179/226/1
f 182/230/1 181/228/1 179/226/1
f 179/226/1 177/224/1 175/222/1
f 175/222/1 173/220/1 171/215/1
f 171/215/1 161/206/1 259/219/1
f 171/215/1 259/219/1 258/231/1
f 179/226/1 175/222/1 171/215/1
f 183/232/1 182/230/1 179/226/1
f 185/233/1 184/234/1 183/232/1
f 187/235/1 186/236/1 185/233/1
f 189/237/1 188/238/1 187/235/1
f 191/239/1 190/240/1 189/237/1
f 194/241/1 193/242/1 192/243/1
f 192/243/1 191/239/1 189/237/1
f 189/237/1 187/235/1 185/233/1
f 185/233/1 183/232/1 179/226/1
f 179/226/1 171/215/1 258/231/1
f 257/244/1 256/245/1 255/246/1
f 179/226/1 258/231/1 257/244/1
f 189/237/1 185/233/1 179/226/1
f 194/241/1 192/243/1 189/237/1
f 196/247/1 195/248/1 194/241/1
f 199/249/1 198/250/1 197/251/1
f 197/251/1 196/247/1 194/241/1
f 194/241/1 189/237/1 179/226/1
f 179/226/1 257/244/1 255/246/1
f 179/226/1 255/246/1 254/252/1
f 197/251/1 194/241/1 179/226/1
f 201/253/1 200/254/1 199/249/1
f 199/249/1 197/251/1 179/226/1
f 179/226/1 254/252/1 253/255/1
f 252/256/1 251/257/1 250/258/1
f 179/226/1 253/255/1 252/256/1
f 201/253/1 199/249/1 179/226/1
f 204/259/1 203/260/1 202/261/1
f 202/261/1 201/253/1 179/226/1
f 179/226/1 252/256/1 250/258/1
f 250/258/1 249/262/1 248/263/1
f 247/264/1 246/265/1 245/266/1
f 250/258/1 248/263/1 247/264/1
f 202/261/1 179/226/1 250/258/1
f 205/267/1 204/259/1 202/261/1
f 208/268/1 207/269/1 206/270/1
f 205/267/1 202/261/1 250/258/1
f 209/271/1 208/268/1 206/270/1
f 206/270/1 205/267/1 250/258/1
f 206/270/1 250/258/1 247/264/1
f 210/272/1 209/271/1 206/270/1
f 213/273/1 212/274/1 211/275/1
f 211/275/1 210/272/1 206/270/1
f 206/270/1 247/264/1 245/266/1
f 245/266/1 244/276/1 243/277/1
f 243/277/1 242/278/1 241/279/1
f 243/277/1 241/279/1 240/280/1
f 206/270/1 245/266/1 243/277/1
f 213/273/1 211/275/1 206/270/1
f 216/281/1 215/282/1 214/283/1
f 214/283/1 213/273/1 206/270/1
f 206/270/1 243/277/1 240/280/1
f 239/284/1 238/285/1 237/286/1
f 206/270/1 240/280/1 239/284/1
f 216/281/1 214/283/1 206/270/1
f 219/287/1 218/288/1 217/289/1
f 217/289/1 216/281/1 206/270/1
f 206/270/1 239/284/1 237/286/1
f 237/286/1 236/290/1 235/291/1
f 235/291/1 234/292/1 233/293/1
f 233/293/1 232/294/1 231/295/1
f 231/295/1 230/296/1 229/297/1
f 229/297/1 228/298/1 227/299/1
f 229/297/1 227/299/1 226/7/1
f 233/293/1 231/295/1 229/297/1
f 237/286/1 235/291/1 233/293/1
f 217/289/1 206/270/1 237/286/1
f 220/300/1 219/287/1 217/289/1
f 223/8/1 222/301/1 221/9/1
f 221/9/1 220/300/1 217/289/1
f 217/289/1 237/286/1 233/293/1
f 233/293/1 229/297/1 226/7/1
f 225/302/1 224/303/1 223/8/1
f 217/289/1 233/293/1 226/7/1
f 226/7/1 225/302/1 223/8/1
f 221/9/1 217/289/1 226/7/1
f 266/304/1 265/305/1 348/306/1
f 348/306/1 347/307/1 346/308/1
f 346/308/1 345/309/1 344/310/1
f 344/310/1 343/311/1 342/312/1
f 342/312/1 341/313/1 340/314/1
f 340/314/1 339/315/1 338/316/1
f 338/316/1 337/317/1 336/318/1
f 340/314/1 338/316/1 336/318/1
f 344/310/1 342/312/1 340/314/1
f 348/306/1 346/308/1 344/310/1
f 267/319/1 266/304/1 348/306/1
f 269/320/1 268/321/1 267/319/1
f 271/322/1 270/323/1 269/320/1
f 271/322/1 269/320/1 267/319/1
f 267/319/1 348/306/1 344/310/1
f 344/310/1 340/314/1 336/318/1
f 344/310/1 336/318/1 335/324/1
f 271/322/1 267/319/1 344/310/1
f 272/325/1 271/322/1 344/310/1
f 344/310/1 335/324/1 334/326/1
f 333/327/1 332/328/1 331/329/1
f 344/310/1 334/326/1 333/327/1
f 273/330/1 272/325/1 344/310/1
f 273/330/1 344/310/1 333/327/1
f 333/327/1 331/329/1 330/331/1
f 330/331/1 329/332/1 328/333/1
f 328/333/1 327/334/1 326/335/1
f 326/335/1 325/336/1 324/337/1
f 324/337/1 323/338/1 322/339/1
f 321/340/1 320/341/1 319/342/1
f 324/337/1 322/339/1 321/340/1
f 328/333/1 326/335/1 324/337/1
f 333/327/1 330/331/1 328/333/1
f 274/343/1 273/330/1 333/327/1
f 277/344/1 276/345/1 275/346/1
f 275/346/1 274/343/1 333/327/1
f 333/327/1 328/333/1 324/337/1
f 321/340/1 319/342/1 318/347/1
f 333/327/1 324/337/1 321/340/1
f 277/344/1 275/346/1 333/327/1
f 279/348/1 278/349/1 277/344/1
f 281/350/1 280/351/1 279/348/1
f 284/352/1 283/353/1 282/354/1
f 282/354/1 281/350/1 279/348/1
f 279/348/1 277/344/1 333/327/1
f 333/327/1 321/340/1 318/347/1
f 318/347/1 317/355/1 316/356/1
f 316/356/1 315/357/1 314/358/1
f 314/358/1 313/359/1 312/360/1
f 311/361/1 310/362/1 309/363/1
f 316/356/1 314/358/1 312/360/1
f 311/361/1 309/363/1 308/364/1
f 316/356/1 312/360/1 311/361/1
f 333/327/1 318/347/1 316/356/1
f 282/354/1 279/348/1 333/327/1
f 285/365/1 284/352/1 282/354/1
f 288/366/1 287/367/1 286/368/1
f 285/365/1 282/354/1 333/327/1
f 286/368/1 285/365/1 333/327/1
f 333/327/1 316/356/1 311/361/1
f 333/327/1 311/361/1 308/364/1
f 288/366/1 286/368/1 333/327/1
f 290/369/1 289/370/1 288/366/1
f 293/371/1 292/372/1 291/373/1
f 291/373/1 290/369/1 288/366/1
f 288/366/1 333/327/1 308/364/1
f 288/366/1 308/364/1 307/374/1
f 294/375/1 293/371/1 291/373/1
f 291/373/1 288/366/1 307/374/1
f 291/373/1 307/374/1 306/376/1
f 295/377/1 294/375/1 291/373/1
f 297/12/1 296/378/1 295/377/1
f 299/379/1 298/380/1 297/12/1
f 300/381/1 299/379/1 297/12/1
f 297/12/1 295/377/1 291/373/1
f 291/373/1 306/376/1 305/10/1
f 305/10/1 304/382/1 303/383/1
f 305/10/1 303/383/1 302/384/1
f 297/12/1 291/373/1 305/10/1
f 301/11/1 300/381/1 297/12/1
f 305/10/1 302/384/1 301/11/1
f 431/385/1 430/386/1 429/387/1
f 429/387/1 428/388/1 427/389/1
f 429/387/1 427/389/1 426/390/1
f 432/391/1 431/385/1 429/387/1
f 432/391/1 429/387/1 426/390/1
f 432/391/1 426/390/1 425/392/1
f 349/393/1 432/391/1 425/392/1
f 424/394/1 423/395/1 422/396/1
f 350/397/1 349/393/1 425/392/1
f 425/392/1 424/394/1 422/396/1
f 422/396/1 421/398/1 420/399/1
f 420/399/1 419/400/1 418/401/1
f 418/401/1 417/402/1 416/403/1
f 416/403/1 415/404/1 414/405/1
f 414/405/1 413/406/1 412/407/1
f 412/407/1 411/408/1 410/409/1
f 410/409/1 409/410/1 408/411/1
f 408/411/1 407/412/1 406/413/1
f 406/413/1 405/414/1 404/415/1
f 404/415/1 403/416/1 402/417/1
f 401/418/1 400/419/1 399/420/1
f 404/415/1 402/417/1 401/418/1
f 408/411/1 406/413/1 404/415/1
f 412/407/1 410/409/1 408/411/1
f 416/403/1 414/405/1 412/407/1
f 420/399/1 418/401/1 416/403/1
f 425/392/1 422/396/1 420/399/1
f 350/397/1 425/392/1 420/399/1
f 420/399/1 416/403/1 412/407/1
f 412/407/1 408/411/1 404/415/1
f 401/418/1 399/420/1 398/421/1
f 412/407/1 404/415/1 401/418/1
f 350/397/1 420/399/1 412/407/1
f 351/422/1 350/397/1 412/407/1
f 412/407/1 401/418/1 398/421/1
f 412/407/1 398/421/1 397/423/1
f 352/424/1 351/422/1 412/407/1
f 354/425/1 353/426/1 352/424/1
f 352/424/1 412/407/1 397/423/1
f 352/424/1 397/423/1 396/427/1
f 354/425/1 352/424/1 396/427/1
f 395/428/1 394/429/1 393/430/1
f 354/425/1 396/427/1 395/428/1
f 355/431/1 354/425/1 395/428/1
f 395/428/1 393/430/1 392/432/1
f 392/432/1 391/433/1 390/434/1
f 389/435/1 388/436/1 387/437/1
f 392/432/1 390/434/1 389/435/1
f 355/431/1 395/428/1 392/432/1
f 358/438/1 357/439/1 356/440/1
f 356/440/1 355/431/1 392/432/1
f 392/432/1 389/435/1 387/437/1
f 392/432/1 387/437/1 386/441/1
f 358/438/1 356/440/1 392/432/1
f 360/442/1 359/443/1 358/438/1
f 362/444/1 361/445/1 360/442/1
f 363/446/1 362/444/1 360/442/1
f 360/442/1 358/438/1 392/432/1
f 360/442/1 392/432/1 386/441/1
f 364/447/1 363/446/1 360/442/1
f 366/448/1 365/449/1 364/447/1
f 367/450/1 366/448/1 364/447/1
f 364/447/1 360/442/1 386/441/1
f 385/13/1 384/451/1 383/452/1
f 364/447/1 386/441/1 385/13/1
f 367/450/1 364/447/1 385/13/1
f 385/13/1 383/452/1 382/453/1
f 382/453/1 381/454/1 380/455/1
f 379/456/1 378/457/1 377/458/1
f 385/13/1 382/453/1 380/455/1
f 379/456/1 377/458/1 376/459/1
f 385/13/1 380/455/1 379/456/1
f 368/460/1 367/450/1 385/13/1
f 370/15/1 369/461/1 368/460/1
f 372/462/1 371/463/1 370/15/1
f 374/14/1 373/464/1 372/462/1
f 376/459/1 375/465/1 374/14/1
f 385/13/1 379/456/1 376/459/1
f 370/15/1 368/460/1 385/13/1
f 374/14/1 372/462/1 370/15/1
f 385/13/1 376/459/1 374/14/1
f 434/466/1 433/467/1 516/468/1
f 516/468/1 515/469/1 514/470/1
f 514/470/1 513/471/1 512/472/1
f 512/472/1 511/473/1 510/474/1
f 510/474/1 509/475/1 508/476/1
f 508/476/1 507/477/1 506/478/1
f 506/478/1 505/479/1 504/480/1
f 504/480/1 503/481/1 502/482/1
f 502/482/1 501/483/1 500/484/1
f 500/484/1 499/485/1 498/486/1
f 498/486/1 497/487/1 496/488/1
f 496/488/1 495/489/1 494/490/1
f 494/490/1 493/491/1 492/492/1
f 492/492/1 491/493/1 490/494/1
f 490/494/1 489/495/1 488/496/1
f 492/492/1 490/494/1 488/496/1
f 496/488/1 494/490/1 492/492/1
f 500/484/1 498/486/1 496/488/1
f 504/480/1 502/482/1 500/484/1
f 508/476/1 506/478/1 504/480/1
f 512/472/1 510/474/1 508/476/1
f 516/468/1 514/470/1 512/472/1
f 435/497/1 434/466/1 516/468/1
f 437/498/1 436/499/1 435/497/1
f 439/500/1 438/501/1 437/498/1
f 441/502/1 440/503/1 439/500/1
f 441/502/1 439/500/1 437/498/1
f 437/498/1 435/497/1 516/468/1
f 516/468/1 512/472/1 508/476/1
f 508/476/1 504/480/1 500/484/1
f 500/484/1 496/488/1 492/492/1
f 492/492/1 488/496/1 487/504/1
f 500/484/1 492/492/1 487/504/1
f 516/468/1 508/476/1 500/484/1
f 441/502/1 437/498/1 516/468/1
f 442/505/1 441/502/1 516/468/1
f 516/468/1 500/484/1 487/504/1
f 516/468/1 487/504/1 486/506/1
f 443/507/1 442/505/1 516/468/1
f 445/508/1 444/509/1 443/507/1
f 446/510/1 445/508/1 443/507/1
f 443/507/1 516/468/1 486/506/1
f 485/511/1 484/512/1 483/513/1
f 443/507/1 486/506/1 485/511/1
f 446/510/1 443/507/1 485/511/1
f 485/511/1 483/513/1 482/514/1
f 485/511/1 482/514/1 481/515/1
f 447/18/1 446/510/1 485/511/1
f 449/516/1 448/517/1 447/18/1
f 451/518/1 450/519/1 449/516/1
f 453/520/1 452/521/1 451/518/1
f 455/522/1 454/523/1 453/520/1
f 457/524/1 456/525/1 455/522/1
f 459/526/1 458/527/1 457/524/1
f 461/528/1 460/529/1 459/526/1
f 463/17/1 462/530/1 461/528/1
f 465/531/1 464/532/1 463/17/1
f 467/533/1 466/534/1 465/531/1
f 469/535/1 468/536/1 467/533/1
f 471/537/1 470/538/1 469/535/1
f 473/539/1 472/540/1 471/537/1
f 476/541/1 475/542/1 474/543/1
f 474/543/1 473/539/1 471/537/1
f 471/537/1 469/535/1 467/533/1
f 467/533/1 465/531/1 463/17/1
f 463/17/1 461/528/1 459/526/1
f 459/526/1 457/524/1 455/522/1
f 455/522/1 453/520/1 451/518/1
f 451/518/1 449/516/1 447/18/1
f 447/18/1 485/511/1 481/515/1
f 447/18/1 481/515/1 480/544/1
f 455/522/1 451/518/1 447/18/1
f 463/17/1 459/526/1 455/522/1
f 471/537/1 467/533/1 463/17/1
f 476/541/1 474/543/1 471/537/1
f 478/16/1 477/545/1 476/541/1
f 447/18/1 480/544/1 479/546/1
f 478/16/1 476/541/1 471/537/1
f 447/18/1 479/546/1 478/16/1
f 463/17/1 455/522/1 447/18/1
f 478/16/1 471/537/1 463/17/1
f 518/547/1 517/548/1 600/549/1
f 519/550/1 518/547/1 600/549/1
f 521/551/1 520/552/1 519/550/1
f 523/553/1 522/554/1 521/551/1
f 524/555/1 523/553/1 521/551/1
f 521/551/1 519/550/1 600/549/1
f 521/551/1 600/549/1 599/556/1
f 525/557/1 524/555/1 521/551/1
f 528/558/1 527/559/1 526/560/1
f 525/557/1 521/551/1 599/556/1
f 529/561/1 528/558/1 526/560/1
f 526/560/1 525/557/1 599/556/1
f 526/560/1 599/556/1 598/562/1
f 530/563/1 529/561/1 526/560/1
f 532/564/1 531/565/1 530/563/1
f 534/566/1 533/567/1 532/564/1
f 537/568/1 536/569/1 535/570/1
f 534/566/1 532/564/1 530/563/1
f 538/571/1 537/568/1 535/570/1
f 535/570/1 534/566/1 530/563/1
f 530/563/1 526/560/1 598/562/1
f 530/563/1 598/562/1 597/572/1
f 539/573/1 538/571/1 535/570/1
f 535/570/1 530/563/1 597/572/1
f 596/574/1 595/575/1 594/576/1
f 535/570/1 597/572/1 596/574/1
f 540/577/1 539/573/1 535/570/1
f 542/578/1 541/579/1 540/577/1
f 545/580/1 544/581/1 543/582/1
f 543/582/1 542/578/1 540/577/1
f 540/577/1 535/570/1 596/574/1
f 596/574/1 594/576/1 593/583/1
f 593/583/1 592/584/1 591/585/1
f 591/585/1 590/586/1 589/587/1
f 589/587/1 588/588/1 587/589/1
f 589/587/1 587/589/1 586/590/1
f 593/583/1 591/585/1 589/587/1
f 540/577/1 596/574/1 593/583/1
f 545/580/1 543/582/1 540/577/1
f 546/591/1 545/580/1 540/577/1
f 540/577/1 593/583/1 589/587/1
f 589/587/1 586/590/1 585/592/1
f 540/577/1 589/587/1 585/592/1
f 547/593/1 546/591/1 540/577/1
f 549/594/1 548/595/1 547/593/1
f 551/596/1 550/597/1 549/594/1
f 553/598/1 552/599/1 551/596/1
f 554/600/1 553/598/1 551/596/1
f 549/594/1 547/593/1 540/577/1
f 554/600/1 551/596/1 549/594/1
f 557/601/1 556/602/1 555/603/1
f 555/603/1 554/600/1 549/594/1
f 549/594/1 540/577/1 585/592/1
f 549/594/1 585/592/1 584/604/1
f 557/601/1 555/603/1 549/594/1
f 558/605/1 557/601/1 549/594/1
f 549/594/1 584/604/1 583/606/1
f 549/594/1 583/606/1 582/607/1
f 559/608/1 558/605/1 549/594/1
f 560/609/1 559/608/1 549/594/1
f 549/594/1 582/607/1 581/610/1
f 549/594/1 581/610/1 580/611/1
f 561/612/1 560/609/1 549/594/1
f 562/613/1 561/612/1 549/594/1
f 549/594/1 580/611/1 579/614/1
f 579/614/1 578/615/1 577/616/1
f 577/616/1 576/617/1 575/618/1
f 575/618/1 574/619/1 573/620/1
f 573/620/1 572/621/1 571/622/1
f 570/19/1 569/623/1 568/624/1
f 573/620/1 571/622/1 570/19/1
f 577/616/1 575/618/1 573/620/1
f 549/594/1 579/614/1 577/616/1
f 563/625/1 562/613/1 549/594/1
f 566/626/1 565/627/1 564/21/1
f 564/21/1 563/625/1 549/594/1
f 549/594/1 577/616/1 573/620/1
f 570/19/1 568/624/1 567/20/1
f 549/594/1 573/620/1 570/19/1
f 567/20/1 566/626/1 564/21/1
f 564/21/1 549/594/1 570/19/1
f 681/628/1 680/629/1 679/630/1
f 679/630/1 678/631/1 677/632/1
f 677/632/1 676/633/1 675/634/1
f 675/634/1 674/635/1 673/636/1
f 673/636/1 672/637/1 671/638/1
f 673/636/1 671/638/1 670/639/1
f 677/632/1 675/634/1 673/636/1
f 681/628/1 679/630/1 677/632/1
f 682/640/1 681/628/1 677/632/1
f 677/632/1 673/636/1 670/639/1
f 669/641/1 668/642/1 667/643/1
f 677/632/1 670/639/1 669/641/1
f 682/640/1 677/632/1 669/641/1
f 669/641/1 667/643/1 666/644/1
f 666/644/1 665/645/1 664/646/1
f 664/646/1 663/647/1 662/648/1
f 662/648/1 661/649/1 660/650/1
f 660/650/1 659/651/1 658/652/1
f 658/652/1 657/653/1 656/654/1
f 656/654/1 655/655/1 654/656/1
f 654/656/1 653/657/1 652/658/1
f 652/658/1 651/659/1 650/660/1
f 650/660/1 649/661/1 648/662/1
f 648/662/1 647/663/1 646/664/1
f 646/664/1 645/665/1 644/666/1
f 644/666/1 643/667/1 642/668/1
f 641/669/1 640/670/1 639/671/1
f 646/664/1 644/666/1 642/668/1
f 641/669/1 639/671/1 638/672/1
f 646/664/1 642/668/1 641/669/1
f 650/660/1 648/662/1 646/664/1
f 654/656/1 652/658/1 650/660/1
f 658/652/1 656/654/1 654/656/1
f 662/648/1 660/650/1 658/652/1
f 666/644/1 664/646/1 662/648/1
f 682/640/1 669/641/1 666/644/1
f 683/673/1 682/640/1 666/644/1
f 666/644/1 662/648/1 658/652/1
f 658/652/1 654/656/1 650/660/1
f 650/660/1 646/664/1 641/669/1
f 641/669/1 638/672/1 637/674/1
f 637/674/1 636/675/1 635/676/1
f 635/676/1 634/677/1 633/678/1
f 633/678/1 632/679/1 631/680/1
f 630/681/1 629/682/1 628/683/1
f 635/676/1 633/678/1 631/680/1
f 631/680/1 630/681/1 628/683/1
f 628/683/1 627/684/1 626/685/1
f 626/685/1 625/686/1 624/687/1
f 626/685/1 624/687/1 623/688/1
f 631/680/1 628/683/1 626/685/1
f 637/674/1 635/676/1 631/680/1
f 650/660/1 641/669/1 637/674/1
f 666/644/1 658/652/1 650/660/1
f 684/689/1 683/673/1 666/644/1
f 603/24/1 602/690/1 601/691/1
f 601/691/1 684/689/1 666/644/1
f 666/644/1 650/660/1 637/674/1
f 637/674/1 631/680/1 626/685/1
f 626/685/1 623/688/1 622/22/1
f 621/692/1 620/693/1 619/694/1
f 637/674/1 626/685/1 622/22/1
f 622/22/1 621/692/1 619/694/1
f 619/694/1 618/695/1 617/696/1
f 617/696/1 616/697/1 615/698/1
f 615/698/1 614/699/1 613/700/1
f 617/696/1 615/698/1 613/700/1
f 622/22/1 619/694/1 617/696/1
f 666/644/1 637/674/1 622/22/1
f 603/24/1 601/691/1 666/644/1
f 605/701/1 604/702/1 603/24/1
f 607/703/1 606/704/1 605/701/1
f 609/705/1 608/706/1 607/703/1
f 611/23/1 610/707/1 609/705/1
f 617/696/1 613/700/1 612/708/1
f 611/23/1 609/705/1 607/703/1
f 622/22/1 617/696/1 612/708/1
f 611/23/1 607/703/1 605/701/1
f 622/22/1 612/708/1 611/23/1
f 603/24/1 666/644/1 622/22/1
f 611/23/1 605/701/1 603/24/1
f 686/709/1 685/710/1 768/711/1
f 768/711/1 767/712/1 766/713/1
f 686/709/1 768/711/1 766/713/1
f 688/714/1 687/715/1 686/709/1
f 690/716/1 689/717/1 688/714/1
f 692/718/1 691/719/1 690/716/1
f 694/720/1 693/721/1 692/718/1
f 696/722/1 695/723/1 694/720/1
f 698/724/1 697/725/1 696/722/1
f 700/726/1 699/727/1 698/724/1
f 702/728/1 701/729/1 700/726/1
f 704/730/1 703/731/1 702/728/1
f 706/732/1 705/733/1 704/730/1
f 708/734/1 707/735/1 706/732/1
f 709/736/1 708/734/1 706/732/1
f 706/732/1 704/730/1 702/728/1
f 702/728/1 700/726/1 698/724/1
f 698/724/1 696/722/1 694/720/1
f 694/720/1 692/718/1 690/716/1
f 690/716/1 688/714/1 686/709/1
f 690/716/1 686/709/1 766/713/1
f 698/724/1 694/720/1 690/716/1
f 706/732/1 702/728/1 698/724/1
f 709/736/1 706/732/1 698/724/1
f 698/724/1 690/716/1 766/713/1
f 698/724/1 766/713/1 765/737/1
f 710/738/1 709/736/1 698/724/1
f 712/739/1 711/740/1 710/738/1
f 714/741/1 713/742/1 712/739/1
f 716/743/1 715/744/1 714/741/1
f 718/745/1 717/746/1 716/743/1
f 720/747/1 719/748/1 718/745/1
f 722/749/1 721/750/1 720/747/1
f 723/751/1 722/749/1 720/747/1
f 720/747/1 718/745/1 716/743/1
f 716/743/1 714/741/1 712/739/1
f 712/739/1 710/738/1 698/724/1
f 698/724/1 765/737/1 764/752/1
f 698/724/1 764/752/1 763/753/1
f 716/743/1 712/739/1 698/724/1
f 723/751/1 720/747/1 716/743/1
f 726/754/1 725/755/1 724/756/1
f 723/751/1 716/743/1 698/724/1
f 726/754/1 724/756/1 723/751/1
f 728/757/1 727/758/1 726/754/1
f 731/759/1 730/760/1 729/761/1
f 728/757/1 726/754/1 723/751/1
f 732/762/1 731/759/1 729/761/1
f 729/761/1 728/757/1 723/751/1
f 723/751/1 698/724/1 763/753/1
f 723/751/1 763/753/1 762/763/1
f 732/762/1 729/761/1 723/751/1
f 734/764/1 733/765/1 732/762/1
f 736/766/1 735/767/1 734/764/1
f 736/766/1 734/764/1 732/762/1
f 732/762/1 723/751/1 762/763/1
f 761/25/1 760/768/1 759/769/1
f 732/762/1 762/763/1 761/25/1
f 736/766/1 732/762/1 761/25/1
f 761/25/1 759/769/1 758/770/1
f 758/770/1 757/771/1 756/772/1
f 756/772/1 755/773/1 754/774/1
f 754/774/1 753/775/1 752/26/1
f 752/26/1 751/776/1 750/777/1
f 750/777/1 749/778/1 748/779/1
f 748/779/1 747/780/1 746/781/1
f 746/781/1 745/782/1 744/783/1
f 744/783/1 743/784/1 742/785/1
f 744/783/1 742/785/1 741/786/1
f 748/779/1 746/781/1 744/783/1
f 752/26/1 750/777/1 748/779/1
f 756/772/1 754/774/1 752/26/1
f 761/25/1 758/770/1 756/772/1
f 737/787/1 736/766/1 761/25/1
f 738/788/1 737/787/1 761/25/1
f 761/25/1 756/772/1 752/26/1
f 752/26/1 748/779/1 744/783/1
f 752/26/1 744/783/1 741/786/1
f 739/789/1 738/788/1 761/25/1
f 752/26/1 741/786/1 740/27/1
f 740/27/1 739/789/1 761/25/1
f 851/790/1 850/791/1 849/792/1
f 849/792/1 848/793/1 847/794/1
f 847/794/1 846/795/1 845/796/1
f 845/796/1 844/797/1 843/798/1
f 843/798/1 842/799/1 841/800/1
f 841/800/1 840/801/1 839/802/1
f 839/802/1 838/803/1 837/804/1
f 837/804/1 836/805/1 835/806/1
f 835/806/1 834/807/1 833/808/1
f 833/808/1 832/809/1 831/810/1
f 831/810/1 830/811/1 829/812/1
f 829/812/1 828/813/1 827/814/1
f 827/814/1 826/815/1 825/816/1
f 824/817/1 823/818/1 822/819/1
f 827/814/1 825/816/1 824/817/1
f 831/810/1 829/812/1 827/814/1
f 835/806/1 833/808/1 831/810/1
f 839/802/1 837/804/1 835/806/1
f 843/798/1 841/800/1 839/802/1
f 847/794/1 845/796/1 843/798/1
f 851/790/1 849/792/1 847/794/1
f 852/820/1 851/790/1 847/794/1
f 847/794/1 843/798/1 839/802/1
f 839/802/1 835/806/1 831/810/1
f 831/810/1 827/814/1 824/817/1
f 824/817/1 822/819/1 821/821/1
f 821/821/1 820/822/1 819/823/1
f 819/823/1 818/824/1 817/825/1
f 817/825/1 816/826/1 815/827/1
f 815/827/1 814/828/1 813/829/1
f 813/829/1 812/830/1 811/831/1
f 811/831/1 810/832/1 809/833/1
f 809/833/1 808/834/1 807/835/1
f 807/835/1 806/836/1 805/837/1
f 807/835/1 805/837/1 804/838/1
f 811/831/1 809/833/1 807/835/1
f 815/827/1 813/829/1 811/831/1
f 819/823/1 817/825/1 815/827/1
f 824/817/1 821/821/1 819/823/1
f 839/802/1 831/810/1 824/817/1
f 852/820/1 847/794/1 839/802/1
f 771/839/1 770/840/1 769/841/1
f 769/841/1 852/820/1 839/802/1
f 839/802/1 824/817/1 819/823/1
f 819/823/1 815/827/1 811/831/1
f 811/831/1 807/835/1 804/838/1
f 803/842/1 802/843/1 801/844/1
f 811/831/1 804/838/1 803/842/1
f 839/802/1 819/823/1 811/831/1
f 771/839/1 769/841/1 839/802/1
f 773/845/1 772/846/1 771/839/1
f 775/847/1 774/848/1 773/845/1
f 777/30/1 776/849/1 775/847/1
f 779/850/1 778/851/1 777/30/1
f 781/852/1 780/853/1 779/850/1
f 783/854/1 782/855/1 781/852/1
f 785/856/1 784/857/1 783/854/1
f 787/858/1 786/859/1 785/856/1
f 789/860/1 788/861/1 787/858/1
f 791/862/1 790/863/1 789/860/1
f 793/29/1 792/864/1 791/862/1
f 795/865/1 794/866/1 793/29/1
f 798/867/1 797/868/1 796/869/1
f 796/869/1 795/865/1 793/29/1
f 793/29/1 791/862/1 789/860/1
f 789/860/1 787/858/1 785/856/1
f 785/856/1 783/854/1 781/852/1
f 781/852/1 779/850/1 777/30/1
f 777/30/1 775/847/1 773/845/1
f 773/845/1 771/839/1 839/802/1
f 839/802/1 811/831/1 803/842/1
f 803/842/1 801/844/1 800/28/1
f 800/28/1 799/870/1 798/867/1
f 798/867/1 796/869/1 793/29/1
f 793/29/1 789/860/1 785/856/1
f 785/856/1 781/852/1 777/30/1
f 777/30/1 773/845/1 839/802/1
f 839/802/1 803/842/1 800/28/1
f 800/28/1 798/867/1 793/29/1
f 793/29/1 785/856/1 777/30/1
f 777/30/1 839/802/1 800/28/1
f 854/871/1 853/872/1 936/873/1
f 936/873/1 935/874/1 934/875/1
f 934/875/1 933/876/1 932/877/1
f 932/877/1 931/878/1 930/879/1
f 930/879/1 929/880/1 928/881/1
f 928/881/1 927/882/1 926/883/1
f 930/879/1 928/881/1 926/883/1
f 934/875/1 932/877/1 930/879/1
f 854/871/1 936/873/1 934/875/1
f 856/884/1 855/885/1 854/871/1
f 858/886/1 857/887/1 856/884/1
f 861/888/1 860/889/1 859/890/1
f 858/886/1 856/884/1 854/871/1
f 861/888/1 859/890/1 858/886/1
f 863/891/1 862/892/1 861/888/1
f 865/893/1 864/894/1 863/891/1
f 866/895/1 865/893/1 863/891/1
f 861/888/1 858/886/1 854/871/1
f 866/895/1 863/891/1 861/888/1
f 869/896/1 868/897/1 867/898/1
f 867/898/1 866/895/1 861/888/1
f 861/888/1 854/871/1 934/875/1
f 934/875/1 930/879/1 926/883/1
f 934/875/1 926/883/1 925/899/1
f 867/898/1 861/888/1 934/875/1
f 870/900/1 869/896/1 867/898/1
f 872/901/1 871/902/1 870/900/1
f 875/903/1 874/904/1 873/905/1
f 873/905/1 872/901/1 870/900/1
f 870/900/1 867/898/1 934/875/1
f 934/875/1 925/899/1 924/906/1
f 934/875/1 924/906/1 923/907/1
f 873/905/1 870/900/1 934/875/1
f 876/908/1 875/903/1 873/905/1
f 878/909/1 877/910/1 876/908/1
f 881/911/1 880/912/1 879/913/1
f 879/913/1 878/909/1 876/908/1
f 876/908/1 873/905/1 934/875/1
f 934/875/1 923/907/1 922/914/1
f 934/875/1 922/914/1 921/915/1
f 879/913/1 876/908/1 934/875/1
f 882/916/1 881/911/1 879/913/1
f 884/917/1 883/918/1 882/916/1
f 886/919/1 885/920/1 884/917/1
f 888/921/1 887/922/1 886/919/1
f 891/923/1 890/924/1 889/925/1
f 889/925/1 888/921/1 886/919/1
f 886/919/1 884/917/1 882/916/1
f 882/916/1 879/913/1 934/875/1
f 882/916/1 934/875/1 921/915/1
f 886/919/1 882/916/1 921/915/1
f 886/919/1 921/915/1 920/926/1
f 892/927/1 891/923/1 889/925/1
f 889/925/1 886/919/1 920/926/1
f 889/925/1 920/926/1 919/928/1
f 893/929/1 892/927/1 889/925/1
f 893/929/1 889/925/1 919/928/1
f 893/929/1 919/928/1 918/930/1
f 894/931/1 893/929/1 918/930/1
f 894/931/1 918/930/1 917/932/1
f 897/933/1 896/934/1 895/935/1
f 895/935/1 894/931/1 917/932/1
f 895/935/1 917/932/1 916/936/1
f 898/937/1 897/933/1 895/935/1
f 900/33/1 899/938/1 898/937/1
f 902/939/1 901/940/1 900/33/1
f 904/941/1 903/942/1 902/939/1
f 906/943/1 905/944/1 904/941/1
f 908/32/1 907/945/1 906/943/1
f 910/946/1 909/947/1 908/32/1
f 912/948/1 911/949/1 910/946/1
f 914/31/1 913/950/1 912/948/1
f 895/935/1 916/936/1 915/951/1
f 914/31/1 912/948/1 910/946/1
f 895/935/1 915/951/1 914/31/1
f 900/33/1 898/937/1 895/935/1
f 904/941/1 902/939/1 900/33/1
f 908/32/1 906/943/1 904/941/1
f 914/31/1 910/946/1 908/32/1
f 900/33/1 895/935/1 914/31/1
f 908/32/1 904/941/1 900/33/1
f 938/952/1 937/953/1 1020/954/1
f 1020/954/1 1019/955/1 1018/956/1
f 1018/956/1 1017/957/1 1016/958/1
f 1016/958/1 1015/959/1 1014/960/1
f 1014/960/1 1013/961/1 1012/962/1
f 1012/962/1 1011/963/1 1010/964/1
f 1014/960/1 1012/962/1 1010/964/1
f 1018/956/1 1016/958/1 1014/960/1
f 938/952/1 1020/954/1 1018/956/1
f 940/965/1 939/966/1 938/952/1
f 942/967/1 941/968/1 940/965/1
f 944/969/1 943/970/1 942/967/1
f 947/971/1 946/972/1 945/973/1
f 944/969/1 942/967/1 940/965/1
f 948/974/1 947/971/1 945/973/1
f 944/969/1 940/965/1 938/952/1
f 949/975/1 948/974/1 945/973/1
f 945/973/1 944/969/1 938/952/1
f 938/952/1 1018/956/1 1014/960/1
f 938/952/1 1014/960/1 1010/964/1
f 950/976/1 949/975/1 945/973/1
f 945/973/1 938/952/1 1010/964/1
f 945/973/1 1010/964/1 1009/977/1
f 951/978/1 950/976/1 945/973/1
f 952/979/1 951/978/1 945/973/1
f 945/973/1 1009/977/1 1008/980/1
f 1008/980/1 1007/981/1 1006/982/1
f 1006/982/1 1005/983/1 1004/984/1
f 1004/984/1 1003/985/1 1002/986/1
f 1002/986/1 1001/987/1 1000/988/1
f 1000/988/1 999/989/1 998/990/1
f 998/990/1 997/991/1 996/992/1
f 996/992/1 995/993/1 994/994/1
f 994/994/1 993/995/1 992/996/1
f 992/996/1 991/997/1 990/998/1
f 990/998/1 989/999/1 988/1000/1
f 988/1000/1 987/1001/1 986/1002/1
f 986/1002/1 985/1003/1 984/1004/1
f 984/1004/1 983/1005/1 982/1006/1
f 982/1006/1 981/1007/1 980/1008/1
f 982/1006/1 980/1008/1 979/1009/1
f 986/1002/1 984/1004/1 982/1006/1
f 990/998/1 988/1000/1 986/1002/1
f 994/994/1 992/996/1 990/998/1
f 998/990/1 996/992/1 994/994/1
f 1002/986/1 1000/988/1 998/990/1
f 1006/982/1 1004/984/1 1002/986/1
f 945/973/1 1008/980/1 1006/982/1
f 953/1010/1 952/979/1 945/973/1
f 954/1011/1 953/1010/1 945/973/1
f 945/973/1 1006/982/1 1002/986/1
f 1002/986/1 998/990/1 994/994/1
f 994/994/1 990/998/1 986/1002/1
f 986/1002/1 982/1006/1 979/1009/1
f 986/1002/1 979/1009/1 978/1012/1
f 1002/986/1 994/994/1 986/1002/1
f 954/1011/1 945/973/1 1002/986/1
f 957/1013/1 956/1014/1 955/1015/1
f 955/1015/1 954/1011/1 1002/986/1
f 1002/986/1 986/1002/1 978/1012/1
f 1002/986/1 978/1012/1 977/1016/1
f 957/1013/1 955/1015/1 1002/986/1
f 959/1017/1 958/1018/1 957/1013/1
f 961/1019/1 960/1020/1 959/1017/1
f 963/36/1 962/1021/1 961/1019/1
f 965/1022/1 964/1023/1 963/36/1
f 966/1024/1 965/1022/1 963/36/1
f 963/36/1 961/1019/1 959/1017/1
f 959/1017/1 957/1013/1 1002/986/1
f 1002/986/1 977/1016/1 976/1025/1
f 1002/986/1 976/1025/1 975/1026/1
f 963/36/1 959/1017/1 1002/986/1
f 967/1027/1 966/1024/1 963/36/1
f 970/35/1 969/1028/1 968/1029/1
f 968/1029/1 967/1027/1 963/36/1
f 963/36/1 1002/986/1 975/1026/1
f 974/1030/1 973/1031/1 972/34/1
f 963/36/1 975/1026/1 974/1030/1
f 970/35/1 968/1029/1 963/36/1
f 972/34/1 971/1032/1 970/35/1
f 963/36/1 974/1030/1 972/34/1
f 1022/1033/1 1021/1034/1 1104/1035/1
f 1104/1035/1 1103/1036/1 1102/1037/1
f 1102/1037/1 1101/1038/1 1100/1039/1
f 1100/1039/1 1099/1040/1 1098/1041/1
f 1098/1041/1 1097/1042/1 1096/1043/1
f 1096/1043/1 1095/1044/1 1094/1045/1
f 1098/1041/1 1096/1043/1 1094/1045/1
f 1102/1037/1 1100/1039/1 1098/1041/1
f 1022/1033/1 1104/1035/1 1102/1037/1
f 1024/1046/1 1023/1047/1 1022/1033/1
f 1025/1048/1 1024/1046/1 1022/1033/1
f 1022/1033/1 1102/1037/1 1098/1041/1
f 1022/1033/1 1098/1041/1 1094/1045/1
f 1025/1048/1 1022/1033/1 1094/1045/1
f 1025/1048/1 1094/1045/1 1093/1049/1
f 1026/1050/1 1025/1048/1 1093/1049/1
f 1026/1050/1 1093/1049/1 1092/1051/1
f 1027/1052/1 1026/1050/1 1092/1051/1
f 1027/1052/1 1092/1051/1 1091/1053/1
f 1030/1054/1 1029/1055/1 1028/1056/1
f 1028/1056/1 1027/1052/1 1091/1053/1
f 1028/1056/1 1091/1053/1 1090/1057/1
f 1031/1058/1 1030/1054/1 1028/1056/1
f 1032/1059/1 1031/1058/1 1028/1056/1
f 1028/1056/1 1090/1057/1 1089/1060/1
f 1088/1061/1 1087/1062/1 1086/1063/1
f 1028/1056/1 1089/1060/1 1088/1061/1
f 1033/1064/1 1032/1059/1 1028/1056/1
f 1035/1065/1 1034/1066/1 1033/1064/1
f 1037/1067/1 1036/1068/1 1035/1065/1
f 1039/1069/1 1038/1070/1 1037/1067/1
f 1041/1071/1 1040/1072/1 1039/1069/1
f 1043/1073/1 1042/1074/1 1041/1071/1
f 1045/1075/1 1044/1076/1 1043/1073/1
f 1048/1077/1 1047/1078/1 1046/39/1
f 1046/39/1 1045/1075/1 1043/1073/1
f 1043/1073/1 1041/1071/1 1039/1069/1
f 1039/1069/1 1037/1067/1 1035/1065/1
f 1035/1065/1 1033/1064/1 1028/1056/1
f 1028/1056/1 1088/1061/1 1086/1063/1
f 1086/1063/1 1085/1079/1 1084/1080/1
f 1084/1080/1 1083/1081/1 1082/1082/1
f 1082/1082/1 1081/1083/1 1080/37/1
f 1080/37/1 1079/1084/1 1078/1085/1
f 1078/1085/1 1077/1086/1 1076/1087/1
f 1076/1087/1 1075/1088/1 1074/1089/1
f 1074/1089/1 1073/1090/1 1072/1091/1
f 1072/1091/1 1071/1092/1 1070/1093/1
f 1070/1093/1 1069/1094/1 1068/1095/1
f 1068/1095/1 1067/1096/1 1066/1097/1
f 1066/1097/1 1065/1098/1 1064/1099/1
f 1064/1099/1 1063/1100/1 1062/1101/1
f 1062/1101/1 1061/1102/1 1060/1103/1
f 1060/1103/1 1059/1104/1 1058/1105/1
f 1060/1103/1 1058/1105/1 1057/1106/1
f 1064/1099/1 1062/1101/1 1060/1103/1
f 1068/1095/1 1066/1097/1 1064/1099/1
f 1072/1091/1 1070/1093/1 1068/1095/1
f 1076/1087/1 1074/1089/1 1072/1091/1
f 1080/37/1 1078/1085/1 1076/1087/1
f 1084/1080/1 1082/1082/1 1080/37/1
f 1028/1056/1 1086/1063/1 1084/1080/1
f 1039/1069/1 1035/1065/1 1028/1056/1
f 1046/39/1 1043/1073/1 1039/1069/1
f 1049/1107/1 1048/1077/1 1046/39/1
f 1051/1108/1 1050/1109/1 1049/1107/1
f 1053/1110/1 1052/1111/1 1051/1108/1
f 1055/1112/1 1054/1113/1 1053/1110/1
f 1055/1112/1 1053/1110/1 1051/1108/1
f 1051/1108/1 1049/1107/1 1046/39/1
f 1046/39/1 1039/1069/1 1028/1056/1
f 1028/1056/1 1084/1080/1 1080/37/1
f 1080/37/1 1076/1087/1 1072/1091/1
f 1072/1091/1 1068/1095/1 1064/1099/1
f 1064/1099/1 1060/1103/1 1057/1106/1
f 1056/38/1 1055/1112/1 1051/1108/1
f 1064/1099/1 1057/1106/1 1056/38/1
f 1080/37/1 1072/1091/1 1064/1099/1
f 1046/39/1 1028/1056/1 1080/37/1
f 1056/38/1 1051/1108/1 1046/39/1
f 1080/37/1 1064/1099/1 1056/38/1
f 1106/1114/1 1105/1115/1 1176/1116/1
f 1176/1116/1 1175/1117/1 1174/1118/1
f 1174/1118/1 1173/1119/1 1172/1120/1
f 1172/1120/1 1171/1121/1 1170/1122/1
f 1170/1122/1 1169/1123/1 1168/1124/1
f 1168/1124/1 1167/1125/1 1166/1126/1
f 1165/1127/1 1164/1128/1 1163/1129/1
f 1170/1122/1 1168/1124/1 1166/1126/1
f 1166/1126/1 1165/1127/1 1163/1129/1
f 1163/1129/1 1162/1130/1 1161/1131/1
f 1161/1131/1 1160/1132/1 1159/1133/1
f 1159/1133/1 1158/1134/1 1157/1135/1
f 1157/1135/1 1156/1136/1 1155/1137/1
f 1157/1135/1 1155/1137/1 1154/1138/1
f 1161/1131/1 1159/1133/1 1157/1135/1
f 1166/1126/1 1163/1129/1 1161/1131/1
f 1172/1120/1 1170/1122/1 1166/1126/1
f 1176/1116/1 1174/1118/1 1172/1120/1
f 1107/1139/1 1106/1114/1 1176/1116/1
f 1109/1140/1 1108/1141/1 1107/1139/1
f 1111/1142/1 1110/1143/1 1109/1140/1
f 1113/1144/1 1112/1145/1 1111/1142/1
f 1115/1146/1 1114/1147/1 1113/1144/1
f 1117/1148/1 1116/1149/1 1115/1146/1
f 1119/1150/1 1118/1151/1 1117/1148/1
f 1121/1152/1 1120/1153/1 1119/1150/1
f 1123/1154/1 1122/1155/1 1121/1152/1
f 1125/1156/1 1124/1157/1 1123/1154/1
f 1127/1158/1 1126/1159/1 1125/1156/1
f 1130/1160/1 1129/1161/1 1128/1162/1
f 1128/1162/1 1127/1158/1 1125/1156/1
f 1125/1156/1 1123/1154/1 1121/1152/1
f 1121/1152/1 1119/1150/1 1117/1148/1
f 1117/1148/1 1115/1146/1 1113/1144/1
f 1113/1144/1 1111/1142/1 1109/1140/1
f 1109/1140/1 1107/1139/1 1176/1116/1
f 1176/1116/1 1172/1120/1 1166/1126/1
f 1166/1126/1 1161/1131/1 1157/1135/1
f 1157/1135/1 1154/1138/1 1153/1163/1
f 1166/1126/1 1157/1135/1 1153/1163/1
f 1109/1140/1 1176/1116/1 1166/1126/1
f 1117/1148/1 1113/1144/1 1109/1140/1
f 1125/1156/1 1121/1152/1 1117/1148/1
f 1130/1160/1 1128/1162/1 1125/1156/1
f 1132/1164/1 1131/1165/1 1130/1160/1
f 1134/1166/1 1133/1167/1 1132/1164/1
f 1136/1168/1 1135/1169/1 1134/1166/1
f 1138/1170/1 1137/1171/1 1136/1168/1
f 1139/1172/1 1138/1170/1 1136/1168/1
f 1136/1168/1 1134/1166/1 1132/1164/1
f 1132/1164/1 1130/1160/1 1125/1156/1
f 1125/1156/1 1117/1148/1 1109/1140/1
f 1109/1140/1 1166/1126/1 1153/1163/1
f 1109/1140/1 1153/1163/1 1152/1173/1
f 1132/1164/1 1125/1156/1 1109/1140/1
f 1139/1172/1 1136/1168/1 1132/1164/1
f 1142/42/1 1141/1174/1 1140/1175/1
f 1140/1175/1 1139/1172/1 1132/1164/1
f 1132/1164/1 1109/1140/1 1152/1173/1
f 1151/40/1 1150/1176/1 1149/1177/1
f 1132/1164/1 1152/1173/1 1151/40/1
f 1142/42/1 1140/1175/1 1132/1164/1
f 1144/1178/1 1143/1179/1 1142/42/1
f 1146/41/1 1145/1180/1 1144/1178/1
f 1148/1181/1 1147/1182/1 1146/41/1
f 1151/40/1 1149/1177/1 1148/1181/1
f 1142/42/1 1132/1164/1 1151/40/1
f 1146/41/1 1144/1178/1 1142/42/1
f 1151/40/1 1148/1181/1 1146/41/1
f 1825/1183/1 1827/1184/1 1824/1185/1
f 1824/1185/1 1830/1186/1 1820/1187/1
f 1820/1187/1 1823/1188/1 1837/1189/1
f 1837/1189/1 1806/1190/1 1812/1191/1
f 1812/1191/1 1816/1192/1 1815/1193/1
f 1812/1191/1 1815/1193/1 1768/1194/1
f 1820/1187/1 1837/1189/1 1812/1191/1
f 1825/1183/1 1824/1185/1 1820/1187/1
f 1826/1195/1 1825/1183/1 1820/1187/1
f 1820/1187/1 1812/1191/1 1768/1194/1
f 1767/1196/1 1770/1197/1 1745/1198/1
f 1820/1187/1 1768/1194/1 1767/1196/1
f 1826/1195/1 1820/1187/1 1767/1196/1
f 1767/1196/1 1745/1198/1 1740/1199/1
f 1740/1199/1 1736/1200/1 1786/1201/1
f 1786/1201/1 1788/1202/1 1730/1203/1
f 1786/1201/1 1730/1203/1 1727/1204/1
f 1767/1196/1 1740/1199/1 1786/1201/1
f 1829/1205/1 1826/1195/1 1767/1196/1
f 1822/1206/1 1821/1207/1 1829/1205/1
f 1809/1208/1 1819/1209/1 1822/1206/1
f 1809/1208/1 1822/1206/1 1829/1205/1
f 1829/1205/1 1767/1196/1 1786/1201/1
f 1829/1205/1 1786/1201/1 1727/1204/1
f 1809/1208/1 1829/1205/1 1727/1204/1
f 1809/1208/1 1727/1204/1 1789/1210/1
f 1810/1211/1 1809/1208/1 1789/1210/1
f 1787/1212/1 1785/1213/1 1784/1214/1
f 1810/1211/1 1789/1210/1 1787/1212/1
f 1759/1215/1 1961/1216/1 1813/1217/1
f 1813/1217/1 1810/1211/1 1787/1212/1
f 1787/1212/1 1784/1214/1 1783/1218/1
f 1783/1218/1 1782/1219/1 1724/1220/1
f 1783/1218/1 1724/1220/1 1721/1221/1
f 1813/1217/1 1787/1212/1 1783/1218/1
f 1761/1222/1 1759/1215/1 1813/1217/1
f 1756/1223/1 1755/1224/1 1761/1222/1
f 1756/1223/1 1761/1222/1 1813/1217/1
f 1813/1217/1 1783/1218/1 1721/1221/1
f 1813/1217/1 1721/1221/1 1723/1225/1
f 1765/1226/1 1756/1223/1 1813/1217/1
f 1764/1227/1 1752/1228/1 1753/1229/1
f 1765/1226/1 1813/1217/1 1723/1225/1
f 1762/1230/1 1764/1227/1 1753/1229/1
f 1753/1229/1 1765/1226/1 1723/1225/1
f 1719/1231/1 1722/1232/1 1720/1233/1
f 1753/1229/1 1723/1225/1 1719/1231/1
f 1760/1234/1 1762/1230/1 1753/1229/1
f 1803/1235/1 1780/1236/1 1760/1234/1
f 1811/1237/1 1814/1238/1 1803/1235/1
f 1818/1239/1 1808/1240/1 1811/1237/1
f 1848/1241/1 1828/1242/1 1818/1239/1
f 1852/1243/1 1849/1244/1 1848/1241/1
f 1843/1245/1 1846/1246/1 1844/1247/1
f 1843/1245/1 1844/1247/1 1852/1243/1
f 1860/1248/1 1841/1249/1 1843/1245/1
f 1840/1250/1 1842/1251/1 1860/1248/1
f 1851/1252/1 1845/1253/1 1840/1250/1
f 1868/1254/1 1847/1255/1 1850/1256/1
f 1851/1252/1 1840/1250/1 1860/1248/1
f 1868/1254/1 1850/1256/1 1851/1252/1
f 1866/1257/1 1868/1254/1 1851/1252/1
f 1851/1252/1 1860/1248/1 1843/1245/1
f 1851/1252/1 1843/1245/1 1852/1243/1
f 1839/1258/1 1866/1257/1 1851/1252/1
f 1881/1259/1 1864/1260/1 1839/1258/1
f 1834/1261/1 1836/1262/1 1881/1259/1
f 1734/1263/1 1775/1264/1 1778/1265/1
f 1778/1265/1 1834/1261/1 1881/1259/1
f 1839/1258/1 1851/1252/1 1852/1243/1
f 1881/1259/1 1839/1258/1 1852/1243/1
f 1881/1259/1 1852/1243/1 1848/1241/1
f 1778/1265/1 1881/1259/1 1848/1241/1
f 1778/1265/1 1848/1241/1 1818/1239/1
f 1734/1263/1 1778/1265/1 1818/1239/1
f 1811/1237/1 1803/1235/1 1760/1234/1
f 1734/1263/1 1818/1239/1 1811/1237/1
f 1735/1266/1 1734/1263/1 1811/1237/1
f 1811/1237/1 1760/1234/1 1753/1229/1
f 1753/1229/1 1719/1231/1 1720/1233/1
f 1781/1267/1 1797/1268/1 1796/1269/1
f 1753/1229/1 1720/1233/1 1781/1267/1
f 1735/1266/1 1811/1237/1 1753/1229/1
f 1733/1270/1 1731/1271/1 1732/1272/1
f 1738/1273/1 1733/1270/1 1732/1272/1
f 1753/1229/1 1781/1267/1 1796/1269/1
f 1753/1229/1 1796/1269/1 1795/1274/1
f 1753/1229/1 1795/1274/1 1794/1275/1
f 1753/1229/1 1794/1275/1 1728/1276/1
f 1735/1266/1 1753/1229/1 1728/1276/1
f 1735/1266/1 1728/1276/1 1793/1277/1
f 1735/1266/1 1793/1277/1 1791/1278/1
f 1791/1278/1 1790/1279/1 1779/1280/1
f 1735/1266/1 1791/1278/1 1779/1280/1
f 1735/1266/1 1779/1280/1 1777/1281/1
f 1776/1282/1 1774/1283/1 1773/1284/1
f 1735/1266/1 1777/1281/1 1776/1282/1
f 1735/1266/1 1776/1282/1 1773/1284/1
f 1735/1266/1 1773/1284/1 1726/1285/1
f 1732/1272/1 1735/1266/1 1726/1285/1
f 1717/1286/1 1718/1287/1 1713/1288/1
f 1732/1272/1 1726/1285/1 1717/1286/1
f 1732/1272/1 1717/1286/1 1713/1288/1
f 1713/1288/1 1712/1289/1 1715/1290/1
f 1715/1290/1 1714/1291/1 1716/1292/1
f 1716/1292/1 1725/1293/1 1772/1294/1
f 1716/1292/1 1772/1294/1 1771/1295/1
f 1713/1288/1 1715/1290/1 1716/1292/1
f 1738/1273/1 1732/1272/1 1713/1288/1
f 1713/1288/1 1716/1292/1 1771/1295/1
f 1749/1296/1 1757/1297/1 1799/1298/1
f 1713/1288/1 1771/1295/1 1749/1296/1
f 1738/1273/1 1713/1288/1 1749/1296/1
f 1739/1299/1 1738/1273/1 1749/1296/1
f 1744/1300/1 1739/1299/1 1749/1296/1
f 1741/1301/1 1744/1300/1 1749/1296/1
f 1743/1302/1 1741/1301/1 1749/1296/1
f 1742/1303/1 1743/1302/1 1749/1296/1
f 1751/1304/1 1750/1305/1 1742/1303/1
f 1754/1306/1 1748/1307/1 1751/1304/1
f 1758/1308/1 1763/1309/1 1754/1306/1
f 1800/1310/1 1798/1311/1 1758/1308/1
f 1833/1312/1 1804/1313/1 1807/1314/1
f 1807/1314/1 1800/1310/1 1758/1308/1
f 1758/1308/1 1754/1306/1 1751/1304/1
f 1751/1304/1 1742/1303/1 1749/1296/1
f 1758/1308/1 1751/1304/1 1749/1296/1
f 1833/1312/1 1807/1314/1 1758/1308/1
f 1880/1315/1 1879/1316/1 1835/1317/1
f 1835/1317/1 1833/1312/1 1758/1308/1
f 1758/1308/1 1749/1296/1 1799/1298/1
f 1801/1318/1 1802/1319/1 1805/1320/1
f 1835/1317/1 1758/1308/1 1799/1298/1
f 1799/1298/1 1801/1318/1 1805/1320/1
f 1832/1321/1 1351/1322/1 1350/1323/1
f 1799/1298/1 1805/1320/1 1832/1321/1
f 1880/1315/1 1835/1317/1 1799/1298/1
f 1863/1324/1 1883/1325/1 1882/1326/1
f 1882/1326/1 1880/1315/1 1799/1298/1
f 1799/1298/1 1832/1321/1 1350/1323/1
f 1350/1323/1 1349/1327/1 1348/1328/1
f 1350/1323/1 1348/1328/1 1347/1329/1
f 1882/1326/1 1799/1298/1 1350/1323/1
f 1865/1330/1 1863/1324/1 1882/1326/1
f 1853/1331/1 1855/1332/1 1854/1333/1
f 1865/1330/1 1882/1326/1 1350/1323/1
f 1867/1334/1 1853/1331/1 1854/1333/1
f 1854/1333/1 1865/1330/1 1350/1323/1
f 1854/1333/1 1350/1323/1 1347/1329/1
f 1869/1335/1 1867/1334/1 1854/1333/1
f 1872/1336/1 1871/1337/1 1870/1338/1
f 1870/1338/1 1869/1335/1 1854/1333/1
f 1854/1333/1 1347/1329/1 1346/1339/1
f 1854/1333/1 1346/1339/1 1325/1340/1
f 1872/1336/1 1870/1338/1 1854/1333/1
f 1861/1341/1 1859/1342/1 1873/1343/1
f 1872/1336/1 1854/1333/1 1325/1340/1
f 1873/1343/1 1872/1336/1 1325/1340/1
f 1873/1343/1 1325/1340/1 1330/1344/1
f 1861/1341/1 1873/1343/1 1330/1344/1
f 1861/1341/1 1330/1344/1 1329/1345/1
f 1857/1346/1 1875/1347/1 1874/1348/1
f 1874/1348/1 1861/1341/1 1329/1345/1
f 1328/1349/1 1420/1350/1 1419/1351/1
f 1874/1348/1 1329/1345/1 1328/1349/1
f 1876/1352/1 1857/1346/1 1874/1348/1
f 1884/1353/1 1878/1354/1 1877/1355/1
f 1877/1355/1 1876/1352/1 1874/1348/1
f 1874/1348/1 1328/1349/1 1419/1351/1
f 1874/1348/1 1419/1351/1 1418/1356/1
f 1884/1353/1 1877/1355/1 1874/1348/1
f 1888/1357/1 1893/1358/1 1884/1353/1
f 1901/1359/1 1889/1360/1 1888/1357/1
f 1894/1361/1 1895/1362/1 1901/1359/1
f 1919/1363/1 1912/1364/1 1894/1361/1
f 1917/1365/1 1918/1366/1 1919/1363/1
f 1916/1367/1 1920/1368/1 1917/1365/1
f 1908/1369/1 1916/1367/1 1917/1365/1
f 1917/1365/1 1919/1363/1 1894/1361/1
f 1894/1361/1 1901/1359/1 1888/1357/1
f 1888/1357/1 1884/1353/1 1874/1348/1
f 1874/1348/1 1418/1356/1 1417/1370/1
f 1417/1370/1 1416/1371/1 1415/1372/1
f 1415/1372/1 1335/1373/1 1345/1374/1
f 1415/1372/1 1345/1374/1 1333/1375/1
f 1888/1357/1 1874/1348/1 1417/1370/1
f 1417/1370/1 1415/1372/1 1333/1375/1
f 1888/1357/1 1417/1370/1 1333/1375/1
f 1917/1365/1 1894/1361/1 1888/1357/1
f 1908/1369/1 1917/1365/1 1888/1357/1
f 1905/1376/1 1908/1369/1 1888/1357/1
f 1896/1377/1 1903/1378/1 1905/1376/1
f 1896/1377/1 1905/1376/1 1888/1357/1
f 1899/1379/1 1896/1377/1 1888/1357/1
f 1902/1380/1 1897/1381/1 1898/1382/1
f 1898/1382/1 1899/1379/1 1888/1357/1
f 1902/1380/1 1898/1382/1 1888/1357/1
f 1907/1383/1 1906/1384/1 1904/1385/1
f 1904/1385/1 1902/1380/1 1888/1357/1
f 1904/1385/1 1888/1357/1 1333/1375/1
f 1907/1383/1 1904/1385/1 1333/1375/1
f 1907/1383/1 1333/1375/1 1331/1386/1
f 1909/1387/1 1907/1383/1 1331/1386/1
f 1409/1388/1 1395/1389/1 1386/1390/1
f 1423/1391/1 1409/1388/1 1386/1390/1
f 1439/1392/1 1446/1393/1 1431/1394/1
f 1525/1395/1 1507/1396/1 1494/1397/1
f 1494/1397/1 1439/1392/1 1431/1394/1
f 1494/1397/1 1431/1394/1 1423/1391/1
f 1543/1398/1 1525/1395/1 1494/1397/1
f 1554/1399/1 1555/1400/1 1543/1398/1
f 1568/1401/1 1553/1402/1 1554/1399/1
f 1602/1403/1 1567/1404/1 1568/1401/1
f 1580/1405/1 1578/1406/1 1577/1407/1
f 1577/1407/1 1602/1403/1 1568/1401/1
f 1568/1401/1 1554/1399/1 1543/1398/1
f 1543/1398/1 1494/1397/1 1423/1391/1
f 1543/1398/1 1423/1391/1 1386/1390/1
f 1577/1407/1 1568/1401/1 1543/1398/1
f 1579/1408/1 1580/1405/1 1577/1407/1
f 1584/1409/1 1582/1410/1 1579/1408/1
f 1565/1411/1 1574/1412/1 1584/1409/1
f 1482/1413/1 1528/1414/1 1549/1415/1
f 1549/1415/1 1565/1411/1 1584/1409/1
f 1584/1409/1 1579/1408/1 1577/1407/1
f 1577/1407/1 1543/1398/1 1386/1390/1
f 1584/1409/1 1577/1407/1 1386/1390/1
f 1482/1413/1 1549/1415/1 1584/1409/1
f 1438/1416/1 1469/1417/1 1482/1413/1
f 1401/1418/1 1438/1416/1 1482/1413/1
f 1482/1413/1 1584/1409/1 1386/1390/1
f 1482/1413/1 1386/1390/1 1911/1419/1
f 1401/1418/1 1482/1413/1 1911/1419/1
f 1334/1420/1 1326/1421/1 1327/1422/1
f 1334/1420/1 1327/1422/1 1324/1423/1
f 1332/1424/1 1334/1420/1 1324/1423/1
f 1401/1418/1 1911/1419/1 1909/1387/1
f 1383/1425/1 1376/1426/1 1390/1427/1
f 1390/1427/1 1401/1418/1 1909/1387/1
f 1383/1425/1 1390/1427/1 1909/1387/1
f 1412/1428/1 1364/1429/1 1383/1425/1
f 1412/1428/1 1383/1425/1 1909/1387/1
f 1900/1430/1 1412/1428/1 1909/1387/1
f 1892/1431/1 1891/1432/1 1890/1433/1
f 1890/1433/1 1900/1430/1 1909/1387/1
f 1892/1431/1 1890/1433/1 1909/1387/1
f 1885/1434/1 1892/1431/1 1909/1387/1
f 1887/1435/1 1885/1434/1 1909/1387/1
f 1344/1436/1 1336/1437/1 1886/1438/1
f 1886/1438/1 1887/1435/1 1909/1387/1
f 1344/1436/1 1886/1438/1 1909/1387/1
f 1354/1439/1 1344/1436/1 1909/1387/1
f 1353/1440/1 1354/1439/1 1909/1387/1
f 1337/1441/1 1352/1442/1 1353/1440/1
f 1339/1443/1 1340/1444/1 1337/1441/1
f 1339/1443/1 1337/1441/1 1353/1440/1
f 1353/1440/1 1909/1387/1 1331/1386/1
f 1353/1440/1 1331/1386/1 1332/1424/1
f 1338/1445/1 1339/1443/1 1353/1440/1
f 1338/1445/1 1353/1440/1 1332/1424/1
f 1338/1445/1 1332/1424/1 1324/1423/1
f 1342/1446/1 1338/1445/1 1324/1423/1
f 1343/1447/1 1342/1446/1 1324/1423/1
f 1341/1448/1 1343/1447/1 1324/1423/1
f 1361/1449/1 1341/1448/1 1324/1423/1
f 1360/1450/1 1361/1449/1 1324/1423/1
f 1360/1450/1 1324/1423/1 1321/1451/1
f 1378/1452/1 1380/1453/1 1381/1454/1
f 1381/1454/1 1360/1450/1 1321/1451/1
f 1378/1452/1 1381/1454/1 1321/1451/1
f 1374/1455/1 1377/1456/1 1378/1452/1
f 1388/1457/1 1384/1458/1 1374/1455/1
f 1396/1459/1 1411/1460/1 1388/1457/1
f 1473/1461/1 1405/1462/1 1396/1459/1
f 1442/1463/1 1430/1464/1 1474/1465/1
f 1473/1461/1 1396/1459/1 1388/1457/1
f 1451/1466/1 1442/1463/1 1474/1465/1
f 1473/1461/1 1388/1457/1 1374/1455/1
f 1456/1467/1 1451/1466/1 1474/1465/1
f 1466/1468/1 1456/1467/1 1474/1465/1
f 1486/1469/1 1480/1470/1 1466/1468/1
f 1512/1471/1 1495/1472/1 1486/1469/1
f 1500/1473/1 1502/1474/1 1512/1471/1
f 1501/1475/1 1499/1476/1 1500/1473/1
f 1496/1477/1 1511/1478/1 1501/1475/1
f 1497/1479/1 1496/1477/1 1501/1475/1
f 1501/1475/1 1500/1473/1 1512/1471/1
f 1512/1471/1 1486/1469/1 1466/1468/1
f 1512/1471/1 1466/1468/1 1474/1465/1
f 1497/1479/1 1501/1475/1 1512/1471/1
f 1491/1480/1 1485/1481/1 1493/1482/1
f 1493/1482/1 1497/1479/1 1512/1471/1
f 1512/1471/1 1474/1465/1 1473/1461/1
f 1374/1455/1 1378/1452/1 1321/1451/1
f 1512/1471/1 1473/1461/1 1374/1455/1
f 1491/1480/1 1493/1482/1 1512/1471/1
f 1449/1483/1 1515/1484/1 1491/1480/1
f 1449/1483/1 1491/1480/1 1512/1471/1
f 1306/1485/1 1309/1486/1 1300/1487/1
f 1306/1485/1 1300/1487/1 1298/1488/1
f 1281/1489/1 1280/1490/1 1292/1491/1
f 1292/1491/1 1275/1492/1 1276/1493/1
f 1276/1493/1 1277/1494/1 1296/1495/1
f 1296/1495/1 1264/1496/1 1262/1497/1
f 1296/1495/1 1262/1497/1 1267/1498/1
f 1292/1491/1 1276/1493/1 1296/1495/1
f 1281/1489/1 1292/1491/1 1296/1495/1
f 1281/1489/1 1296/1495/1 1267/1498/1
f 1281/1489/1 1267/1498/1 1266/1499/1
f 1259/1500/1 1258/1501/1 1269/1502/1
f 1281/1489/1 1266/1499/1 1259/1500/1
f 1288/1503/1 1281/1489/1 1259/1500/1
f 1259/1500/1 1269/1502/1 1252/1504/1
f 1252/1504/1 1251/1505/1 1256/1506/1
f 1252/1504/1 1256/1506/1 1247/1507/1
f 1288/1503/1 1259/1500/1 1252/1504/1
f 1288/1503/1 1252/1504/1 1247/1507/1
f 1249/1508/1 1246/1509/1 1248/1510/1
f 1288/1503/1 1247/1507/1 1249/1508/1
f 1288/1503/1 1249/1508/1 1248/1510/1
f 1248/1510/1 1255/1511/1 1250/1512/1
f 1254/1513/1 1253/1514/1 1257/1515/1
f 1288/1503/1 1248/1510/1 1250/1512/1
f 1254/1513/1 1257/1515/1 1265/1516/1
f 1288/1503/1 1250/1512/1 1254/1513/1
f 1286/1517/1 1288/1503/1 1254/1513/1
f 1254/1513/1 1265/1516/1 1263/1518/1
f 1263/1518/1 1261/1519/1 1271/1520/1
f 1271/1520/1 1260/1521/1 1295/1522/1
f 1271/1520/1 1295/1522/1 1270/1523/1
f 1254/1513/1 1263/1518/1 1271/1520/1
f 1286/1517/1 1254/1513/1 1271/1520/1
f 1286/1517/1 1271/1520/1 1270/1523/1
f 1286/1517/1 1270/1523/1 1273/1524/1
f 1273/1524/1 1272/1525/1 1274/1526/1
f 1284/1527/1 1282/1528/1 1285/1529/1
f 1286/1517/1 1273/1524/1 1274/1526/1
f 1284/1527/1 1285/1529/1 1299/1530/1
f 1286/1517/1 1274/1526/1 1284/1527/1
f 1298/1488/1 1286/1517/1 1284/1527/1
f 1284/1527/1 1299/1530/1 1310/1531/1
f 1284/1527/1 1310/1531/1 1308/1532/1
f 1306/1485/1 1298/1488/1 1284/1527/1
f 1323/1533/1 1306/1485/1 1284/1527/1
f 1284/1527/1 1308/1532/1 1302/1534/1
f 1323/1533/1 1284/1527/1 1302/1534/1
f 1319/1535/1 1323/1533/1 1302/1534/1
f 1319/1535/1 1302/1534/1 1305/1536/1
f 1318/1537/1 1319/1535/1 1305/1536/1
f 1318/1537/1 1305/1536/1 1304/1538/1
f 1321/1451/1 1318/1537/1 1304/1538/1
f 1321/1451/1 1304/1538/1 1322/1539/1
f 1449/1483/1 1512/1471/1 1374/1455/1
f 1434/1540/1 1449/1483/1 1374/1455/1
f 1374/1455/1 1321/1451/1 1322/1539/1
f 1311/1541/1 1315/1542/1 1314/1543/1
f 1374/1455/1 1322/1539/1 1311/1541/1
f 1450/1544/1 1434/1540/1 1374/1455/1
f 1428/1545/1 1450/1544/1 1374/1455/1
f 1374/1455/1 1311/1541/1 1314/1543/1
f 1314/1543/1 1312/1546/1 1316/1547/1
f 1374/1455/1 1314/1543/1 1316/1547/1
f 1425/1548/1 1428/1545/1 1374/1455/1
f 1429/1549/1 1425/1548/1 1374/1455/1
f 1374/1455/1 1316/1547/1 1317/1550/1
f 1320/1551/1 1313/1552/1 1303/1553/1
f 1429/1549/1 1374/1455/1 1317/1550/1
f 1320/1551/1 1303/1553/1 1301/1554/1
f 1429/1549/1 1317/1550/1 1320/1551/1
f 1424/1555/1 1429/1549/1 1320/1551/1
f 1320/1551/1 1301/1554/1 1307/1556/1
f 1320/1551/1 1307/1556/1 1414/1557/1
f 1427/1558/1 1424/1555/1 1320/1551/1
f 1426/1559/1 1427/1558/1 1320/1551/1
f 1448/1560/1 1426/1559/1 1320/1551/1
f 1433/1561/1 1448/1560/1 1320/1551/1
f 1441/1562/1 1433/1561/1 1320/1551/1
f 1435/1563/1 1441/1562/1 1320/1551/1
f 1436/1564/1 1435/1563/1 1320/1551/1
f 1437/1565/1 1436/1564/1 1320/1551/1
f 1472/1566/1 1437/1565/1 1320/1551/1
f 1459/1567/1 1472/1566/1 1320/1551/1
f 1459/1567/1 1320/1551/1 1414/1557/1
f 1460/1568/1 1459/1567/1 1414/1557/1
f 1458/1569/1 1460/1568/1 1414/1557/1
f 1470/1570/1 1458/1569/1 1414/1557/1
f 1463/1571/1 1470/1570/1 1414/1557/1
f 1468/1572/1 1463/1571/1 1414/1557/1
f 1519/1573/1 1468/1572/1 1414/1557/1
f 1520/1574/1 1519/1573/1 1414/1557/1
f 1478/1575/1 1520/1574/1 1414/1557/1
f 1488/1576/1 1478/1575/1 1414/1557/1
f 1489/1577/1 1488/1576/1 1414/1557/1
f 1490/1578/1 1489/1577/1 1414/1557/1
f 1514/1579/1 1490/1578/1 1414/1557/1
f 1643/1580/1 1514/1579/1 1414/1557/1
f 1643/1580/1 1414/1557/1 1413/1581/1
f 1642/1582/1 1643/1580/1 1413/1581/1
f 1641/1583/1 1642/1582/1 1413/1581/1
f 1533/1584/1 1641/1583/1 1413/1581/1
f 1531/1585/1 1533/1584/1 1413/1581/1
f 1545/1586/1 1531/1585/1 1413/1581/1
f 1544/1587/1 1545/1586/1 1413/1581/1
f 1539/1588/1 1544/1587/1 1413/1581/1
f 1538/1589/1 1539/1588/1 1413/1581/1
f 1581/1590/1 1583/1591/1 1548/1592/1
f 1548/1592/1 1538/1589/1 1413/1581/1
f 1581/1590/1 1548/1592/1 1413/1581/1
f 1590/1593/1 1581/1590/1 1413/1581/1
f 1585/1594/1 1590/1593/1 1413/1581/1
f 1289/1595/1 1290/1596/1 1279/1597/1
f 1289/1595/1 1279/1597/1 1278/1598/1
f 1294/1599/1 1297/1600/1 1222/1601/1
f 1229/1602/1 1230/1603/1 1197/1604/1
f 1294/1599/1 1222/1601/1 1229/1602/1
f 1229/1602/1 1197/1604/1 1196/1605/1
f 1229/1602/1 1196/1605/1 1194/1606/1
f 1294/1599/1 1229/1602/1 1194/1606/1
f 1294/1599/1 1194/1606/1 1191/1607/1
f 1192/1608/1 1188/1609/1 1177/1610/1
f 1180/1611/1 1942/1612/1 1941/1613/1
f 1180/1611/1 1941/1613/1 1940/1614/1
f 1190/1615/1 1192/1608/1 1177/1610/1
f 1191/1607/1 1190/1615/1 1177/1610/1
f 1178/43/1 1180/1611/1 1940/1614/1
f 1939/1616/1 1938/1617/1 1937/1618/1
f 1178/43/1 1940/1614/1 1939/1616/1
f 1294/1599/1 1191/1607/1 1177/1610/1
f 1293/1619/1 1294/1599/1 1177/1610/1
f 1178/43/1 1939/1616/1 1937/1618/1
f 1178/43/1 1937/1618/1 1623/1620/1
f 1293/1619/1 1177/1610/1 1178/43/1
f 1278/1598/1 1293/1619/1 1178/43/1
f 1178/43/1 1623/1620/1 1622/1621/1
f 1178/43/1 1622/1621/1 1625/1622/1
f 1289/1595/1 1278/1598/1 1178/43/1
f 1283/1623/1 1289/1595/1 1178/43/1
f 1178/43/1 1625/1622/1 1618/1624/1
f 1178/43/1 1618/1624/1 1627/1625/1
f 1287/1626/1 1283/1623/1 1178/43/1
f 1291/1627/1 1287/1626/1 1178/43/1
f 1178/43/1 1627/1625/1 1606/1628/1
f 1178/43/1 1606/1628/1 1607/1629/1
f 1413/1581/1 1291/1627/1 1178/43/1
f 1585/1594/1 1413/1581/1 1178/43/1
f 1178/43/1 1607/1629/1 1611/1630/1
f 1178/43/1 1611/1630/1 1610/1631/1
f 1591/1632/1 1585/1594/1 1178/43/1
f 1592/1633/1 1591/1632/1 1178/43/1
f 1178/43/1 1610/1631/1 1630/1634/1
f 1936/1635/1 1947/1636/1 1948/1637/1
f 1178/43/1 1630/1634/1 1936/1635/1
f 1593/1638/1 1592/1633/1 1178/43/1
f 1594/1639/1 1593/1638/1 1178/43/1
f 1178/43/1 1936/1635/1 1948/1637/1
f 1948/1637/1 1932/1640/1 1928/1641/1
f 1928/1641/1 1927/1642/1 1930/1643/1
f 1926/1644/1 1949/1645/1 1925/1646/1
f 1928/1641/1 1930/1643/1 1926/1644/1
f 1178/43/1 1948/1637/1 1928/1641/1
f 1595/1647/1 1594/1639/1 1178/43/1
f 1597/1648/1 1595/1647/1 1178/43/1
f 1178/43/1 1928/1641/1 1926/1644/1
f 1926/1644/1 1925/1646/1 1640/1649/1
f 1926/1644/1 1640/1649/1 1639/1650/1
f 1586/1651/1 1597/1648/1 1178/43/1
f 1588/1652/1 1586/1651/1 1178/43/1
f 1178/43/1 1926/1644/1 1639/1650/1
f 1547/1653/1 1546/1654/1 1530/1655/1
f 1178/43/1 1639/1650/1 1547/1653/1
f 1628/1656/1 1588/1652/1 1178/43/1
f 1629/1657/1 1628/1656/1 1178/43/1
f 1547/1653/1 1530/1655/1 1535/1658/1
f 1645/1659/1 1510/1660/1 1513/1661/1
f 1547/1653/1 1535/1658/1 1645/1659/1
f 1604/1662/1 1629/1657/1 1178/43/1
f 1599/1663/1 1604/1662/1 1178/43/1
f 1645/1659/1 1513/1661/1 1498/1664/1
f 1644/1665/1 1518/1666/1 1517/1667/1
f 1516/1668/1 1492/1669/1 1479/1670/1
f 1479/1670/1 1477/1671/1 1483/1672/1
f 1479/1670/1 1483/1672/1 1476/1673/1
f 1516/1668/1 1479/1670/1 1476/1673/1
f 1521/1674/1 1471/1675/1 1462/1676/1
f 1476/1673/1 1521/1674/1 1462/1676/1
f 1476/1673/1 1462/1676/1 1447/1677/1
f 1432/1678/1 1921/1679/1 1915/1680/1
f 1915/1680/1 1914/1681/1 1910/1682/1
f 1910/1682/1 1913/1683/1 1410/1684/1
f 1410/1684/1 1403/1685/1 1422/1686/1
f 1410/1684/1 1422/1686/1 1440/1687/1
f 1915/1680/1 1910/1682/1 1410/1684/1
f 1447/1677/1 1432/1678/1 1915/1680/1
f 1447/1677/1 1915/1680/1 1410/1684/1
f 1410/1684/1 1440/1687/1 1461/1688/1
f 1467/1689/1 1475/1690/1 1484/1691/1
f 1410/1684/1 1461/1688/1 1467/1689/1
f 1476/1673/1 1447/1677/1 1410/1684/1
f 1476/1673/1 1410/1684/1 1467/1689/1
f 1467/1689/1 1484/1691/1 1509/1692/1
f 1467/1689/1 1509/1692/1 1508/1693/1
f 1516/1668/1 1476/1673/1 1467/1689/1
f 1517/1667/1 1516/1668/1 1467/1689/1
f 1467/1689/1 1508/1693/1 1526/1694/1
f 1542/1695/1 1556/1696/1 1569/1697/1
f 1517/1667/1 1467/1689/1 1526/1694/1
f 1542/1695/1 1569/1697/1 1603/1698/1
f 1517/1667/1 1526/1694/1 1542/1695/1
f 1644/1665/1 1517/1667/1 1542/1695/1
f 1644/1665/1 1542/1695/1 1603/1698/1
f 1498/1664/1 1644/1665/1 1603/1698/1
f 1498/1664/1 1603/1698/1 1601/1699/1
f 1645/1659/1 1498/1664/1 1601/1699/1
f 1645/1659/1 1601/1699/1 1637/1700/1
f 1537/1701/1 1541/1702/1 1557/1703/1
f 1527/1704/1 1532/1705/1 1537/1701/1
f 1540/1706/1 1536/1707/1 1527/1704/1
f 1571/1708/1 1540/1706/1 1527/1704/1
f 1527/1704/1 1537/1701/1 1557/1703/1
f 1571/1708/1 1527/1704/1 1557/1703/1
f 1570/1709/1 1571/1708/1 1557/1703/1
f 1570/1709/1 1557/1703/1 1638/1710/1
f 1562/1711/1 1560/1712/1 1559/1713/1
f 1559/1713/1 1570/1709/1 1638/1710/1
f 1559/1713/1 1638/1710/1 1596/1714/1
f 1563/1715/1 1598/1716/1 1562/1711/1
f 1562/1711/1 1559/1713/1 1596/1714/1
f 1562/1711/1 1596/1714/1 1587/1717/1
f 1563/1715/1 1562/1711/1 1587/1717/1
f 1563/1715/1 1587/1717/1 1589/1718/1
f 1563/1715/1 1589/1718/1 1631/1719/1
f 1563/1715/1 1631/1719/1 1599/1663/1
f 1563/1715/1 1599/1663/1 1178/43/1
f 1547/1653/1 1645/1659/1 1637/1700/1
f 1547/1653/1 1637/1700/1 1636/1720/1
f 1572/1721/1 1551/1722/1 1558/1723/1
f 1522/1724/1 1534/1725/1 1573/1726/1
f 1523/1727/1 1522/1724/1 1573/1726/1
f 1523/1727/1 1573/1726/1 1572/1721/1
f 1457/1728/1 1464/1729/1 1506/1730/1
f 1455/1731/1 1457/1728/1 1506/1730/1
f 1453/1732/1 1455/1731/1 1506/1730/1
f 1443/1733/1 1444/1734/1 1452/1735/1
f 1443/1733/1 1452/1735/1 1453/1732/1
f 1407/1736/1 1400/1737/1 1443/1733/1
f 1407/1736/1 1443/1733/1 1453/1732/1
f 1407/1736/1 1453/1732/1 1506/1730/1
f 1547/1653/1 1636/1720/1 1608/1738/1
f 1608/1738/1 1605/1739/1 1617/1740/1
f 1608/1738/1 1617/1740/1 1615/1741/1
f 1389/1742/1 1387/1743/1 1393/1744/1
f 1372/1745/1 1389/1742/1 1393/1744/1
f 1372/1745/1 1393/1744/1 1404/1746/1
f 1372/1745/1 1404/1746/1 1407/1736/1
f 1372/1745/1 1407/1736/1 1506/1730/1
f 1547/1653/1 1608/1738/1 1615/1741/1
f 1178/43/1 1547/1653/1 1615/1741/1
f 1178/43/1 1615/1741/1 1626/1747/1
f 1619/1748/1 1621/1749/1 1620/1750/1
f 1178/43/1 1626/1747/1 1619/1748/1
f 1619/1748/1 1620/1750/1 1624/1751/1
f 1619/1748/1 1624/1751/1 1614/1752/1
f 1379/1753/1 1370/1754/1 1375/1755/1
f 1368/1756/1 1367/1757/1 1379/1753/1
f 1357/1758/1 1359/1759/1 1368/1756/1
f 1355/1760/1 1362/1761/1 1357/1758/1
f 1358/1762/1 1363/1763/1 1355/1760/1
f 1365/1764/1 1382/1765/1 1356/1766/1
f 1358/1762/1 1355/1760/1 1357/1758/1
f 1369/1767/1 1365/1764/1 1356/1766/1
f 1356/1766/1 1358/1762/1 1357/1758/1
f 1357/1758/1 1368/1756/1 1379/1753/1
f 1379/1753/1 1375/1755/1 1373/1768/1
f 1357/1758/1 1379/1753/1 1373/1768/1
f 1369/1767/1 1356/1766/1 1357/1758/1
f 1371/1769/1 1366/1770/1 1369/1767/1
f 1391/1771/1 1385/1772/1 1371/1769/1
f 1392/1773/1 1394/1774/1 1391/1771/1
f 1397/1775/1 1406/1776/1 1392/1773/1
f 1408/1777/1 1397/1775/1 1392/1773/1
f 1392/1773/1 1391/1771/1 1371/1769/1
f 1371/1769/1 1369/1767/1 1357/1758/1
f 1357/1758/1 1373/1768/1 1372/1745/1
f 1357/1758/1 1372/1745/1 1506/1730/1
f 1392/1773/1 1371/1769/1 1357/1758/1
f 1398/1778/1 1408/1777/1 1392/1773/1
f 1421/1779/1 1402/1780/1 1399/1781/1
f 1398/1778/1 1392/1773/1 1357/1758/1
f 1421/1779/1 1399/1781/1 1398/1778/1
f 1454/1782/1 1445/1783/1 1421/1779/1
f 1481/1784/1 1465/1785/1 1454/1782/1
f 1505/1786/1 1503/1787/1 1487/1788/1
f 1487/1788/1 1481/1784/1 1454/1782/1
f 1454/1782/1 1421/1779/1 1398/1778/1
f 1398/1778/1 1357/1758/1 1506/1730/1
f 1398/1778/1 1506/1730/1 1504/1789/1
f 1487/1788/1 1454/1782/1 1398/1778/1
f 1505/1786/1 1487/1788/1 1398/1778/1
f 1398/1778/1 1504/1789/1 1523/1727/1
f 1398/1778/1 1523/1727/1 1572/1721/1
f 1505/1786/1 1398/1778/1 1572/1721/1
f 1505/1786/1 1572/1721/1 1558/1723/1
f 1550/1790/1 1529/1791/1 1524/1792/1
f 1524/1792/1 1505/1786/1 1558/1723/1
f 1524/1792/1 1558/1723/1 1564/1793/1
f 1566/1794/1 1552/1795/1 1550/1790/1
f 1550/1790/1 1524/1792/1 1564/1793/1
f 1550/1790/1 1564/1793/1 1561/1796/1
f 1575/1797/1 1566/1794/1 1550/1790/1
f 1634/1798/1 1600/1799/1 1576/1800/1
f 1576/1800/1 1575/1797/1 1550/1790/1
f 1550/1790/1 1561/1796/1 1563/1715/1
f 1178/43/1 1619/1748/1 1614/1752/1
f 1178/43/1 1614/1752/1 1616/1801/1
f 1550/1790/1 1563/1715/1 1178/43/1
f 1635/1802/1 1634/1798/1 1576/1800/1
f 1576/1800/1 1550/1790/1 1178/43/1
f 1178/43/1 1616/1801/1 1613/1803/1
f 1178/43/1 1613/1803/1 1612/1804/1
f 1635/1802/1 1576/1800/1 1178/43/1
f 1633/1805/1 1635/1802/1 1178/43/1
f 1178/43/1 1612/1804/1 1609/44/1
f 1632/45/1 1633/1805/1 1178/43/1
f 1217/1806/1 1219/1807/1 1268/1808/1
f 1268/1808/1 1220/1809/1 1221/1810/1
f 1221/1810/1 1223/1811/1 1225/1812/1
f 1225/1812/1 1216/1813/1 1227/1814/1
f 1227/1814/1 1228/1815/1 1213/1816/1
f 1225/1812/1 1227/1814/1 1213/1816/1
f 1268/1808/1 1221/1810/1 1225/1812/1
f 1218/1817/1 1217/1806/1 1268/1808/1
f 1215/1818/1 1224/1819/1 1218/1817/1
f 1214/1820/1 1212/1821/1 1226/1822/1
f 1215/1818/1 1218/1817/1 1268/1808/1
f 1214/1820/1 1226/1822/1 1215/1818/1
f 1233/1823/1 1198/1824/1 1214/1820/1
f 1233/1823/1 1214/1820/1 1215/1818/1
f 1215/1818/1 1268/1808/1 1225/1812/1
f 1215/1818/1 1225/1812/1 1213/1816/1
f 1233/1823/1 1215/1818/1 1213/1816/1
f 1233/1823/1 1213/1816/1 1234/1825/1
f 1232/1826/1 1233/1823/1 1234/1825/1
f 1232/1826/1 1234/1825/1 1235/1827/1
f 1189/1828/1 1193/1829/1 1231/1830/1
f 1231/1830/1 1232/1826/1 1235/1827/1
f 1236/1831/1 1237/1832/1 1238/1833/1
f 1231/1830/1 1235/1827/1 1236/1831/1
f 1187/1834/1 1189/1828/1 1231/1830/1
f 1181/1835/1 1183/1836/1 1187/1834/1
f 1181/1835/1 1187/1834/1 1231/1830/1
f 1231/1830/1 1236/1831/1 1238/1833/1
f 1231/1830/1 1238/1833/1 1239/1837/1
f 1182/1838/1 1181/1835/1 1231/1830/1
f 1186/1839/1 1182/1838/1 1231/1830/1
f 1231/1830/1 1239/1837/1 1240/1840/1
f 1241/1841/1 1199/1842/1 1200/1843/1
f 1186/1839/1 1231/1830/1 1240/1840/1
f 1241/1841/1 1200/1843/1 1201/1844/1
f 1185/1845/1 1186/1839/1 1240/1840/1
f 1177/1846/1 1188/1847/1 1195/1848/1
f 1943/1849/1 1942/1850/1 1180/1851/1
f 1944/1852/1 1943/1849/1 1180/1851/1
f 1177/1846/1 1195/1848/1 1184/1853/1
f 1177/1846/1 1184/1853/1 1185/1845/1
f 1945/1854/1 1944/1852/1 1180/1851/1
f 1946/1855/1 1945/1854/1 1180/1851/1
f 1179/1856/1 1177/1846/1 1185/1845/1
f 1179/1856/1 1185/1845/1 1240/1840/1
f 1934/1857/1 1946/1855/1 1180/1851/1
f 1935/1858/1 1934/1857/1 1180/1851/1
f 1179/1856/1 1240/1840/1 1241/1841/1
f 1179/1856/1 1241/1841/1 1201/1844/1
f 1933/1859/1 1935/1858/1 1180/1851/1
f 1929/1860/1 1933/1859/1 1180/1851/1
f 1179/1856/1 1201/1844/1 1202/1861/1
f 1179/1856/1 1202/1861/1 1203/1862/1
f 1931/1863/1 1929/1860/1 1180/1851/1
f 1955/1864/1 1931/1863/1 1180/1851/1
f 1179/1856/1 1203/1862/1 1204/1865/1
f 1205/1866/1 1206/1867/1 1207/1868/1
f 1179/1856/1 1204/1865/1 1205/1866/1
f 1954/1869/1 1955/1864/1 1180/1851/1
f 1953/1870/1 1954/1869/1 1180/1851/1
f 1179/1856/1 1205/1866/1 1207/1868/1
f 1207/1868/1 1208/1871/1 1209/1872/1
f 1209/1872/1 1242/1873/1 1211/1874/1
f 1209/1872/1 1211/1874/1 1210/1875/1
f 1953/1870/1 1180/1851/1 1179/1856/1
f 1952/1876/1 1953/1870/1 1179/1856/1
f 1207/1868/1 1209/1872/1 1210/1875/1
f 1207/1868/1 1210/1875/1 1243/1877/1
f 1951/1878/1 1952/1876/1 1179/1856/1
f 1922/1879/1 1924/1880/1 1950/1881/1
f 1950/1881/1 1951/1878/1 1179/1856/1
f 1179/1856/1 1207/1868/1 1243/1877/1
f 1179/1856/1 1243/1877/1 1244/1882/1
f 1922/1879/1 1950/1881/1 1179/1856/1
f 1956/1883/1 1923/1884/1 1922/1879/1
f 1956/1883/1 1922/1879/1 1179/1856/1
f 1179/1856/1 1244/1882/1 1245/1885/1
f 1699/1886/1 1698/1887/1 1697/1888/1
f 1179/1856/1 1245/1885/1 1699/1886/1
f 1957/1889/1 1956/1883/1 1179/1856/1
f 1958/1890/1 1957/1889/1 1179/1856/1
f 1179/1856/1 1699/1886/1 1697/1888/1
f 1697/1888/1 1681/1891/1 1680/1892/1
f 1680/1892/1 1678/1893/1 1677/1894/1
f 1697/1888/1 1680/1892/1 1677/1894/1
f 1858/1895/1 1958/1890/1 1179/1856/1
f 1856/1896/1 1858/1895/1 1179/1856/1
f 1179/1856/1 1697/1888/1 1677/1894/1
f 1179/1856/1 1677/1894/1 1679/1897/1
f 1862/1898/1 1856/1896/1 1179/1856/1
f 1960/1899/1 1862/1898/1 1179/1856/1
f 1179/1856/1 1679/1897/1 1666/1900/1
f 1666/1900/1 1667/1901/1 1664/1902/1
f 1664/1902/1 1665/1903/1 1660/1904/1
f 1660/1904/1 1661/1905/1 1656/1906/1
f 1664/1902/1 1660/1904/1 1656/1906/1
f 1959/1907/1 1960/1899/1 1179/1856/1
f 1838/1908/1 1831/1909/1 1959/1907/1
f 1769/1910/1 1817/1911/1 1838/1908/1
f 1746/1912/1 1766/1913/1 1769/1910/1
f 1747/1914/1 1746/1912/1 1769/1910/1
f 1769/1910/1 1838/1908/1 1959/1907/1
f 1666/1900/1 1664/1902/1 1656/1906/1
f 1666/1900/1 1656/1906/1 1651/1915/1
f 1769/1910/1 1959/1907/1 1179/1856/1
f 1737/1916/1 1747/1914/1 1769/1910/1
f 1662/1917/1 1672/1918/1 1737/1916/1
f 1654/1919/1 1662/1917/1 1737/1916/1
f 1737/1916/1 1769/1910/1 1179/1856/1
f 1179/1856/1 1666/1900/1 1651/1915/1
f 1179/1856/1 1651/1915/1 1650/1920/1
f 1654/1919/1 1737/1916/1 1179/1856/1
f 1648/1921/1 1654/1919/1 1179/1856/1
f 1179/1856/1 1650/1920/1 1652/1922/1
f 1179/1856/1 1652/1922/1 1655/1923/1
f 1647/1924/1 1648/1921/1 1179/1856/1
f 1646/1925/1 1647/1924/1 1179/1856/1
f 1179/1856/1 1655/1923/1 1657/1926/1
f 1179/1856/1 1657/1926/1 1659/1927/1
f 1649/1928/1 1646/1925/1 1179/1856/1
f 1653/1929/1 1649/1928/1 1179/1856/1
f 1179/1856/1 1659/1927/1 1658/1930/1
f 1179/1856/1 1658/1930/1 1703/1931/1
f 1708/1932/1 1653/1929/1 1179/1856/1
f 1710/1933/1 1709/1934/1 1708/1932/1
f 1675/1935/1 1711/1936/1 1710/1933/1
f 1676/1937/1 1674/1938/1 1675/1935/1
f 1706/1939/1 1707/1940/1 1673/1941/1
f 1676/1937/1 1675/1935/1 1710/1933/1
f 1705/1942/1 1706/1939/1 1673/1941/1
f 1676/1937/1 1710/1933/1 1708/1932/1
f 1705/1942/1 1673/1941/1 1676/1937/1
f 1683/1943/1 1701/1944/1 1704/1945/1
f 1705/1942/1 1676/1937/1 1708/1932/1
f 1683/1943/1 1704/1945/1 1705/1942/1
f 1695/1946/1 1696/1947/1 1682/1948/1
f 1682/1948/1 1683/1943/1 1705/1942/1
f 1705/1942/1 1708/1932/1 1179/1856/1
f 1179/1856/1 1703/1931/1 1702/1949/1
f 1670/1950/1 1663/1951/1 1668/1952/1
f 1179/1856/1 1702/1949/1 1670/1950/1
f 1682/1948/1 1705/1942/1 1179/1856/1
f 1692/1953/1 1695/1946/1 1682/1948/1
f 1690/1954/1 1692/1953/1 1682/1948/1
f 1682/1948/1 1179/1856/1 1670/1950/1
f 1670/1950/1 1668/1952/1 1669/1955/1
f 1670/1950/1 1669/1955/1 1671/1956/1
f 1690/1954/1 1682/1948/1 1670/1950/1
f 1729/1957/1 1686/1958/1 1688/48/1
f 1688/48/1 1690/1954/1 1670/1950/1
f 1670/1950/1 1671/1956/1 1700/46/1
f 1700/46/1 1694/1959/1 1693/1960/1
f 1693/1960/1 1691/1961/1 1684/1962/1
f 1689/1963/1 1685/1964/1 1687/1965/1
f 1700/46/1 1693/1960/1 1684/1962/1
f 1689/1963/1 1687/1965/1 1792/47/1
f 1700/46/1 1684/1962/1 1689/1963/1
f 1688/48/1 1670/1950/1 1700/46/1
f 1792/47/1 1729/1957/1 1688/48/1
f 1700/46/1 1689/1963/1 1792/47/1
